2026-09-30T17:57:01.609280Z celld-0 /cell/w1-544 done
2026-09-30T17:57:01.976290Z celld-0 /cell/w1-549 start
2026-09-30T17:57:01.976450Z celld-0 /cell/w1-549 stored
2026-09-30T17:57:01.976484Z celld-0 /cell/w1-549 facet
2026-09-30T17:57:02.506823Z celld-0 /cell/w1-545 done
2026-09-30T17:57:02.641314Z celld-0 /cell/w1-554 start
2026-09-30T17:57:02.641430Z celld-0 /cell/w1-554 stored
2026-09-30T17:57:02.641451Z celld-0 /cell/w1-554 facet
2026-09-30T17:57:02.642088Z celld-0 /cell/w1-552 start
2026-09-30T17:57:02.642355Z celld-0 /cell/w1-552 stored
2026-09-30T17:57:02.642381Z celld-0 /cell/w1-552 facet
2026-09-30T17:57:02.644327Z celld-0 /cell/w1-557 start
2026-09-30T17:57:02.644476Z celld-0 /cell/w1-557 stored
2026-09-30T17:57:02.644499Z celld-0 /cell/w1-557 facet
2026-09-30T17:57:03.439109Z celld-0 /cell/w1-549 done
2026-09-30T17:57:03.743777Z celld-0 /cell/w1-564 start
2026-09-30T17:57:03.743898Z celld-0 /cell/w1-564 stored
2026-09-30T17:57:03.743919Z celld-0 /cell/w1-564 facet
2026-09-30T17:57:03.846626Z celld-0 /cell/w1-562 start
2026-09-30T17:57:03.846845Z celld-0 /cell/w1-562 stored
2026-09-30T17:57:03.846875Z celld-0 /cell/w1-562 facet
2026-09-30T17:57:03.878684Z celld-0 /cell/w1-557 done
2026-09-30T17:57:03.888491Z celld-0 /cell/w1-552 done
2026-09-30T17:57:03.985642Z celld-0 /cell/w1-554 done
2026-09-30T17:57:04.458602Z celld-0 /cell/w1-564 done
2026-09-30T17:57:04.488278Z celld-0 /cell/w1-562 done
2026-09-30T17:57:05.808403Z celld-0 /cell/w1-577 start
2026-09-30T17:57:05.808558Z celld-0 /cell/w1-577 stored
2026-09-30T17:57:05.808600Z celld-0 /cell/w1-577 facet
2026-09-30T17:57:05.810470Z celld-0 /cell/w1-578 start
2026-09-30T17:57:05.810568Z celld-0 /cell/w1-578 stored
2026-09-30T17:57:05.810588Z celld-0 /cell/w1-578 facet
2026-09-30T17:57:06.102878Z celld-0 /cell/w1-579 start
2026-09-30T17:57:06.103022Z celld-0 /cell/w1-579 stored
2026-09-30T17:57:06.103064Z celld-0 /cell/w1-579 facet
2026-09-30T17:57:06.106460Z celld-0 /cell/w1-582 start
2026-09-30T17:57:06.106583Z celld-0 /cell/w1-582 stored
2026-09-30T17:57:06.106596Z celld-0 /cell/w1-582 facet
2026-09-30T17:57:06.107091Z celld-0 /cell/w1-583 start
2026-09-30T17:57:06.107373Z celld-0 /cell/w1-583 stored
2026-09-30T17:57:06.107388Z celld-0 /cell/w1-583 facet
2026-09-30T17:57:07.010518Z celld-0 /cell/w1-578 done
2026-09-30T17:57:07.281183Z celld-0 /cell/w1-582 done
2026-09-30T17:57:07.285926Z celld-0 /cell/w1-583 done
2026-09-30T17:57:07.289778Z celld-0 /cell/w1-577 done
2026-09-30T17:57:07.434513Z celld-0 /cell/w1-579 done
2026-09-30T17:57:07.500069Z celld-0 /cell/w1-585 start
2026-09-30T17:57:07.500261Z celld-0 /cell/w1-585 stored
2026-09-30T17:57:07.500327Z celld-0 /cell/w1-585 facet
2026-09-30T17:57:08.364691Z celld-0 /cell/w1-590 start
2026-09-30T17:57:08.364869Z celld-0 /cell/w1-590 stored
2026-09-30T17:57:08.364914Z celld-0 /cell/w1-590 facet
2026-09-30T17:57:08.542275Z celld-0 /cell/w1-595 start
2026-09-30T17:57:08.542443Z celld-0 /cell/w1-595 stored
2026-09-30T17:57:08.542477Z celld-0 /cell/w1-595 facet
2026-09-30T17:57:08.567957Z celld-0 /cell/w1-592 start
2026-09-30T17:57:08.568142Z celld-0 /cell/w1-592 stored
2026-09-30T17:57:08.568174Z celld-0 /cell/w1-592 facet
2026-09-30T17:57:08.583739Z celld-0 /cell/w1-594 start
2026-09-30T17:57:08.584024Z celld-0 /cell/w1-594 stored
2026-09-30T17:57:08.584193Z celld-0 /cell/w1-594 facet
2026-09-30T17:57:08.751871Z celld-0 /cell/w1-585 done
2026-09-30T17:57:08.812739Z celld-0 /cell/w1-596 start
2026-09-30T17:57:08.812853Z celld-0 /cell/w1-596 stored
2026-09-30T17:57:08.812874Z celld-0 /cell/w1-596 facet
2026-09-30T17:57:09.071975Z celld-0 /cell/w1-599 start
2026-09-30T17:57:09.072149Z celld-0 /cell/w1-599 stored
2026-09-30T17:57:09.072193Z celld-0 /cell/w1-599 facet
2026-09-30T17:57:09.625933Z celld-0 /cell/w1-590 done
2026-09-30T17:57:09.921359Z celld-0 /cell/w1-595 done
2026-09-30T17:57:09.949370Z celld-0 /cell/w1-592 done
2026-09-30T17:57:10.370801Z celld-0 /cell/w1-596 done
2026-09-30T17:57:10.391781Z celld-0 /cell/w1-594 done
2026-09-30T17:57:10.756203Z celld-0 /cell/w1-599 done
2026-09-30T17:57:11.007515Z celld-0 /cell/w1-605 start
2026-09-30T17:57:11.007630Z celld-0 /cell/w1-605 stored
2026-09-30T17:57:11.007661Z celld-0 /cell/w1-605 facet
2026-09-30T17:57:11.099225Z celld-0 /cell/w1-607 start
2026-09-30T17:57:11.099378Z celld-0 /cell/w1-607 stored
2026-09-30T17:57:11.099396Z celld-0 /cell/w1-607 facet
2026-09-30T17:57:11.628701Z celld-0 /cell/w1-610 start
2026-09-30T17:57:11.628849Z celld-0 /cell/w1-610 stored
2026-09-30T17:57:11.628875Z celld-0 /cell/w1-610 facet
2026-09-30T17:57:12.405609Z celld-0 /cell/w1-605 done
2026-09-30T17:57:12.545333Z celld-0 /cell/w1-612 start
2026-09-30T17:57:12.545482Z celld-0 /cell/w1-612 stored
2026-09-30T17:57:12.545497Z celld-0 /cell/w1-612 facet
2026-09-30T17:57:12.550574Z celld-0 /cell/w1-613 start
2026-09-30T17:57:12.550779Z celld-0 /cell/w1-613 stored
2026-09-30T17:57:12.550840Z celld-0 /cell/w1-613 facet
2026-09-30T17:57:12.645240Z celld-0 /cell/w1-607 done
2026-09-30T17:57:12.999628Z celld-0 /cell/w1-617 start
2026-09-30T17:57:12.999767Z celld-0 /cell/w1-617 stored
2026-09-30T17:57:12.999797Z celld-0 /cell/w1-617 facet
2026-09-30T17:57:13.130494Z celld-0 /cell/w1-610 done
2026-09-30T17:57:13.706110Z celld-0 /cell/w1-613 done
2026-09-30T17:57:13.717792Z celld-0 /cell/w1-612 done
2026-09-30T17:57:14.120021Z celld-0 /cell/w1-617 done
2026-09-30T17:57:14.436241Z celld-0 /cell/w1-626 start
2026-09-30T17:57:14.436477Z celld-0 /cell/w1-626 stored
2026-09-30T17:57:14.436503Z celld-0 /cell/w1-626 facet
2026-09-30T17:57:14.790224Z celld-0 /cell/w1-629 start
2026-09-30T17:57:14.790409Z celld-0 /cell/w1-629 stored
2026-09-30T17:57:14.790453Z celld-0 /cell/w1-629 facet
2026-09-30T17:57:15.710664Z celld-0 /cell/w1-634 start
2026-09-30T17:57:15.710848Z celld-0 /cell/w1-634 stored
2026-09-30T17:57:15.710893Z celld-0 /cell/w1-634 facet
2026-09-30T17:57:15.844676Z celld-0 /cell/w1-626 done
2026-09-30T17:57:16.048630Z celld-0 /cell/w1-635 start
2026-09-30T17:57:16.048804Z celld-0 /cell/w1-635 stored
2026-09-30T17:57:16.048846Z celld-0 /cell/w1-635 facet
2026-09-30T17:57:16.269545Z celld-0 /cell/w1-629 done
2026-09-30T17:57:16.274556Z celld-0 /cell/w1-637 start
2026-09-30T17:57:16.274722Z celld-0 /cell/w1-637 stored
2026-09-30T17:57:16.274756Z celld-0 /cell/w1-637 facet
2026-09-30T17:57:16.687349Z celld-0 /cell/w1-639 start
2026-09-30T17:57:16.687534Z celld-0 /cell/w1-639 stored
2026-09-30T17:57:16.687588Z celld-0 /cell/w1-639 facet
2026-09-30T17:57:16.787689Z celld-0 /cell/w1-640 start
2026-09-30T17:57:16.787820Z celld-0 /cell/w1-640 stored
2026-09-30T17:57:16.787855Z celld-0 /cell/w1-640 facet
2026-09-30T17:57:16.918228Z celld-0 /cell/w1-634 done
2026-09-30T17:57:17.359875Z celld-0 /cell/w1-643 start
2026-09-30T17:57:17.360000Z celld-0 /cell/w1-643 stored
2026-09-30T17:57:17.360021Z celld-0 /cell/w1-643 facet
2026-09-30T17:57:17.407055Z celld-0 /cell/w1-635 done
2026-09-30T17:57:17.489478Z celld-0 /cell/w1-637 done
2026-09-30T17:57:17.845111Z celld-0 /cell/w1-639 done
2026-09-30T17:57:18.035055Z celld-0 /cell/w1-640 done
2026-09-30T17:57:18.319035Z celld-0 /cell/w1-648 start
2026-09-30T17:57:18.319283Z celld-0 /cell/w1-648 stored
2026-09-30T17:57:18.319327Z celld-0 /cell/w1-648 facet
2026-09-30T17:57:18.320454Z celld-0 /cell/w1-647 start
2026-09-30T17:57:18.320809Z celld-0 /cell/w1-647 stored
2026-09-30T17:57:18.320824Z celld-0 /cell/w1-647 facet
2026-09-30T17:57:18.681806Z celld-0 /cell/w1-643 done
2026-09-30T17:57:19.050324Z celld-0 /cell/w1-654 start
2026-09-30T17:57:19.050477Z celld-0 /cell/w1-654 stored
2026-09-30T17:57:19.050525Z celld-0 /cell/w1-654 facet
2026-09-30T17:57:19.075780Z celld-0 /cell/w1-652 start
2026-09-30T17:57:19.075903Z celld-0 /cell/w1-652 stored
2026-09-30T17:57:19.075929Z celld-0 /cell/w1-652 facet
2026-09-30T17:57:19.084460Z celld-0 /cell/w1-651 start
2026-09-30T17:57:19.084571Z celld-0 /cell/w1-651 stored
2026-09-30T17:57:19.084631Z celld-0 /cell/w1-651 facet
2026-09-30T17:57:19.893596Z celld-0 /cell/w1-658 start
2026-09-30T17:57:19.893724Z celld-0 /cell/w1-658 stored
2026-09-30T17:57:19.893758Z celld-0 /cell/w1-658 facet
2026-09-30T17:57:20.195391Z celld-0 /cell/w1-662 start
2026-09-30T17:57:20.195559Z celld-0 /cell/w1-662 stored
2026-09-30T17:57:20.195573Z celld-0 /cell/w1-662 facet
2026-09-30T17:57:20.215017Z celld-0 /cell/w1-647 done
2026-09-30T17:57:20.518564Z celld-0 /cell/w1-654 done
2026-09-30T17:57:20.529906Z celld-0 /cell/w1-652 done
2026-09-30T17:57:20.636992Z celld-0 /cell/w1-648 done
2026-09-30T17:57:21.305031Z celld-0 /cell/w1-651 done
2026-09-30T17:57:21.307691Z celld-0 /cell/w1-663 start
2026-09-30T17:57:21.307823Z celld-0 /cell/w1-663 stored
2026-09-30T17:57:21.307840Z celld-0 /cell/w1-663 facet
2026-09-30T17:57:21.866257Z celld-0 /cell/w1-658 done
2026-09-30T17:57:22.311711Z celld-0 /cell/w1-662 done
2026-09-30T17:57:22.553635Z celld-0 /cell/w1-663 done
2026-09-30T17:57:22.675144Z celld-0 /cell/w1-670 start
2026-09-30T17:57:22.675315Z celld-0 /cell/w1-670 stored
2026-09-30T17:57:22.675345Z celld-0 /cell/w1-670 facet
2026-09-30T17:57:23.017143Z celld-0 /cell/w1-676 start
2026-09-30T17:57:23.017320Z celld-0 /cell/w1-676 stored
2026-09-30T17:57:23.017349Z celld-0 /cell/w1-676 facet
2026-09-30T17:57:23.392226Z celld-0 /cell/w1-678 start
2026-09-30T17:57:23.392387Z celld-0 /cell/w1-678 stored
2026-09-30T17:57:23.392419Z celld-0 /cell/w1-678 facet
2026-09-30T17:57:23.805506Z celld-0 /cell/w1-670 done
2026-09-30T17:57:24.202138Z celld-0 /cell/w1-676 done
2026-09-30T17:57:24.478001Z celld-0 /cell/w1-678 done
2026-09-30T17:57:26.352512Z celld-0 /cell/w1-688 start
2026-09-30T17:57:26.352628Z celld-0 /cell/w1-688 stored
2026-09-30T17:57:26.352650Z celld-0 /cell/w1-688 facet
2026-09-30T17:57:26.402209Z celld-0 /cell/w1-692 start
2026-09-30T17:57:26.402333Z celld-0 /cell/w1-692 stored
2026-09-30T17:57:26.402359Z celld-0 /cell/w1-692 facet
2026-09-30T17:57:26.433864Z celld-0 /cell/w1-689 start
2026-09-30T17:57:26.433961Z celld-0 /cell/w1-689 stored
2026-09-30T17:57:26.433985Z celld-0 /cell/w1-689 facet
2026-09-30T17:57:26.745739Z celld-0 /cell/w1-696 start
2026-09-30T17:57:26.745877Z celld-0 /cell/w1-696 stored
2026-09-30T17:57:26.745901Z celld-0 /cell/w1-696 facet
2026-09-30T17:57:27.299308Z celld-0 /cell/w1-688 done
2026-09-30T17:57:27.313446Z celld-0 /cell/w1-692 done
2026-09-30T17:57:27.382009Z celld-0 /cell/w1-689 done
2026-09-30T17:57:27.769822Z celld-0 /cell/w1-696 done
2026-09-30T17:57:28.182502Z celld-0 /cell/w1-699 start
2026-09-30T17:57:28.182635Z celld-0 /cell/w1-699 stored
2026-09-30T17:57:28.182659Z celld-0 /cell/w1-699 facet
2026-09-30T17:57:28.727447Z celld-0 /cell/w1-703 start
2026-09-30T17:57:28.727553Z celld-0 /cell/w1-703 stored
2026-09-30T17:57:28.727575Z celld-0 /cell/w1-703 facet
2026-09-30T17:57:29.111765Z celld-0 /cell/w1-699 done
2026-09-30T17:57:29.139414Z celld-0 /cell/w1-707 start
2026-09-30T17:57:29.139664Z celld-0 /cell/w1-707 stored
2026-09-30T17:57:29.139717Z celld-0 /cell/w1-707 facet
2026-09-30T17:57:29.314980Z celld-0 /cell/w1-709 start
2026-09-30T17:57:29.315110Z celld-0 /cell/w1-709 stored
2026-09-30T17:57:29.315132Z celld-0 /cell/w1-709 facet
2026-09-30T17:57:29.317054Z celld-0 /cell/w1-708 start
2026-09-30T17:57:29.317173Z celld-0 /cell/w1-708 stored
2026-09-30T17:57:29.317202Z celld-0 /cell/w1-708 facet
2026-09-30T17:57:29.691773Z celld-0 /cell/w1-703 done
2026-09-30T17:57:29.849059Z celld-0 /cell/w1-712 start
2026-09-30T17:57:29.849264Z celld-0 /cell/w1-712 stored
2026-09-30T17:57:29.849309Z celld-0 /cell/w1-712 facet
2026-09-30T17:57:30.062647Z celld-0 /cell/w1-707 done
2026-09-30T17:57:30.256829Z celld-0 /cell/w1-709 done
2026-09-30T17:57:30.615202Z celld-0 /cell/w1-708 done
2026-09-30T17:57:31.519872Z celld-0 /cell/w1-715 start
2026-09-30T17:57:31.520058Z celld-0 /cell/w1-715 stored
2026-09-30T17:57:31.520105Z celld-0 /cell/w1-715 facet
2026-09-30T17:57:31.545913Z celld-0 /cell/w1-712 done
2026-09-30T17:57:31.678936Z celld-0 /cell/w1-718 start
2026-09-30T17:57:31.679200Z celld-0 /cell/w1-718 stored
2026-09-30T17:57:31.679246Z celld-0 /cell/w1-718 facet
2026-09-30T17:57:32.685901Z celld-0 /cell/w1-715 done
2026-09-30T17:57:32.808705Z celld-0 /cell/w1-718 done
2026-09-30T17:57:33.785504Z celld-0 /cell/w1-724 start
2026-09-30T17:57:33.785675Z celld-0 /cell/w1-724 stored
2026-09-30T17:57:33.785713Z celld-0 /cell/w1-724 facet
2026-09-30T17:57:34.078651Z celld-0 /cell/w1-725 start
2026-09-30T17:57:34.078784Z celld-0 /cell/w1-725 stored
2026-09-30T17:57:34.078805Z celld-0 /cell/w1-725 facet
2026-09-30T17:57:34.726243Z celld-0 /cell/w1-730 start
2026-09-30T17:57:34.726424Z celld-0 /cell/w1-730 stored
2026-09-30T17:57:34.726468Z celld-0 /cell/w1-730 facet
2026-09-30T17:57:34.890905Z celld-0 /cell/w1-724 done
2026-09-30T17:57:35.457295Z celld-0 /cell/w1-725 done
2026-09-30T17:57:36.034437Z celld-0 /cell/w1-733 start
2026-09-30T17:57:36.034586Z celld-0 /cell/w1-733 stored
2026-09-30T17:57:36.034618Z celld-0 /cell/w1-733 facet
2026-09-30T17:57:36.421317Z celld-0 /cell/w1-730 done
2026-09-30T17:57:36.764915Z celld-0 /cell/w1-736 start
2026-09-30T17:57:36.765171Z celld-0 /cell/w1-736 stored
2026-09-30T17:57:36.765240Z celld-0 /cell/w1-736 facet
2026-09-30T17:57:36.817485Z celld-0 /cell/w1-738 start
2026-09-30T17:57:36.817608Z celld-0 /cell/w1-738 stored
2026-09-30T17:57:36.817625Z celld-0 /cell/w1-738 facet
2026-09-30T17:57:37.165228Z celld-0 /cell/w1-733 done
2026-09-30T17:57:37.570019Z celld-0 /cell/w1-743 start
2026-09-30T17:57:37.570187Z celld-0 /cell/w1-743 stored
2026-09-30T17:57:37.570254Z celld-0 /cell/w1-743 facet
2026-09-30T17:57:37.784658Z celld-0 /cell/w1-738 done
2026-09-30T17:57:37.827349Z celld-0 /cell/w1-736 done
2026-09-30T17:57:38.285011Z celld-0 /cell/w1-748 start
2026-09-30T17:57:38.285279Z celld-0 /cell/w1-748 stored
2026-09-30T17:57:38.285334Z celld-0 /cell/w1-748 facet
2026-09-30T17:57:38.321991Z celld-0 /cell/w1-749 start
2026-09-30T17:57:38.322109Z celld-0 /cell/w1-749 stored
2026-09-30T17:57:38.322128Z celld-0 /cell/w1-749 facet
2026-09-30T17:57:38.461724Z celld-0 /cell/w1-743 done
2026-09-30T17:57:39.132528Z celld-0 /cell/w1-750 start
2026-09-30T17:57:39.132675Z celld-0 /cell/w1-750 stored
2026-09-30T17:57:39.132698Z celld-0 /cell/w1-750 facet
2026-09-30T17:57:39.532103Z celld-0 /cell/w1-754 start
2026-09-30T17:57:39.532294Z celld-0 /cell/w1-754 stored
2026-09-30T17:57:39.532340Z celld-0 /cell/w1-754 facet
2026-09-30T17:57:39.556880Z celld-0 /cell/w1-748 done
2026-09-30T17:57:39.603731Z celld-0 /cell/w1-749 done
2026-09-30T17:57:40.231606Z celld-0 /cell/w1-750 done
2026-09-30T17:57:40.524252Z celld-0 /cell/w1-754 done
2026-09-30T17:57:40.611679Z celld-0 /cell/w1-758 start
2026-09-30T17:57:40.611869Z celld-0 /cell/w1-758 stored
2026-09-30T17:57:40.611911Z celld-0 /cell/w1-758 facet
2026-09-30T17:57:41.296366Z celld-0 /cell/w1-765 start
2026-09-30T17:57:41.296480Z celld-0 /cell/w1-765 stored
2026-09-30T17:57:41.296527Z celld-0 /cell/w1-765 facet
2026-09-30T17:57:41.504769Z celld-0 /cell/w1-767 start
2026-09-30T17:57:41.504910Z celld-0 /cell/w1-767 stored
2026-09-30T17:57:41.504930Z celld-0 /cell/w1-767 facet
2026-09-30T17:57:41.666762Z celld-0 /cell/w1-758 done
2026-09-30T17:57:42.790255Z celld-0 /cell/w1-765 done
2026-09-30T17:57:42.882806Z celld-0 /cell/w1-767 done
2026-09-30T17:57:43.540083Z celld-0 /cell/w1-775 start
2026-09-30T17:57:43.540270Z celld-0 /cell/w1-775 stored
2026-09-30T17:57:43.540299Z celld-0 /cell/w1-775 facet
2026-09-30T17:57:43.578720Z celld-0 /cell/w1-773 start
2026-09-30T17:57:43.578838Z celld-0 /cell/w1-773 stored
2026-09-30T17:57:43.578854Z celld-0 /cell/w1-773 facet
2026-09-30T17:57:44.264210Z celld-0 /cell/w1-776 start
2026-09-30T17:57:44.264363Z celld-0 /cell/w1-776 stored
2026-09-30T17:57:44.264381Z celld-0 /cell/w1-776 facet
2026-09-30T17:57:44.470720Z celld-0 /cell/w1-780 start
2026-09-30T17:57:44.470845Z celld-0 /cell/w1-780 stored
2026-09-30T17:57:44.470861Z celld-0 /cell/w1-780 facet
2026-09-30T17:57:44.680804Z celld-0 /cell/w1-773 done
2026-09-30T17:57:44.698275Z celld-0 /cell/w1-775 done
2026-09-30T17:57:45.477453Z celld-0 /cell/w1-776 done
2026-09-30T17:57:45.718783Z celld-0 /cell/w1-787 start
2026-09-30T17:57:45.719004Z celld-0 /cell/w1-787 stored
2026-09-30T17:57:45.719056Z celld-0 /cell/w1-787 facet
2026-09-30T17:57:45.846062Z celld-0 /cell/w1-780 done
2026-09-30T17:57:46.362818Z celld-0 /cell/w1-788 start
2026-09-30T17:57:46.362967Z celld-0 /cell/w1-788 stored
2026-09-30T17:57:46.362993Z celld-0 /cell/w1-788 facet
2026-09-30T17:57:46.571660Z celld-0 /cell/w1-790 start
2026-09-30T17:57:46.571782Z celld-0 /cell/w1-790 stored
2026-09-30T17:57:46.571810Z celld-0 /cell/w1-790 facet
2026-09-30T17:57:47.193853Z celld-0 /cell/w1-787 done
2026-09-30T17:57:47.252714Z celld-0 /cell/w1-793 start
2026-09-30T17:57:47.252894Z celld-0 /cell/w1-793 stored
2026-09-30T17:57:47.252933Z celld-0 /cell/w1-793 facet
2026-09-30T17:57:47.561258Z celld-0 /cell/w1-788 done
2026-09-30T17:57:47.746522Z celld-0 /cell/w1-790 done
2026-09-30T17:57:48.437634Z celld-0 /cell/w1-793 done
2026-09-30T17:57:49.077167Z celld-0 /cell/w1-803 start
2026-09-30T17:57:49.077281Z celld-0 /cell/w1-803 stored
2026-09-30T17:57:49.077297Z celld-0 /cell/w1-803 facet
2026-09-30T17:57:49.077839Z celld-0 /cell/w1-802 start
2026-09-30T17:57:49.077928Z celld-0 /cell/w1-802 stored
2026-09-30T17:57:49.077942Z celld-0 /cell/w1-802 facet
2026-09-30T17:57:49.317727Z celld-0 /cell/w1-804 start
2026-09-30T17:57:49.317894Z celld-0 /cell/w1-804 stored
2026-09-30T17:57:49.317959Z celld-0 /cell/w1-804 facet
2026-09-30T17:57:49.864523Z celld-0 /cell/w1-803 done
2026-09-30T17:57:49.935807Z celld-0 /cell/w1-802 done
2026-09-30T17:57:50.220857Z celld-0 /cell/w1-804 done
2026-09-30T17:57:50.367459Z celld-0 /cell/w1-810 start
2026-09-30T17:57:50.367696Z celld-0 /cell/w1-810 stored
2026-09-30T17:57:50.367720Z celld-0 /cell/w1-810 facet
2026-09-30T17:57:51.126684Z celld-0 /cell/w1-812 start
2026-09-30T17:57:51.126826Z celld-0 /cell/w1-812 stored
2026-09-30T17:57:51.126857Z celld-0 /cell/w1-812 facet
2026-09-30T17:57:51.565981Z celld-0 /cell/w1-814 start
2026-09-30T17:57:51.566184Z celld-0 /cell/w1-814 stored
2026-09-30T17:57:51.566229Z celld-0 /cell/w1-814 facet
2026-09-30T17:57:51.879296Z celld-0 /cell/w1-821 start
2026-09-30T17:57:51.879404Z celld-0 /cell/w1-821 stored
2026-09-30T17:57:51.879419Z celld-0 /cell/w1-821 facet
2026-09-30T17:57:52.260804Z celld-0 /cell/w1-810 done
2026-09-30T17:57:52.616615Z celld-0 /cell/w1-812 done
2026-09-30T17:57:52.751429Z celld-0 /cell/w1-814 done
2026-09-30T17:57:53.360089Z celld-0 /cell/w1-821 done
2026-09-30T17:57:53.915668Z celld-0 /cell/w1-826 start
2026-09-30T17:57:53.915798Z celld-0 /cell/w1-826 stored
2026-09-30T17:57:53.915819Z celld-0 /cell/w1-826 facet
2026-09-30T17:57:54.016470Z celld-0 /cell/w1-827 start
2026-09-30T17:57:54.016616Z celld-0 /cell/w1-827 stored
2026-09-30T17:57:54.016667Z celld-0 /cell/w1-827 facet
2026-09-30T17:57:55.095635Z celld-0 /cell/w1-833 start
2026-09-30T17:57:55.095810Z celld-0 /cell/w1-833 stored
2026-09-30T17:57:55.095868Z celld-0 /cell/w1-833 facet
2026-09-30T17:57:55.097521Z celld-0 /cell/w1-834 start
2026-09-30T17:57:55.097723Z celld-0 /cell/w1-834 stored
2026-09-30T17:57:55.097750Z celld-0 /cell/w1-834 facet
2026-09-30T17:57:55.253573Z celld-0 /cell/w1-827 done
2026-09-30T17:57:55.331792Z celld-0 /cell/w1-826 done
2026-09-30T17:57:55.993525Z celld-0 /cell/w1-833 done
2026-09-30T17:57:56.126786Z celld-0 /cell/w1-834 done
2026-09-30T17:57:56.905441Z celld-0 /cell/w1-841 start
2026-09-30T17:57:56.905546Z celld-0 /cell/w1-841 stored
2026-09-30T17:57:56.905567Z celld-0 /cell/w1-841 facet
2026-09-30T17:57:57.183830Z celld-0 /cell/w1-841 done
2026-09-30T17:57:59.152547Z celld-0 /cell/w1-848 start
2026-09-30T17:57:59.152695Z celld-0 /cell/w1-848 stored
2026-09-30T17:57:59.152728Z celld-0 /cell/w1-848 facet
2026-09-30T17:57:59.516363Z celld-0 /cell/w1-848 done
2026-09-30T17:57:59.948342Z celld-0 /cell/w1-850 start
2026-09-30T17:57:59.948449Z celld-0 /cell/w1-850 stored
2026-09-30T17:57:59.948475Z celld-0 /cell/w1-850 facet
2026-09-30T17:58:00.459328Z celld-0 /cell/w1-853 start
2026-09-30T17:58:00.459485Z celld-0 /cell/w1-853 stored
2026-09-30T17:58:00.459499Z celld-0 /cell/w1-853 facet
2026-09-30T17:58:00.741950Z celld-0 /cell/w1-850 done
2026-09-30T17:58:01.096366Z celld-0 /cell/w1-855 start
2026-09-30T17:58:01.096529Z celld-0 /cell/w1-855 stored
2026-09-30T17:58:01.096559Z celld-0 /cell/w1-855 facet
2026-09-30T17:58:01.656290Z celld-0 /cell/w1-853 done
2026-09-30T17:58:02.240053Z celld-0 /cell/w1-857 start
2026-09-30T17:58:02.240297Z celld-0 /cell/w1-857 stored
2026-09-30T17:58:02.240321Z celld-0 /cell/w1-857 facet
2026-09-30T17:58:02.388543Z celld-0 /cell/w1-855 done
2026-09-30T17:58:03.035658Z celld-0 /cell/w1-857 done
2026-09-30T17:58:03.799770Z celld-0 /cell/w1-862 start
2026-09-30T17:58:03.799886Z celld-0 /cell/w1-862 stored
2026-09-30T17:58:03.799926Z celld-0 /cell/w1-862 facet
2026-09-30T17:58:04.497718Z celld-0 /cell/w1-865 start
2026-09-30T17:58:04.497890Z celld-0 /cell/w1-865 stored
2026-09-30T17:58:04.497918Z celld-0 /cell/w1-865 facet
2026-09-30T17:58:04.636946Z celld-0 /cell/w1-866 start
2026-09-30T17:58:04.637098Z celld-0 /cell/w1-866 stored
2026-09-30T17:58:04.637131Z celld-0 /cell/w1-866 facet
2026-09-30T17:58:04.672695Z celld-0 /cell/w1-862 done
2026-09-30T17:58:05.031174Z celld-0 /cell/w1-865 done
2026-09-30T17:58:05.302305Z celld-0 /cell/w1-866 done
2026-09-30T17:58:05.552697Z celld-0 /cell/w1-867 start
2026-09-30T17:58:05.552826Z celld-0 /cell/w1-867 stored
2026-09-30T17:58:05.552839Z celld-0 /cell/w1-867 facet
2026-09-30T17:58:06.606085Z celld-0 /cell/w1-869 start
2026-09-30T17:58:06.606221Z celld-0 /cell/w1-869 stored
2026-09-30T17:58:06.606255Z celld-0 /cell/w1-869 facet
2026-09-30T17:58:07.097287Z celld-0 /cell/w1-867 done
2026-09-30T17:58:07.490838Z celld-0 /cell/w1-869 done
2026-09-30T17:58:08.893461Z celld-0 /cell/w1-878 start
2026-09-30T17:58:08.893659Z celld-0 /cell/w1-878 stored
2026-09-30T17:58:08.893690Z celld-0 /cell/w1-878 facet
2026-09-30T17:58:09.451139Z celld-0 /cell/w1-882 start
2026-09-30T17:58:09.451552Z celld-0 /cell/w1-882 stored
2026-09-30T17:58:09.451591Z celld-0 /cell/w1-882 facet
2026-09-30T17:58:09.488824Z celld-0 /cell/w1-880 start
2026-09-30T17:58:09.489004Z celld-0 /cell/w1-880 stored
2026-09-30T17:58:09.489076Z celld-0 /cell/w1-880 facet
2026-09-30T17:58:09.645332Z celld-0 /cell/w1-878 done
2026-09-30T17:58:10.193330Z celld-0 /cell/w1-882 done
2026-09-30T17:58:10.225939Z celld-0 /cell/w1-880 done
2026-09-30T17:58:13.290278Z celld-0 /cell/w1-890 start
2026-09-30T17:58:13.290380Z celld-0 /cell/w1-890 stored
2026-09-30T17:58:13.290394Z celld-0 /cell/w1-890 facet
2026-09-30T17:58:13.895544Z celld-0 /cell/w1-890 done
2026-09-30T17:58:15.015315Z celld-0 /cell/w1-895 start
2026-09-30T17:58:15.015425Z celld-0 /cell/w1-895 stored
2026-09-30T17:58:15.015445Z celld-0 /cell/w1-895 facet
2026-09-30T17:58:15.337360Z celld-0 /cell/w1-895 done
2026-09-30T17:55:35.909066Z celld-1 /cell/w1-8 start
2026-09-30T17:55:35.909283Z celld-1 /cell/w1-8 stored
2026-09-30T17:55:35.909352Z celld-1 /cell/w1-8 facet
2026-09-30T17:55:35.912367Z celld-1 /cell/w1-2 start
2026-09-30T17:55:35.912595Z celld-1 /cell/w1-2 stored
2026-09-30T17:55:35.912683Z celld-1 /cell/w1-2 facet
2026-09-30T17:55:35.925489Z celld-1 /cell/w1-21 start
2026-09-30T17:55:35.925749Z celld-1 /cell/w1-21 stored
2026-09-30T17:55:35.925813Z celld-1 /cell/w1-21 facet
2026-09-30T17:55:35.951871Z celld-1 /cell/w1-1 start
2026-09-30T17:55:35.952158Z celld-1 /cell/w1-1 stored
2026-09-30T17:55:35.952262Z celld-1 /cell/w1-1 facet
2026-09-30T17:55:35.972772Z celld-1 /cell/w1-23 start
2026-09-30T17:55:35.973046Z celld-1 /cell/w1-23 stored
2026-09-30T17:55:35.973133Z celld-1 /cell/w1-23 facet
2026-09-30T17:55:36.087759Z celld-1 /cell/w1-24 start
2026-09-30T17:55:36.087946Z celld-1 /cell/w1-24 stored
2026-09-30T17:55:36.087991Z celld-1 /cell/w1-24 facet
2026-09-30T17:55:37.660087Z celld-1 /cell/w1-8 done
2026-09-30T17:55:37.660626Z celld-1 /cell/w1-2 done
2026-09-30T17:55:37.660886Z celld-1 /cell/w1-21 done
2026-09-30T17:55:37.661531Z celld-1 /cell/w1-23 done
2026-09-30T17:55:37.661690Z celld-1 /cell/w1-1 done
2026-09-30T17:55:37.728712Z celld-1 /cell/w1-25 start
2026-09-30T17:55:37.728848Z celld-1 /cell/w1-25 stored
2026-09-30T17:55:37.728888Z celld-1 /cell/w1-25 facet
2026-09-30T17:55:38.215149Z celld-1 /cell/w1-24 done
2026-09-30T17:55:38.378708Z celld-1 /cell/w1-31 start
2026-09-30T17:55:38.378950Z celld-1 /cell/w1-31 stored
2026-09-30T17:55:38.379024Z celld-1 /cell/w1-31 facet
2026-09-30T17:55:38.379781Z celld-1 /cell/w1-27 start
2026-09-30T17:55:38.380119Z celld-1 /cell/w1-27 stored
2026-09-30T17:55:38.380165Z celld-1 /cell/w1-27 facet
2026-09-30T17:55:38.676062Z celld-1 /cell/w1-37 start
2026-09-30T17:55:38.676404Z celld-1 /cell/w1-37 stored
2026-09-30T17:55:38.676492Z celld-1 /cell/w1-37 facet
2026-09-30T17:55:38.681022Z celld-1 /cell/w1-33 start
2026-09-30T17:55:38.681116Z celld-1 /cell/w1-33 stored
2026-09-30T17:55:38.681135Z celld-1 /cell/w1-33 facet
2026-09-30T17:55:38.682841Z celld-1 /cell/w1-38 start
2026-09-30T17:55:38.682984Z celld-1 /cell/w1-38 stored
2026-09-30T17:55:38.683003Z celld-1 /cell/w1-38 facet
2026-09-30T17:55:38.683465Z celld-1 /cell/w1-39 start
2026-09-30T17:55:38.683630Z celld-1 /cell/w1-39 stored
2026-09-30T17:55:38.683647Z celld-1 /cell/w1-39 facet
2026-09-30T17:55:38.943666Z celld-1 /cell/w1-42 start
2026-09-30T17:55:38.943834Z celld-1 /cell/w1-42 stored
2026-09-30T17:55:38.943850Z celld-1 /cell/w1-42 facet
2026-09-30T17:55:38.999862Z celld-1 /cell/w1-25 done
2026-09-30T17:55:39.417713Z celld-1 /cell/w1-43 start
2026-09-30T17:55:39.417860Z celld-1 /cell/w1-43 stored
2026-09-30T17:55:39.417976Z celld-1 /cell/w1-43 facet
2026-09-30T17:55:39.803447Z celld-1 /cell/w1-44 start
2026-09-30T17:55:39.803696Z celld-1 /cell/w1-44 stored
2026-09-30T17:55:39.803744Z celld-1 /cell/w1-44 facet
2026-09-30T17:55:39.804435Z celld-1 /cell/w1-46 start
2026-09-30T17:55:39.804770Z celld-1 /cell/w1-46 stored
2026-09-30T17:55:39.804794Z celld-1 /cell/w1-46 facet
2026-09-30T17:55:40.502798Z celld-1 /cell/w1-49 start
2026-09-30T17:55:40.503010Z celld-1 /cell/w1-49 stored
2026-09-30T17:55:40.503052Z celld-1 /cell/w1-49 facet
2026-09-30T17:55:40.558774Z celld-1 /cell/w1-37 done
2026-09-30T17:55:40.559107Z celld-1 /cell/w1-31 done
2026-09-30T17:55:40.559361Z celld-1 /cell/w1-27 done
2026-09-30T17:55:41.112969Z celld-1 /cell/w1-56 start
2026-09-30T17:55:41.113130Z celld-1 /cell/w1-56 stored
2026-09-30T17:55:41.113181Z celld-1 /cell/w1-56 facet
2026-09-30T17:55:41.181796Z celld-1 /cell/w1-57 start
2026-09-30T17:55:41.182058Z celld-1 /cell/w1-57 stored
2026-09-30T17:55:41.182107Z celld-1 /cell/w1-57 facet
2026-09-30T17:55:41.182720Z celld-1 /cell/w1-55 start
2026-09-30T17:55:41.182939Z celld-1 /cell/w1-55 stored
2026-09-30T17:55:41.182951Z celld-1 /cell/w1-55 facet
2026-09-30T17:55:41.687540Z celld-1 /cell/w1-42 done
2026-09-30T17:55:41.687966Z celld-1 /cell/w1-38 done
2026-09-30T17:55:41.688176Z celld-1 /cell/w1-33 done
2026-09-30T17:55:41.688372Z celld-1 /cell/w1-39 done
2026-09-30T17:55:42.152723Z celld-1 /cell/w1-43 done
2026-09-30T17:55:42.313203Z celld-1 /cell/w1-65 start
2026-09-30T17:55:42.313321Z celld-1 /cell/w1-65 stored
2026-09-30T17:55:42.313344Z celld-1 /cell/w1-65 facet
2026-09-30T17:55:42.616444Z celld-1 /cell/w1-44 done
2026-09-30T17:55:42.616903Z celld-1 /cell/w1-46 done
2026-09-30T17:55:42.617039Z celld-1 /cell/w1-49 done
2026-09-30T17:55:43.428510Z celld-1 /cell/w1-55 done
2026-09-30T17:55:43.617650Z celld-1 /cell/w1-56 done
2026-09-30T17:55:43.618026Z celld-1 /cell/w1-57 done
2026-09-30T17:55:43.650144Z celld-1 /cell/w1-67 start
2026-09-30T17:55:43.650369Z celld-1 /cell/w1-67 stored
2026-09-30T17:55:43.650425Z celld-1 /cell/w1-67 facet
2026-09-30T17:55:43.692861Z celld-1 /cell/w1-68 start
2026-09-30T17:55:43.692991Z celld-1 /cell/w1-68 stored
2026-09-30T17:55:43.693014Z celld-1 /cell/w1-68 facet
2026-09-30T17:55:44.089876Z celld-1 /cell/w1-69 start
2026-09-30T17:55:44.090078Z celld-1 /cell/w1-69 stored
2026-09-30T17:55:44.090128Z celld-1 /cell/w1-69 facet
2026-09-30T17:55:44.094065Z celld-1 /cell/w1-74 start
2026-09-30T17:55:44.094212Z celld-1 /cell/w1-74 stored
2026-09-30T17:55:44.094250Z celld-1 /cell/w1-74 facet
2026-09-30T17:55:44.259658Z celld-1 /cell/w1-76 start
2026-09-30T17:55:44.259769Z celld-1 /cell/w1-76 stored
2026-09-30T17:55:44.259790Z celld-1 /cell/w1-76 facet
2026-09-30T17:55:44.385342Z celld-1 /cell/w1-77 start
2026-09-30T17:55:44.385466Z celld-1 /cell/w1-77 stored
2026-09-30T17:55:44.385493Z celld-1 /cell/w1-77 facet
2026-09-30T17:55:44.566506Z celld-1 /cell/w1-65 done
2026-09-30T17:55:45.054569Z celld-1 /cell/w1-81 start
2026-09-30T17:55:45.054713Z celld-1 /cell/w1-81 stored
2026-09-30T17:55:45.054764Z celld-1 /cell/w1-81 facet
2026-09-30T17:55:45.388332Z celld-1 /cell/w1-84 start
2026-09-30T17:55:45.388563Z celld-1 /cell/w1-84 stored
2026-09-30T17:55:45.388622Z celld-1 /cell/w1-84 facet
2026-09-30T17:55:45.564726Z celld-1 /cell/w1-87 start
2026-09-30T17:55:45.564994Z celld-1 /cell/w1-87 stored
2026-09-30T17:55:45.565008Z celld-1 /cell/w1-87 facet
2026-09-30T17:55:45.760166Z celld-1 /cell/w1-67 done
2026-09-30T17:55:45.760429Z celld-1 /cell/w1-68 done
2026-09-30T17:55:45.991609Z celld-1 /cell/w1-69 done
2026-09-30T17:55:45.991866Z celld-1 /cell/w1-74 done
2026-09-30T17:55:46.019192Z celld-1 /cell/w1-90 start
2026-09-30T17:55:46.019435Z celld-1 /cell/w1-90 stored
2026-09-30T17:55:46.019493Z celld-1 /cell/w1-90 load
2026-09-30T17:55:46.019561Z celld-1 /cell/w1-90 facet
2026-09-30T17:55:46.026426Z celld-1 /cell/w1-90 loaded
2026-09-30T17:55:46.051339Z celld-1 /cell/w1-92 start
2026-09-30T17:55:46.051475Z celld-1 /cell/w1-92 stored
2026-09-30T17:55:46.051512Z celld-1 /cell/w1-92 facet
2026-09-30T17:55:46.244175Z celld-1 /cell/w1-76 done
2026-09-30T17:55:46.579167Z celld-1 /cell/w1-77 done
2026-09-30T17:55:46.710012Z celld-1 /cell/w1-94 start
2026-09-30T17:55:46.710232Z celld-1 /cell/w1-94 stored
2026-09-30T17:55:46.710313Z celld-1 /cell/w1-94 facet
2026-09-30T17:55:47.755861Z celld-1 /cell/w1-97 start
2026-09-30T17:55:47.756116Z celld-1 /cell/w1-97 stored
2026-09-30T17:55:47.756191Z celld-1 /cell/w1-97 facet
2026-09-30T17:55:47.786398Z celld-1 /cell/w1-99 start
2026-09-30T17:55:47.786570Z celld-1 /cell/w1-99 stored
2026-09-30T17:55:47.786659Z celld-1 /cell/w1-99 facet
2026-09-30T17:55:47.831117Z celld-1 /cell/w1-98 start
2026-09-30T17:55:47.831288Z celld-1 /cell/w1-98 stored
2026-09-30T17:55:47.831378Z celld-1 /cell/w1-98 facet
2026-09-30T17:55:47.943452Z celld-1 /cell/w1-81 done
2026-09-30T17:55:47.943742Z celld-1 /cell/w1-84 done
2026-09-30T17:55:48.447646Z celld-1 /cell/w1-101 start
2026-09-30T17:55:48.447788Z celld-1 /cell/w1-101 stored
2026-09-30T17:55:48.447812Z celld-1 /cell/w1-101 facet
2026-09-30T17:55:48.830621Z celld-1 /cell/w1-87 done
2026-09-30T17:55:48.830744Z celld-1 /cell/w1-92 done
2026-09-30T17:55:49.321546Z celld-1 /cell/w1-109 start
2026-09-30T17:55:49.321759Z celld-1 /cell/w1-109 stored
2026-09-30T17:55:49.321788Z celld-1 /cell/w1-109 facet
2026-09-30T17:55:49.839890Z celld-1 /cell/w1-90 done
2026-09-30T17:55:49.840470Z celld-1 /cell/w1-94 done
2026-09-30T17:55:49.991864Z celld-1 /cell/w1-115 start
2026-09-30T17:55:49.992035Z celld-1 /cell/w1-115 stored
2026-09-30T17:55:49.992090Z celld-1 /cell/w1-115 facet
2026-09-30T17:55:50.731102Z celld-1 /cell/w1-98 done
2026-09-30T17:55:50.731414Z celld-1 /cell/w1-97 done
2026-09-30T17:55:50.731641Z celld-1 /cell/w1-101 done
2026-09-30T17:55:50.731792Z celld-1 /cell/w1-99 done
2026-09-30T17:55:50.912295Z celld-1 /cell/w1-120 start
2026-09-30T17:55:50.912563Z celld-1 /cell/w1-120 stored
2026-09-30T17:55:50.912613Z celld-1 /cell/w1-120 facet
2026-09-30T17:55:50.917480Z celld-1 /cell/w1-121 start
2026-09-30T17:55:50.917629Z celld-1 /cell/w1-121 stored
2026-09-30T17:55:50.917656Z celld-1 /cell/w1-121 facet
2026-09-30T17:55:50.951069Z celld-1 /cell/w1-123 start
2026-09-30T17:55:50.951219Z celld-1 /cell/w1-123 stored
2026-09-30T17:55:50.951234Z celld-1 /cell/w1-123 facet
2026-09-30T17:55:50.984914Z celld-1 /cell/w1-124 start
2026-09-30T17:55:50.985037Z celld-1 /cell/w1-124 stored
2026-09-30T17:55:50.985064Z celld-1 /cell/w1-124 facet
2026-09-30T17:55:51.376175Z celld-1 /cell/w1-109 done
2026-09-30T17:55:51.376547Z celld-1 /cell/w1-115 done
2026-09-30T17:55:51.629508Z celld-1 /cell/w1-127 start
2026-09-30T17:55:51.629632Z celld-1 /cell/w1-127 stored
2026-09-30T17:55:51.629650Z celld-1 /cell/w1-127 facet
2026-09-30T17:55:51.953175Z celld-1 /cell/w1-129 start
2026-09-30T17:55:51.953406Z celld-1 /cell/w1-129 stored
2026-09-30T17:55:51.953442Z celld-1 /cell/w1-129 facet
2026-09-30T17:55:52.000811Z celld-1 /cell/w1-130 start
2026-09-30T17:55:52.000983Z celld-1 /cell/w1-130 stored
2026-09-30T17:55:52.001025Z celld-1 /cell/w1-130 facet
2026-09-30T17:55:52.582432Z celld-1 /cell/w1-121 done
2026-09-30T17:55:52.886551Z celld-1 /cell/w1-124 done
2026-09-30T17:55:52.886845Z celld-1 /cell/w1-120 done
2026-09-30T17:55:52.887135Z celld-1 /cell/w1-123 done
2026-09-30T17:55:53.083731Z celld-1 /cell/w1-138 start
2026-09-30T17:55:53.083903Z celld-1 /cell/w1-138 stored
2026-09-30T17:55:53.083938Z celld-1 /cell/w1-138 facet
2026-09-30T17:55:53.459414Z celld-1 /cell/w1-140 start
2026-09-30T17:55:53.459564Z celld-1 /cell/w1-140 stored
2026-09-30T17:55:53.459600Z celld-1 /cell/w1-140 facet
2026-09-30T17:55:54.605128Z celld-1 /cell/w1-127 done
2026-09-30T17:55:54.605404Z celld-1 /cell/w1-129 done
2026-09-30T17:55:54.633540Z celld-1 /cell/w1-151 start
2026-09-30T17:55:54.633672Z celld-1 /cell/w1-151 stored
2026-09-30T17:55:54.633701Z celld-1 /cell/w1-151 facet
2026-09-30T17:55:54.717798Z celld-1 /cell/w1-150 start
2026-09-30T17:55:54.717900Z celld-1 /cell/w1-150 stored
2026-09-30T17:55:54.717920Z celld-1 /cell/w1-150 facet
2026-09-30T17:55:55.566368Z celld-1 /cell/w1-156 start
2026-09-30T17:55:55.566543Z celld-1 /cell/w1-156 stored
2026-09-30T17:55:55.566585Z celld-1 /cell/w1-156 facet
2026-09-30T17:55:55.574171Z celld-1 /cell/w1-140 done
2026-09-30T17:55:55.574573Z celld-1 /cell/w1-130 done
2026-09-30T17:55:55.574998Z celld-1 /cell/w1-138 done
2026-09-30T17:55:56.350116Z celld-1 /cell/w1-160 start
2026-09-30T17:55:56.350220Z celld-1 /cell/w1-160 stored
2026-09-30T17:55:56.350241Z celld-1 /cell/w1-160 facet
2026-09-30T17:55:56.360248Z celld-1 /cell/w1-161 start
2026-09-30T17:55:56.360376Z celld-1 /cell/w1-161 stored
2026-09-30T17:55:56.360408Z celld-1 /cell/w1-161 facet
2026-09-30T17:55:56.360998Z celld-1 /cell/w1-162 start
2026-09-30T17:55:56.361267Z celld-1 /cell/w1-162 stored
2026-09-30T17:55:56.361287Z celld-1 /cell/w1-162 facet
2026-09-30T17:55:56.596377Z celld-1 /cell/w1-150 done
2026-09-30T17:55:56.596680Z celld-1 /cell/w1-151 done
2026-09-30T17:55:56.960247Z celld-1 /cell/w1-166 start
2026-09-30T17:55:56.960365Z celld-1 /cell/w1-166 stored
2026-09-30T17:55:56.960385Z celld-1 /cell/w1-166 facet
2026-09-30T17:55:57.609985Z celld-1 /cell/w1-156 done
2026-09-30T17:55:57.830121Z celld-1 /cell/w1-172 start
2026-09-30T17:55:57.830392Z celld-1 /cell/w1-172 stored
2026-09-30T17:55:57.830412Z celld-1 /cell/w1-172 facet
2026-09-30T17:55:58.586840Z celld-1 /cell/w1-162 done
2026-09-30T17:55:58.587187Z celld-1 /cell/w1-160 done
2026-09-30T17:55:58.587357Z celld-1 /cell/w1-161 done
2026-09-30T17:55:58.817617Z celld-1 /cell/w1-177 start
2026-09-30T17:55:58.817789Z celld-1 /cell/w1-177 stored
2026-09-30T17:55:58.817819Z celld-1 /cell/w1-177 facet
2026-09-30T17:55:58.821844Z celld-1 /cell/w1-178 start
2026-09-30T17:55:58.821960Z celld-1 /cell/w1-178 stored
2026-09-30T17:55:58.821988Z celld-1 /cell/w1-178 facet
2026-09-30T17:55:59.391512Z celld-1 /cell/w1-166 done
2026-09-30T17:55:59.392094Z celld-1 /cell/w1-172 done
2026-09-30T17:55:59.802712Z celld-1 /cell/w1-186 start
2026-09-30T17:55:59.802824Z celld-1 /cell/w1-186 stored
2026-09-30T17:55:59.802843Z celld-1 /cell/w1-186 facet
2026-09-30T17:56:00.057931Z celld-1 /cell/w1-187 start
2026-09-30T17:56:00.058090Z celld-1 /cell/w1-187 stored
2026-09-30T17:56:00.058147Z celld-1 /cell/w1-187 facet
2026-09-30T17:56:00.574882Z celld-1 /cell/w1-177 done
2026-09-30T17:56:00.620059Z celld-1 /cell/w1-192 start
2026-09-30T17:56:00.620186Z celld-1 /cell/w1-192 stored
2026-09-30T17:56:00.620235Z celld-1 /cell/w1-192 facet
2026-09-30T17:56:00.692271Z celld-1 /cell/w1-178 done
2026-09-30T17:56:00.811226Z celld-1 /cell/w1-194 start
2026-09-30T17:56:00.811373Z celld-1 /cell/w1-194 stored
2026-09-30T17:56:00.811401Z celld-1 /cell/w1-194 facet
2026-09-30T17:56:01.098322Z celld-1 /cell/w1-197 start
2026-09-30T17:56:01.098614Z celld-1 /cell/w1-197 stored
2026-09-30T17:56:01.098689Z celld-1 /cell/w1-197 load
2026-09-30T17:56:01.098754Z celld-1 /cell/w1-197 facet
2026-09-30T17:56:01.105217Z celld-1 /cell/w1-197 loaded
2026-09-30T17:56:01.404767Z celld-1 /cell/w1-200 start
2026-09-30T17:56:01.404933Z celld-1 /cell/w1-200 stored
2026-09-30T17:56:01.404965Z celld-1 /cell/w1-200 facet
2026-09-30T17:56:01.986673Z celld-1 /cell/w1-186 done
2026-09-30T17:56:01.987033Z celld-1 /cell/w1-187 done
2026-09-30T17:56:02.051061Z celld-1 /cell/w1-202 start
2026-09-30T17:56:02.051226Z celld-1 /cell/w1-202 stored
2026-09-30T17:56:02.051265Z celld-1 /cell/w1-202 facet
2026-09-30T17:56:02.684593Z celld-1 /cell/w1-205 start
2026-09-30T17:56:02.684806Z celld-1 /cell/w1-205 stored
2026-09-30T17:56:02.684873Z celld-1 /cell/w1-205 facet
2026-09-30T17:56:02.695585Z celld-1 /cell/w1-194 done
2026-09-30T17:56:02.695841Z celld-1 /cell/w1-192 done
2026-09-30T17:56:02.710781Z celld-1 /cell/w1-207 start
2026-09-30T17:56:02.711068Z celld-1 /cell/w1-207 stored
2026-09-30T17:56:02.711131Z celld-1 /cell/w1-207 facet
2026-09-30T17:56:02.913997Z celld-1 /cell/w1-197 done
2026-09-30T17:56:02.944718Z celld-1 /cell/w1-211 start
2026-09-30T17:56:02.944895Z celld-1 /cell/w1-211 stored
2026-09-30T17:56:02.944932Z celld-1 /cell/w1-211 facet
2026-09-30T17:56:03.165772Z celld-1 /cell/w1-200 done
2026-09-30T17:56:04.426213Z celld-1 /cell/w1-219 start
2026-09-30T17:56:04.426441Z celld-1 /cell/w1-219 stored
2026-09-30T17:56:04.426485Z celld-1 /cell/w1-219 facet
2026-09-30T17:56:04.602658Z celld-1 /cell/w1-202 done
2026-09-30T17:56:04.669237Z celld-1 /cell/w1-221 start
2026-09-30T17:56:04.669406Z celld-1 /cell/w1-221 stored
2026-09-30T17:56:04.669445Z celld-1 /cell/w1-221 facet
2026-09-30T17:56:04.744001Z celld-1 /cell/w1-224 start
2026-09-30T17:56:04.744128Z celld-1 /cell/w1-224 stored
2026-09-30T17:56:04.744171Z celld-1 /cell/w1-224 facet
2026-09-30T17:56:04.761040Z celld-1 /cell/w1-225 start
2026-09-30T17:56:04.761316Z celld-1 /cell/w1-225 stored
2026-09-30T17:56:04.761365Z celld-1 /cell/w1-225 facet
2026-09-30T17:56:05.715013Z celld-1 /cell/w1-211 done
2026-09-30T17:56:05.715286Z celld-1 /cell/w1-207 done
2026-09-30T17:56:05.715486Z celld-1 /cell/w1-205 done
2026-09-30T17:56:05.863025Z celld-1 /cell/w1-229 start
2026-09-30T17:56:05.863311Z celld-1 /cell/w1-229 stored
2026-09-30T17:56:05.863382Z celld-1 /cell/w1-229 facet
2026-09-30T17:56:05.885251Z celld-1 /cell/w1-230 start
2026-09-30T17:56:05.885416Z celld-1 /cell/w1-230 stored
2026-09-30T17:56:05.885443Z celld-1 /cell/w1-230 facet
2026-09-30T17:56:06.200229Z celld-1 /cell/w1-232 start
2026-09-30T17:56:06.200426Z celld-1 /cell/w1-232 stored
2026-09-30T17:56:06.200455Z celld-1 /cell/w1-232 facet
2026-09-30T17:56:06.310012Z celld-1 /cell/w1-233 start
2026-09-30T17:56:06.310142Z celld-1 /cell/w1-233 stored
2026-09-30T17:56:06.310173Z celld-1 /cell/w1-233 facet
2026-09-30T17:56:06.606421Z celld-1 /cell/w1-219 done
2026-09-30T17:56:07.050107Z celld-1 /cell/w1-225 done
2026-09-30T17:56:07.278714Z celld-1 /cell/w1-236 start
2026-09-30T17:56:07.278844Z celld-1 /cell/w1-236 stored
2026-09-30T17:56:07.278888Z celld-1 /cell/w1-236 facet
2026-09-30T17:56:07.465699Z celld-1 /cell/w1-224 done
2026-09-30T17:56:07.466297Z celld-1 /cell/w1-221 done
2026-09-30T17:56:08.024495Z celld-1 /cell/w1-243 start
2026-09-30T17:56:08.024671Z celld-1 /cell/w1-243 stored
2026-09-30T17:56:08.024722Z celld-1 /cell/w1-243 facet
2026-09-30T17:56:08.025484Z celld-1 /cell/w1-242 start
2026-09-30T17:56:08.025829Z celld-1 /cell/w1-242 stored
2026-09-30T17:56:08.025863Z celld-1 /cell/w1-242 facet
2026-09-30T17:56:08.243778Z celld-1 /cell/w1-246 start
2026-09-30T17:56:08.243926Z celld-1 /cell/w1-246 stored
2026-09-30T17:56:08.243951Z celld-1 /cell/w1-246 facet
2026-09-30T17:56:08.933767Z celld-1 /cell/w1-232 done
2026-09-30T17:56:08.934157Z celld-1 /cell/w1-230 done
2026-09-30T17:56:08.934339Z celld-1 /cell/w1-229 done
2026-09-30T17:56:09.418210Z celld-1 /cell/w1-249 start
2026-09-30T17:56:09.418314Z celld-1 /cell/w1-249 stored
2026-09-30T17:56:09.418332Z celld-1 /cell/w1-249 facet
2026-09-30T17:56:09.419128Z celld-1 /cell/w1-250 start
2026-09-30T17:56:09.419388Z celld-1 /cell/w1-250 stored
2026-09-30T17:56:09.419405Z celld-1 /cell/w1-250 facet
2026-09-30T17:56:09.514227Z celld-1 /cell/w1-251 start
2026-09-30T17:56:09.514382Z celld-1 /cell/w1-251 stored
2026-09-30T17:56:09.514412Z celld-1 /cell/w1-251 facet
2026-09-30T17:56:09.906352Z celld-1 /cell/w1-236 done
2026-09-30T17:56:09.906558Z celld-1 /cell/w1-233 done
2026-09-30T17:56:10.663090Z celld-1 /cell/w1-242 done
2026-09-30T17:56:10.663618Z celld-1 /cell/w1-243 done
2026-09-30T17:56:10.663747Z celld-1 /cell/w1-246 done
2026-09-30T17:56:10.825720Z celld-1 /cell/w1-257 start
2026-09-30T17:56:10.825866Z celld-1 /cell/w1-257 stored
2026-09-30T17:56:10.825891Z celld-1 /cell/w1-257 facet
2026-09-30T17:56:11.051645Z celld-1 /cell/w1-256 start
2026-09-30T17:56:11.051787Z celld-1 /cell/w1-256 stored
2026-09-30T17:56:11.051812Z celld-1 /cell/w1-256 facet
2026-09-30T17:56:11.100148Z celld-1 /cell/w1-258 start
2026-09-30T17:56:11.100261Z celld-1 /cell/w1-258 stored
2026-09-30T17:56:11.100293Z celld-1 /cell/w1-258 facet
2026-09-30T17:56:11.112609Z celld-1 /cell/w1-259 start
2026-09-30T17:56:11.112716Z celld-1 /cell/w1-259 stored
2026-09-30T17:56:11.112734Z celld-1 /cell/w1-259 facet
2026-09-30T17:56:11.452784Z celld-1 /cell/w1-261 start
2026-09-30T17:56:11.452906Z celld-1 /cell/w1-261 stored
2026-09-30T17:56:11.452934Z celld-1 /cell/w1-261 facet
2026-09-30T17:56:11.944836Z celld-1 /cell/w1-250 done
2026-09-30T17:56:11.945076Z celld-1 /cell/w1-251 done
2026-09-30T17:56:11.945281Z celld-1 /cell/w1-249 done
2026-09-30T17:56:12.703590Z celld-1 /cell/w1-257 done
2026-09-30T17:56:12.751835Z celld-1 /cell/w1-270 start
2026-09-30T17:56:12.751958Z celld-1 /cell/w1-270 stored
2026-09-30T17:56:12.751985Z celld-1 /cell/w1-270 facet
2026-09-30T17:56:13.349928Z celld-1 /cell/w1-256 done
2026-09-30T17:56:13.350280Z celld-1 /cell/w1-261 done
2026-09-30T17:56:13.350692Z celld-1 /cell/w1-259 done
2026-09-30T17:56:13.350900Z celld-1 /cell/w1-258 done
2026-09-30T17:56:14.123270Z celld-1 /cell/w1-275 start
2026-09-30T17:56:14.123431Z celld-1 /cell/w1-275 stored
2026-09-30T17:56:14.123474Z celld-1 /cell/w1-275 facet
2026-09-30T17:56:14.128302Z celld-1 /cell/w1-276 start
2026-09-30T17:56:14.128421Z celld-1 /cell/w1-276 stored
2026-09-30T17:56:14.128438Z celld-1 /cell/w1-276 facet
2026-09-30T17:56:14.804426Z celld-1 /cell/w1-280 start
2026-09-30T17:56:14.804624Z celld-1 /cell/w1-280 stored
2026-09-30T17:56:14.804668Z celld-1 /cell/w1-280 facet
2026-09-30T17:56:15.302397Z celld-1 /cell/w1-270 done
2026-09-30T17:56:15.989980Z celld-1 /cell/w1-291 start
2026-09-30T17:56:15.990121Z celld-1 /cell/w1-291 stored
2026-09-30T17:56:15.990146Z celld-1 /cell/w1-291 facet
2026-09-30T17:56:16.585954Z celld-1 /cell/w1-275 done
2026-09-30T17:56:16.588379Z celld-1 /cell/w1-276 done
2026-09-30T17:56:16.958353Z celld-1 /cell/w1-280 done
2026-09-30T17:56:17.557409Z celld-1 /cell/w1-299 start
2026-09-30T17:56:17.557617Z celld-1 /cell/w1-299 stored
2026-09-30T17:56:17.557663Z celld-1 /cell/w1-299 facet
2026-09-30T17:56:17.657249Z celld-1 /cell/w1-291 done
2026-09-30T17:56:18.309409Z celld-1 /cell/w1-302 start
2026-09-30T17:56:18.309679Z celld-1 /cell/w1-302 stored
2026-09-30T17:56:18.309748Z celld-1 /cell/w1-302 facet
2026-09-30T17:56:18.346822Z celld-1 /cell/w1-300 start
2026-09-30T17:56:18.346950Z celld-1 /cell/w1-300 stored
2026-09-30T17:56:18.346983Z celld-1 /cell/w1-300 facet
2026-09-30T17:56:18.652144Z celld-1 /cell/w1-299 done
2026-09-30T17:56:19.208257Z celld-1 /cell/w1-306 start
2026-09-30T17:56:19.208395Z celld-1 /cell/w1-306 stored
2026-09-30T17:56:19.208427Z celld-1 /cell/w1-306 facet
2026-09-30T17:56:20.062855Z celld-1 /cell/w1-309 start
2026-09-30T17:56:20.063071Z celld-1 /cell/w1-309 stored
2026-09-30T17:56:20.063118Z celld-1 /cell/w1-309 facet
2026-09-30T17:56:20.612312Z celld-1 /cell/w1-302 done
2026-09-30T17:56:20.689435Z celld-1 /cell/w1-300 done
2026-09-30T17:56:21.750707Z celld-1 /cell/w1-306 done
2026-09-30T17:56:22.201110Z celld-1 /cell/w1-309 done
2026-09-30T17:56:22.301623Z celld-1 /cell/w1-323 start
2026-09-30T17:56:22.301746Z celld-1 /cell/w1-323 stored
2026-09-30T17:56:22.301773Z celld-1 /cell/w1-323 facet
2026-09-30T17:56:22.439007Z celld-1 /cell/w1-322 start
2026-09-30T17:56:22.439238Z celld-1 /cell/w1-322 stored
2026-09-30T17:56:22.439330Z celld-1 /cell/w1-322 facet
2026-09-30T17:56:22.592050Z celld-1 /cell/w1-325 start
2026-09-30T17:56:22.592193Z celld-1 /cell/w1-325 stored
2026-09-30T17:56:22.592263Z celld-1 /cell/w1-325 facet
2026-09-30T17:56:22.735793Z celld-1 /cell/w1-326 start
2026-09-30T17:56:22.736050Z celld-1 /cell/w1-326 stored
2026-09-30T17:56:22.736766Z celld-1 /cell/w1-326 facet
2026-09-30T17:56:22.873381Z celld-1 /cell/w1-327 start
2026-09-30T17:56:22.873492Z celld-1 /cell/w1-327 stored
2026-09-30T17:56:22.873540Z celld-1 /cell/w1-327 facet
2026-09-30T17:56:24.068155Z celld-1 /cell/w1-336 start
2026-09-30T17:56:24.068349Z celld-1 /cell/w1-336 stored
2026-09-30T17:56:24.068395Z celld-1 /cell/w1-336 facet
2026-09-30T17:56:24.443226Z celld-1 /cell/w1-338 start
2026-09-30T17:56:24.443422Z celld-1 /cell/w1-338 stored
2026-09-30T17:56:24.443464Z celld-1 /cell/w1-338 facet
2026-09-30T17:56:24.655909Z celld-1 /cell/w1-322 done
2026-09-30T17:56:24.656168Z celld-1 /cell/w1-323 done
2026-09-30T17:56:24.947225Z celld-1 /cell/w1-342 start
2026-09-30T17:56:24.947407Z celld-1 /cell/w1-342 stored
2026-09-30T17:56:24.947444Z celld-1 /cell/w1-342 facet
2026-09-30T17:56:25.521327Z celld-1 /cell/w1-327 done
2026-09-30T17:56:25.521823Z celld-1 /cell/w1-325 done
2026-09-30T17:56:25.522101Z celld-1 /cell/w1-326 done
2026-09-30T17:56:26.064854Z celld-1 /cell/w1-347 start
2026-09-30T17:56:26.065014Z celld-1 /cell/w1-347 stored
2026-09-30T17:56:26.065051Z celld-1 /cell/w1-347 facet
2026-09-30T17:56:26.760292Z celld-1 /cell/w1-338 done
2026-09-30T17:56:26.760531Z celld-1 /cell/w1-336 done
2026-09-30T17:56:27.149356Z celld-1 /cell/w1-353 start
2026-09-30T17:56:27.149467Z celld-1 /cell/w1-353 stored
2026-09-30T17:56:27.149486Z celld-1 /cell/w1-353 facet
2026-09-30T17:56:27.150019Z celld-1 /cell/w1-352 start
2026-09-30T17:56:27.150104Z celld-1 /cell/w1-352 stored
2026-09-30T17:56:27.150132Z celld-1 /cell/w1-352 facet
2026-09-30T17:56:27.296396Z celld-1 /cell/w1-342 done
2026-09-30T17:56:27.466985Z celld-1 /cell/w1-358 start
2026-09-30T17:56:27.467087Z celld-1 /cell/w1-358 stored
2026-09-30T17:56:27.467108Z celld-1 /cell/w1-358 facet
2026-09-30T17:56:27.874779Z celld-1 /cell/w1-361 start
2026-09-30T17:56:27.874946Z celld-1 /cell/w1-361 stored
2026-09-30T17:56:27.874983Z celld-1 /cell/w1-361 facet
2026-09-30T17:56:28.041877Z celld-1 /cell/w1-347 done
2026-09-30T17:56:28.480944Z celld-1 /cell/w1-365 start
2026-09-30T17:56:28.481137Z celld-1 /cell/w1-365 stored
2026-09-30T17:56:28.481159Z celld-1 /cell/w1-365 facet
2026-09-30T17:56:29.522951Z celld-1 /cell/w1-368 start
2026-09-30T17:56:29.523112Z celld-1 /cell/w1-368 stored
2026-09-30T17:56:29.523163Z celld-1 /cell/w1-368 facet
2026-09-30T17:56:30.036316Z celld-1 /cell/w1-373 start
2026-09-30T17:56:30.036486Z celld-1 /cell/w1-373 stored
2026-09-30T17:56:30.036509Z celld-1 /cell/w1-373 facet
2026-09-30T17:56:30.437322Z celld-1 /cell/w1-353 done
2026-09-30T17:56:30.437636Z celld-1 /cell/w1-352 done
2026-09-30T17:56:30.437801Z celld-1 /cell/w1-358 done
2026-09-30T17:56:30.932599Z celld-1 /cell/w1-361 done
2026-09-30T17:56:30.932936Z celld-1 /cell/w1-365 done
2026-09-30T17:56:31.928029Z celld-1 /cell/w1-385 start
2026-09-30T17:56:31.928268Z celld-1 /cell/w1-385 stored
2026-09-30T17:56:31.928331Z celld-1 /cell/w1-385 facet
2026-09-30T17:56:32.030673Z celld-1 /cell/w1-368 done
2026-09-30T17:56:32.030844Z celld-1 /cell/w1-373 done
2026-09-30T17:56:32.087267Z celld-1 /cell/w1-387 start
2026-09-30T17:56:32.087402Z celld-1 /cell/w1-387 stored
2026-09-30T17:56:32.087427Z celld-1 /cell/w1-387 facet
2026-09-30T17:56:33.271548Z celld-1 /cell/w1-389 start
2026-09-30T17:56:33.271703Z celld-1 /cell/w1-389 stored
2026-09-30T17:56:33.271730Z celld-1 /cell/w1-389 facet
2026-09-30T17:56:33.704321Z celld-1 /cell/w1-385 done
2026-09-30T17:56:33.705388Z celld-1 /cell/w1-387 done
2026-09-30T17:56:33.882538Z celld-1 /cell/w1-393 start
2026-09-30T17:56:33.882682Z celld-1 /cell/w1-393 stored
2026-09-30T17:56:33.882771Z celld-1 /cell/w1-393 facet
2026-09-30T17:56:35.055519Z celld-1 /cell/w1-398 start
2026-09-30T17:56:35.055671Z celld-1 /cell/w1-398 stored
2026-09-30T17:56:35.055690Z celld-1 /cell/w1-398 facet
2026-09-30T17:56:35.282941Z celld-1 /cell/w1-389 done
2026-09-30T17:56:36.028251Z celld-1 /cell/w1-403 start
2026-09-30T17:56:36.028411Z celld-1 /cell/w1-403 stored
2026-09-30T17:56:36.028445Z celld-1 /cell/w1-403 facet
2026-09-30T17:56:36.278942Z celld-1 /cell/w1-407 start
2026-09-30T17:56:36.279069Z celld-1 /cell/w1-407 stored
2026-09-30T17:56:36.279118Z celld-1 /cell/w1-407 facet
2026-09-30T17:56:36.386333Z celld-1 /cell/w1-406 start
2026-09-30T17:56:36.386471Z celld-1 /cell/w1-406 stored
2026-09-30T17:56:36.386506Z celld-1 /cell/w1-406 facet
2026-09-30T17:56:36.521276Z celld-1 /cell/w1-393 done
2026-09-30T17:56:36.521885Z celld-1 /cell/w1-398 done
2026-09-30T17:56:37.721526Z celld-1 /cell/w1-416 start
2026-09-30T17:56:37.721781Z celld-1 /cell/w1-416 stored
2026-09-30T17:56:37.721831Z celld-1 /cell/w1-416 facet
2026-09-30T17:56:37.891948Z celld-1 /cell/w1-403 done
2026-09-30T17:56:37.892406Z celld-1 /cell/w1-406 done
2026-09-30T17:56:37.892609Z celld-1 /cell/w1-407 done
2026-09-30T17:56:38.048869Z celld-1 /cell/w1-420 start
2026-09-30T17:56:38.049064Z celld-1 /cell/w1-420 stored
2026-09-30T17:56:38.049093Z celld-1 /cell/w1-420 facet
2026-09-30T17:56:38.377538Z celld-1 /cell/w1-422 start
2026-09-30T17:56:38.377694Z celld-1 /cell/w1-422 stored
2026-09-30T17:56:38.377734Z celld-1 /cell/w1-422 facet
2026-09-30T17:56:39.925886Z celld-1 /cell/w1-416 done
2026-09-30T17:56:39.929432Z celld-1 /cell/w1-426 start
2026-09-30T17:56:39.929544Z celld-1 /cell/w1-426 stored
2026-09-30T17:56:39.929581Z celld-1 /cell/w1-426 facet
2026-09-30T17:56:39.930945Z celld-1 /cell/w1-427 start
2026-09-30T17:56:39.931044Z celld-1 /cell/w1-427 stored
2026-09-30T17:56:39.931057Z celld-1 /cell/w1-427 facet
2026-09-30T17:56:40.048985Z celld-1 /cell/w1-429 start
2026-09-30T17:56:40.049131Z celld-1 /cell/w1-429 stored
2026-09-30T17:56:40.049160Z celld-1 /cell/w1-429 facet
2026-09-30T17:56:40.116365Z celld-1 /cell/w1-431 start
2026-09-30T17:56:40.116520Z celld-1 /cell/w1-431 stored
2026-09-30T17:56:40.116549Z celld-1 /cell/w1-431 facet
2026-09-30T17:56:40.222806Z celld-1 /cell/w1-420 done
2026-09-30T17:56:40.821889Z celld-1 /cell/w1-422 done
2026-09-30T17:56:40.842384Z celld-1 /cell/w1-434 start
2026-09-30T17:56:40.842540Z celld-1 /cell/w1-434 stored
2026-09-30T17:56:40.842594Z celld-1 /cell/w1-434 facet
2026-09-30T17:56:41.599189Z celld-1 /cell/w1-438 start
2026-09-30T17:56:41.599402Z celld-1 /cell/w1-438 stored
2026-09-30T17:56:41.599424Z celld-1 /cell/w1-438 facet
2026-09-30T17:56:42.314357Z celld-1 /cell/w1-443 start
2026-09-30T17:56:42.314485Z celld-1 /cell/w1-443 stored
2026-09-30T17:56:42.314503Z celld-1 /cell/w1-443 facet
2026-09-30T17:56:42.516236Z celld-1 /cell/w1-446 start
2026-09-30T17:56:42.516408Z celld-1 /cell/w1-446 stored
2026-09-30T17:56:42.516481Z celld-1 /cell/w1-446 facet
2026-09-30T17:56:42.588854Z celld-1 /cell/w1-447 start
2026-09-30T17:56:42.589091Z celld-1 /cell/w1-447 stored
2026-09-30T17:56:42.589143Z celld-1 /cell/w1-447 facet
2026-09-30T17:56:42.600275Z celld-1 /cell/w1-448 start
2026-09-30T17:56:42.600405Z celld-1 /cell/w1-448 stored
2026-09-30T17:56:42.600416Z celld-1 /cell/w1-448 facet
2026-09-30T17:56:43.140995Z celld-1 /cell/w1-449 start
2026-09-30T17:56:43.141161Z celld-1 /cell/w1-449 stored
2026-09-30T17:56:43.141197Z celld-1 /cell/w1-449 facet
2026-09-30T17:56:43.529791Z celld-1 /cell/w1-452 start
2026-09-30T17:56:43.529903Z celld-1 /cell/w1-452 stored
2026-09-30T17:56:43.529922Z celld-1 /cell/w1-452 facet
2026-09-30T17:56:43.710012Z celld-1 /cell/w1-434 done
2026-09-30T17:56:43.710045Z celld-1 /cell/w1-431 done
2026-09-30T17:56:43.710285Z celld-1 /cell/w1-427 done
2026-09-30T17:56:43.710512Z celld-1 /cell/w1-426 done
2026-09-30T17:56:43.710692Z celld-1 /cell/w1-429 done
2026-09-30T17:56:43.710960Z celld-1 /cell/w1-438 done
2026-09-30T17:56:44.056720Z celld-1 /cell/w1-453 start
2026-09-30T17:56:44.056986Z celld-1 /cell/w1-453 stored
2026-09-30T17:56:44.057003Z celld-1 /cell/w1-453 facet
2026-09-30T17:56:44.602895Z celld-1 /cell/w1-458 start
2026-09-30T17:56:44.603045Z celld-1 /cell/w1-458 stored
2026-09-30T17:56:44.603060Z celld-1 /cell/w1-458 facet
2026-09-30T17:56:44.841066Z celld-1 /cell/w1-461 start
2026-09-30T17:56:44.841188Z celld-1 /cell/w1-461 stored
2026-09-30T17:56:44.841209Z celld-1 /cell/w1-461 facet
2026-09-30T17:56:44.841868Z celld-1 /cell/w1-459 start
2026-09-30T17:56:44.842009Z celld-1 /cell/w1-459 stored
2026-09-30T17:56:44.842033Z celld-1 /cell/w1-459 facet
2026-09-30T17:56:45.873177Z celld-1 /cell/w1-443 done
2026-09-30T17:56:45.873201Z celld-1 /cell/w1-447 done
2026-09-30T17:56:45.873502Z celld-1 /cell/w1-446 done
2026-09-30T17:56:45.873757Z celld-1 /cell/w1-448 done
2026-09-30T17:56:46.293276Z celld-1 /cell/w1-464 start
2026-09-30T17:56:46.293513Z celld-1 /cell/w1-464 stored
2026-09-30T17:56:46.293566Z celld-1 /cell/w1-464 facet
2026-09-30T17:56:46.401027Z celld-1 /cell/w1-468 start
2026-09-30T17:56:46.401131Z celld-1 /cell/w1-468 stored
2026-09-30T17:56:46.401153Z celld-1 /cell/w1-468 facet
2026-09-30T17:56:46.759122Z celld-1 /cell/w1-449 done
2026-09-30T17:56:46.944262Z celld-1 /cell/w1-458 done
2026-09-30T17:56:46.944516Z celld-1 /cell/w1-452 done
2026-09-30T17:56:46.944734Z celld-1 /cell/w1-453 done
2026-09-30T17:56:48.183800Z celld-1 /cell/w1-477 start
2026-09-30T17:56:48.183960Z celld-1 /cell/w1-477 stored
2026-09-30T17:56:48.183996Z celld-1 /cell/w1-477 facet
2026-09-30T17:56:48.222467Z celld-1 /cell/w1-479 start
2026-09-30T17:56:48.222641Z celld-1 /cell/w1-479 stored
2026-09-30T17:56:48.222699Z celld-1 /cell/w1-479 facet
2026-09-30T17:56:48.396604Z celld-1 /cell/w1-459 done
2026-09-30T17:56:48.396948Z celld-1 /cell/w1-461 done
2026-09-30T17:56:49.067500Z celld-1 /cell/w1-464 done
2026-09-30T17:56:49.385670Z celld-1 /cell/w1-482 start
2026-09-30T17:56:49.385895Z celld-1 /cell/w1-482 stored
2026-09-30T17:56:49.385942Z celld-1 /cell/w1-482 facet
2026-09-30T17:56:49.581120Z celld-1 /cell/w1-483 start
2026-09-30T17:56:49.581307Z celld-1 /cell/w1-483 stored
2026-09-30T17:56:49.581344Z celld-1 /cell/w1-483 facet
2026-09-30T17:56:50.308394Z celld-1 /cell/w1-468 done
2026-09-30T17:56:50.544341Z celld-1 /cell/w1-486 start
2026-09-30T17:56:50.544450Z celld-1 /cell/w1-486 stored
2026-09-30T17:56:50.544469Z celld-1 /cell/w1-486 facet
2026-09-30T17:56:50.589803Z celld-1 /cell/w1-487 start
2026-09-30T17:56:50.589973Z celld-1 /cell/w1-487 stored
2026-09-30T17:56:50.589999Z celld-1 /cell/w1-487 facet
2026-09-30T17:56:50.849919Z celld-1 /cell/w1-490 start
2026-09-30T17:56:50.850124Z celld-1 /cell/w1-490 stored
2026-09-30T17:56:50.850159Z celld-1 /cell/w1-490 facet
2026-09-30T17:56:50.965854Z celld-1 /cell/w1-495 start
2026-09-30T17:56:50.966045Z celld-1 /cell/w1-495 stored
2026-09-30T17:56:50.966061Z celld-1 /cell/w1-495 facet
2026-09-30T17:56:51.179345Z celld-1 /cell/w1-479 done
2026-09-30T17:56:51.179487Z celld-1 /cell/w1-477 done
2026-09-30T17:56:51.695117Z celld-1 /cell/w1-498 start
2026-09-30T17:56:51.695223Z celld-1 /cell/w1-498 stored
2026-09-30T17:56:51.695240Z celld-1 /cell/w1-498 facet
2026-09-30T17:56:52.163788Z celld-1 /cell/w1-501 start
2026-09-30T17:56:52.163966Z celld-1 /cell/w1-501 stored
2026-09-30T17:56:52.164009Z celld-1 /cell/w1-501 facet
2026-09-30T17:56:52.969520Z celld-1 /cell/w1-483 done
2026-09-30T17:56:52.969869Z celld-1 /cell/w1-482 done
2026-09-30T17:56:53.409387Z celld-1 /cell/w1-487 done
2026-09-30T17:56:53.409698Z celld-1 /cell/w1-486 done
2026-09-30T17:56:53.436700Z celld-1 /cell/w1-505 start
2026-09-30T17:56:53.436851Z celld-1 /cell/w1-505 stored
2026-09-30T17:56:53.436879Z celld-1 /cell/w1-505 facet
2026-09-30T17:56:53.691420Z celld-1 /cell/w1-507 start
2026-09-30T17:56:53.691690Z celld-1 /cell/w1-507 stored
2026-09-30T17:56:53.691747Z celld-1 /cell/w1-507 load
2026-09-30T17:56:53.691817Z celld-1 /cell/w1-507 facet
2026-09-30T17:56:53.698029Z celld-1 /cell/w1-507 loaded
2026-09-30T17:56:53.786157Z celld-1 /cell/w1-490 done
2026-09-30T17:56:53.786166Z celld-1 /cell/w1-498 done
2026-09-30T17:56:53.786415Z celld-1 /cell/w1-495 done
2026-09-30T17:56:53.793788Z celld-1 /cell/w1-510 start
2026-09-30T17:56:53.793942Z celld-1 /cell/w1-510 stored
2026-09-30T17:56:53.793984Z celld-1 /cell/w1-510 facet
2026-09-30T17:56:53.828222Z celld-1 /cell/w1-511 start
2026-09-30T17:56:53.828380Z celld-1 /cell/w1-511 stored
2026-09-30T17:56:53.828445Z celld-1 /cell/w1-511 facet
2026-09-30T17:56:55.177987Z celld-1 /cell/w1-501 done
2026-09-30T17:56:55.678585Z celld-1 /cell/w1-515 start
2026-09-30T17:56:55.678778Z celld-1 /cell/w1-515 stored
2026-09-30T17:56:55.678847Z celld-1 /cell/w1-515 facet
2026-09-30T17:56:55.685885Z celld-1 /cell/w1-516 start
2026-09-30T17:56:55.686062Z celld-1 /cell/w1-516 stored
2026-09-30T17:56:55.686094Z celld-1 /cell/w1-516 facet
2026-09-30T17:56:56.103551Z celld-1 /cell/w1-505 done
2026-09-30T17:56:56.103702Z celld-1 /cell/w1-507 done
2026-09-30T17:56:56.470377Z celld-1 /cell/w1-520 start
2026-09-30T17:56:56.470870Z celld-1 /cell/w1-520 stored
2026-09-30T17:56:56.470895Z celld-1 /cell/w1-520 facet
2026-09-30T17:56:56.537109Z celld-1 /cell/w1-521 start
2026-09-30T17:56:56.537240Z celld-1 /cell/w1-521 stored
2026-09-30T17:56:56.537260Z celld-1 /cell/w1-521 facet
2026-09-30T17:56:56.569728Z celld-1 /cell/w1-511 done
2026-09-30T17:56:56.570074Z celld-1 /cell/w1-510 done
2026-09-30T17:56:56.716898Z celld-1 /cell/w1-523 start
2026-09-30T17:56:56.717038Z celld-1 /cell/w1-523 stored
2026-09-30T17:56:56.717058Z celld-1 /cell/w1-523 facet
2026-09-30T17:56:57.963998Z celld-1 /cell/w1-530 start
2026-09-30T17:56:57.964245Z celld-1 /cell/w1-530 stored
2026-09-30T17:56:57.964295Z celld-1 /cell/w1-530 facet
2026-09-30T17:56:58.233380Z celld-1 /cell/w1-531 start
2026-09-30T17:56:58.233673Z celld-1 /cell/w1-531 stored
2026-09-30T17:56:58.233769Z celld-1 /cell/w1-531 facet
2026-09-30T17:56:58.529030Z celld-1 /cell/w1-534 start
2026-09-30T17:56:58.529359Z celld-1 /cell/w1-534 stored
2026-09-30T17:56:58.529395Z celld-1 /cell/w1-534 facet
2026-09-30T17:56:58.548031Z celld-1 /cell/w1-535 start
2026-09-30T17:56:58.548245Z celld-1 /cell/w1-535 stored
2026-09-30T17:56:58.548306Z celld-1 /cell/w1-535 facet
2026-09-30T17:56:58.566224Z celld-1 /cell/w1-536 start
2026-09-30T17:56:58.566402Z celld-1 /cell/w1-536 stored
2026-09-30T17:56:58.566440Z celld-1 /cell/w1-536 facet
2026-09-30T17:56:59.049160Z celld-1 /cell/w1-515 done
2026-09-30T17:56:59.136748Z celld-1 /cell/w1-516 done
2026-09-30T17:56:59.294926Z celld-1 /cell/w1-540 start
2026-09-30T17:56:59.295181Z celld-1 /cell/w1-540 stored
2026-09-30T17:56:59.295248Z celld-1 /cell/w1-540 facet
2026-09-30T17:56:59.868654Z celld-1 /cell/w1-542 start
2026-09-30T17:56:59.868771Z celld-1 /cell/w1-542 stored
2026-09-30T17:56:59.868795Z celld-1 /cell/w1-542 facet
2026-09-30T17:57:00.241296Z celld-1 /cell/w1-543 start
2026-09-30T17:57:00.241439Z celld-1 /cell/w1-543 stored
2026-09-30T17:57:00.241460Z celld-1 /cell/w1-543 facet
2026-09-30T17:57:00.272650Z celld-1 /cell/w1-521 done
2026-09-30T17:57:00.273922Z celld-1 /cell/w1-520 done
2026-09-30T17:57:00.274368Z celld-1 /cell/w1-523 done
2026-09-30T17:57:00.591114Z celld-1 /cell/w1-530 done
2026-09-30T17:57:01.072947Z celld-1 /cell/w1-531 done
2026-09-30T17:57:01.073192Z celld-1 /cell/w1-535 done
2026-09-30T17:57:01.073359Z celld-1 /cell/w1-534 done
2026-09-30T17:57:01.073533Z celld-1 /cell/w1-536 done
2026-09-30T17:57:01.335183Z celld-1 /cell/w1-547 start
2026-09-30T17:57:01.335319Z celld-1 /cell/w1-547 stored
2026-09-30T17:57:01.335334Z celld-1 /cell/w1-547 facet
2026-09-30T17:57:01.604327Z celld-1 /cell/w1-551 start
2026-09-30T17:57:01.604514Z celld-1 /cell/w1-551 stored
2026-09-30T17:57:01.604539Z celld-1 /cell/w1-551 facet
2026-09-30T17:57:02.404447Z celld-1 /cell/w1-556 start
2026-09-30T17:57:02.404540Z celld-1 /cell/w1-556 stored
2026-09-30T17:57:02.404550Z celld-1 /cell/w1-556 facet
2026-09-30T17:57:02.440932Z celld-1 /cell/w1-540 done
2026-09-30T17:57:02.442110Z celld-1 /cell/w1-543 done
2026-09-30T17:57:02.442243Z celld-1 /cell/w1-542 done
2026-09-30T17:57:02.955659Z celld-1 /cell/w1-559 start
2026-09-30T17:57:02.955868Z celld-1 /cell/w1-559 stored
2026-09-30T17:57:02.955911Z celld-1 /cell/w1-559 facet
2026-09-30T17:57:03.454778Z celld-1 /cell/w1-561 start
2026-09-30T17:57:03.454932Z celld-1 /cell/w1-561 stored
2026-09-30T17:57:03.454952Z celld-1 /cell/w1-561 facet
2026-09-30T17:57:03.558537Z celld-1 /cell/w1-547 done
2026-09-30T17:57:03.558537Z celld-1 /cell/w1-551 done
2026-09-30T17:57:04.196745Z celld-1 /cell/w1-567 start
2026-09-30T17:57:04.196967Z celld-1 /cell/w1-567 stored
2026-09-30T17:57:04.197042Z celld-1 /cell/w1-567 facet
2026-09-30T17:57:04.214603Z celld-1 /cell/w1-570 start
2026-09-30T17:57:04.214732Z celld-1 /cell/w1-570 stored
2026-09-30T17:57:04.214763Z celld-1 /cell/w1-570 facet
2026-09-30T17:57:04.226179Z celld-1 /cell/w1-569 start
2026-09-30T17:57:04.226499Z celld-1 /cell/w1-569 stored
2026-09-30T17:57:04.226547Z celld-1 /cell/w1-569 facet
2026-09-30T17:57:04.541789Z celld-1 /cell/w1-556 done
2026-09-30T17:57:04.550511Z celld-1 /cell/w1-571 start
2026-09-30T17:57:04.550759Z celld-1 /cell/w1-571 stored
2026-09-30T17:57:04.550802Z celld-1 /cell/w1-571 facet
2026-09-30T17:57:05.044347Z celld-1 /cell/w1-559 done
2026-09-30T17:57:05.629713Z celld-1 /cell/w1-572 start
2026-09-30T17:57:05.630111Z celld-1 /cell/w1-572 stored
2026-09-30T17:57:05.630155Z celld-1 /cell/w1-572 facet
2026-09-30T17:57:05.636978Z celld-1 /cell/w1-573 start
2026-09-30T17:57:05.637105Z celld-1 /cell/w1-573 stored
2026-09-30T17:57:05.637116Z celld-1 /cell/w1-573 facet
2026-09-30T17:57:05.724219Z celld-1 /cell/w1-575 start
2026-09-30T17:57:05.724436Z celld-1 /cell/w1-575 stored
2026-09-30T17:57:05.724485Z celld-1 /cell/w1-575 facet
2026-09-30T17:57:06.030712Z celld-1 /cell/w1-561 done
2026-09-30T17:57:06.262685Z celld-1 /cell/w1-581 start
2026-09-30T17:57:06.262871Z celld-1 /cell/w1-581 stored
2026-09-30T17:57:06.262903Z celld-1 /cell/w1-581 facet
2026-09-30T17:57:06.265680Z celld-1 /cell/w1-580 start
2026-09-30T17:57:06.265808Z celld-1 /cell/w1-580 stored
2026-09-30T17:57:06.265830Z celld-1 /cell/w1-580 facet
2026-09-30T17:57:06.870336Z celld-1 /cell/w1-567 done
2026-09-30T17:57:06.870426Z celld-1 /cell/w1-569 done
2026-09-30T17:57:06.870583Z celld-1 /cell/w1-570 done
2026-09-30T17:57:07.074672Z celld-1 /cell/w1-587 start
2026-09-30T17:57:07.074823Z celld-1 /cell/w1-587 stored
2026-09-30T17:57:07.074846Z celld-1 /cell/w1-587 facet
2026-09-30T17:57:07.244382Z celld-1 /cell/w1-573 done
2026-09-30T17:57:07.926715Z celld-1 /cell/w1-589 start
2026-09-30T17:57:07.926919Z celld-1 /cell/w1-589 stored
2026-09-30T17:57:07.926975Z celld-1 /cell/w1-589 facet
2026-09-30T17:57:08.652457Z celld-1 /cell/w1-572 done
2026-09-30T17:57:08.652503Z celld-1 /cell/w1-575 done
2026-09-30T17:57:08.933933Z celld-1 /cell/w1-581 done
2026-09-30T17:57:09.224335Z celld-1 /cell/w1-580 done
2026-09-30T17:57:09.224358Z celld-1 /cell/w1-587 done
2026-09-30T17:57:09.600056Z celld-1 /cell/w1-602 start
2026-09-30T17:57:09.600200Z celld-1 /cell/w1-602 stored
2026-09-30T17:57:09.600233Z celld-1 /cell/w1-602 facet
2026-09-30T17:57:10.490298Z celld-1 /cell/w1-604 start
2026-09-30T17:57:10.490626Z celld-1 /cell/w1-604 stored
2026-09-30T17:57:10.490661Z celld-1 /cell/w1-604 facet
2026-09-30T17:57:10.993953Z celld-1 /cell/w1-589 done
2026-09-30T17:57:11.240078Z celld-1 /cell/w1-611 start
2026-09-30T17:57:11.240217Z celld-1 /cell/w1-611 stored
2026-09-30T17:57:11.240250Z celld-1 /cell/w1-611 facet
2026-09-30T17:57:12.379370Z celld-1 /cell/w1-602 done
2026-09-30T17:57:12.407446Z celld-1 /cell/w1-616 start
2026-09-30T17:57:12.407595Z celld-1 /cell/w1-616 stored
2026-09-30T17:57:12.407646Z celld-1 /cell/w1-616 facet
2026-09-30T17:57:12.515715Z celld-1 /cell/w1-618 start
2026-09-30T17:57:12.515876Z celld-1 /cell/w1-618 stored
2026-09-30T17:57:12.515902Z celld-1 /cell/w1-618 facet
2026-09-30T17:57:12.658414Z celld-1 /cell/w1-619 start
2026-09-30T17:57:12.658635Z celld-1 /cell/w1-619 stored
2026-09-30T17:57:12.658683Z celld-1 /cell/w1-619 facet
2026-09-30T17:57:13.090219Z celld-1 /cell/w1-604 done
2026-09-30T17:57:13.295064Z celld-1 /cell/w1-621 start
2026-09-30T17:57:13.295177Z celld-1 /cell/w1-621 stored
2026-09-30T17:57:13.295191Z celld-1 /cell/w1-621 facet
2026-09-30T17:57:14.284294Z celld-1 /cell/w1-624 start
2026-09-30T17:57:14.284414Z celld-1 /cell/w1-624 stored
2026-09-30T17:57:14.284443Z celld-1 /cell/w1-624 facet
2026-09-30T17:57:14.403111Z celld-1 /cell/w1-625 start
2026-09-30T17:57:14.403267Z celld-1 /cell/w1-625 stored
2026-09-30T17:57:14.403370Z celld-1 /cell/w1-625 facet
2026-09-30T17:57:14.552402Z  INFO cell_console: TRACE /cell/w1-571 hung-0
2026-09-30T17:57:14.552570Z celld-1 /cell/w1-571 load
2026-09-30T17:57:14.559408Z celld-1 /cell/w1-571 loaded
2026-09-30T17:57:14.559491Z  INFO cell_console: TRACE /cell/w1-571 facet-retry-1
2026-09-30T17:57:14.924085Z celld-1 /cell/w1-611 done
2026-09-30T17:57:15.002066Z celld-1 /cell/w1-628 start
2026-09-30T17:57:15.002525Z celld-1 /cell/w1-628 stored
2026-09-30T17:57:15.002571Z celld-1 /cell/w1-628 facet
2026-09-30T17:57:15.145569Z celld-1 /cell/w1-630 start
2026-09-30T17:57:15.145795Z celld-1 /cell/w1-630 stored
2026-09-30T17:57:15.145840Z celld-1 /cell/w1-630 facet
2026-09-30T17:57:15.721491Z celld-1 /cell/w1-632 start
2026-09-30T17:57:15.721612Z celld-1 /cell/w1-632 stored
2026-09-30T17:57:15.721631Z celld-1 /cell/w1-632 facet
2026-09-30T17:57:15.792203Z celld-1 /cell/w1-618 done
2026-09-30T17:57:15.870046Z celld-1 /cell/w1-619 done
2026-09-30T17:57:15.870245Z celld-1 /cell/w1-616 done
2026-09-30T17:57:15.924655Z celld-1 /cell/w1-633 start
2026-09-30T17:57:15.924925Z celld-1 /cell/w1-633 stored
2026-09-30T17:57:15.924951Z celld-1 /cell/w1-633 facet
2026-09-30T17:57:16.180658Z celld-1 /cell/w1-636 start
2026-09-30T17:57:16.180935Z celld-1 /cell/w1-636 stored
2026-09-30T17:57:16.180977Z celld-1 /cell/w1-636 facet
2026-09-30T17:57:17.000294Z celld-1 /cell/w1-624 done
2026-09-30T17:57:17.064453Z celld-1 /cell/w1-641 start
2026-09-30T17:57:17.064625Z celld-1 /cell/w1-641 stored
2026-09-30T17:57:17.064650Z celld-1 /cell/w1-641 facet
2026-09-30T17:57:17.171829Z celld-1 /cell/w1-625 done
2026-09-30T17:57:17.172065Z celld-1 /cell/w1-630 done
2026-09-30T17:57:17.172284Z celld-1 /cell/w1-628 done
2026-09-30T17:57:17.314198Z celld-1 /cell/w1-642 start
2026-09-30T17:57:17.314401Z celld-1 /cell/w1-642 stored
2026-09-30T17:57:17.314429Z celld-1 /cell/w1-642 facet
2026-09-30T17:57:17.809449Z celld-1 /cell/w1-632 done
2026-09-30T17:57:17.810851Z celld-1 /cell/w1-636 done
2026-09-30T17:57:19.147830Z celld-1 /cell/w1-653 start
2026-09-30T17:57:19.148004Z celld-1 /cell/w1-653 stored
2026-09-30T17:57:19.148038Z celld-1 /cell/w1-653 facet
2026-09-30T17:57:19.353989Z celld-1 /cell/w1-657 start
2026-09-30T17:57:19.354168Z celld-1 /cell/w1-657 stored
2026-09-30T17:57:19.354235Z celld-1 /cell/w1-657 facet
2026-09-30T17:57:19.450685Z celld-1 /cell/w1-641 done
2026-09-30T17:57:19.730415Z celld-1 /cell/w1-659 start
2026-09-30T17:57:19.730614Z celld-1 /cell/w1-659 stored
2026-09-30T17:57:19.730647Z celld-1 /cell/w1-659 facet
2026-09-30T17:57:19.786690Z celld-1 /cell/w1-660 start
2026-09-30T17:57:19.786862Z celld-1 /cell/w1-660 stored
2026-09-30T17:57:19.786893Z celld-1 /cell/w1-660 facet
2026-09-30T17:57:20.140092Z celld-1 /cell/w1-661 start
2026-09-30T17:57:20.140280Z celld-1 /cell/w1-661 stored
2026-09-30T17:57:20.140309Z celld-1 /cell/w1-661 facet
2026-09-30T17:57:20.824207Z celld-1 /cell/w1-642 done
2026-09-30T17:57:21.458482Z celld-1 /cell/w1-665 start
2026-09-30T17:57:21.458606Z celld-1 /cell/w1-665 stored
2026-09-30T17:57:21.458629Z celld-1 /cell/w1-665 facet
2026-09-30T17:57:21.590966Z celld-1 /cell/w1-666 start
2026-09-30T17:57:21.591131Z celld-1 /cell/w1-666 stored
2026-09-30T17:57:21.591155Z celld-1 /cell/w1-666 facet
2026-09-30T17:57:21.822213Z celld-1 /cell/w1-653 done
2026-09-30T17:57:22.144042Z celld-1 /cell/w1-667 start
2026-09-30T17:57:22.144209Z celld-1 /cell/w1-667 stored
2026-09-30T17:57:22.144257Z celld-1 /cell/w1-667 facet
2026-09-30T17:57:22.185711Z celld-1 /cell/w1-669 start
2026-09-30T17:57:22.185872Z celld-1 /cell/w1-669 stored
2026-09-30T17:57:22.185897Z celld-1 /cell/w1-669 facet
2026-09-30T17:57:22.516211Z celld-1 /cell/w1-671 start
2026-09-30T17:57:22.516359Z celld-1 /cell/w1-671 stored
2026-09-30T17:57:22.516375Z celld-1 /cell/w1-671 facet
2026-09-30T17:57:22.518307Z celld-1 /cell/w1-672 start
2026-09-30T17:57:22.518511Z celld-1 /cell/w1-672 stored
2026-09-30T17:57:22.518529Z celld-1 /cell/w1-672 facet
2026-09-30T17:57:22.522477Z celld-1 /cell/w1-673 start
2026-09-30T17:57:22.522573Z celld-1 /cell/w1-673 stored
2026-09-30T17:57:22.522595Z celld-1 /cell/w1-673 facet
2026-09-30T17:57:22.557463Z celld-1 /cell/w1-674 start
2026-09-30T17:57:22.557592Z celld-1 /cell/w1-674 stored
2026-09-30T17:57:22.557614Z celld-1 /cell/w1-674 facet
2026-09-30T17:57:23.296899Z  INFO cell_console: TRACE /cell/w1-621 hung-0
2026-09-30T17:57:23.296992Z celld-1 /cell/w1-621 load
2026-09-30T17:57:23.303374Z celld-1 /cell/w1-621 loaded
2026-09-30T17:57:23.303409Z  INFO cell_console: TRACE /cell/w1-621 facet-retry-1
2026-09-30T17:57:23.849971Z celld-1 /cell/w1-680 start
2026-09-30T17:57:23.850198Z celld-1 /cell/w1-680 stored
2026-09-30T17:57:23.850225Z celld-1 /cell/w1-680 facet
2026-09-30T17:57:24.417119Z celld-1 /cell/w1-666 done
2026-09-30T17:57:24.417162Z celld-1 /cell/w1-667 done
2026-09-30T17:57:24.417513Z celld-1 /cell/w1-669 done
2026-09-30T17:57:24.417519Z celld-1 /cell/w1-672 done
2026-09-30T17:57:24.417673Z celld-1 /cell/w1-674 done
2026-09-30T17:57:24.417757Z celld-1 /cell/w1-673 done
2026-09-30T17:57:24.418006Z celld-1 /cell/w1-671 done
2026-09-30T17:57:24.561127Z  INFO cell_console: TRACE /cell/w1-571 hung-1
2026-09-30T17:57:24.561216Z celld-1 /cell/w1-571 load
2026-09-30T17:57:24.567454Z celld-1 /cell/w1-571 loaded
2026-09-30T17:57:24.567509Z  INFO cell_console: TRACE /cell/w1-571 facet-retry-2
2026-09-30T17:57:25.077449Z celld-1 /cell/w1-680 done
2026-09-30T17:57:25.925908Z  INFO cell_console: TRACE /cell/w1-633 hung-0
2026-09-30T17:57:25.926003Z celld-1 /cell/w1-633 load
2026-09-30T17:57:25.932918Z celld-1 /cell/w1-633 loaded
2026-09-30T17:57:25.932950Z  INFO cell_console: TRACE /cell/w1-633 facet-retry-1
2026-09-30T17:57:25.949612Z celld-1 /cell/w1-685 start
2026-09-30T17:57:25.949715Z celld-1 /cell/w1-685 stored
2026-09-30T17:57:25.949731Z celld-1 /cell/w1-685 facet
2026-09-30T17:57:26.595364Z celld-1 /cell/w1-690 start
2026-09-30T17:57:26.595586Z celld-1 /cell/w1-690 stored
2026-09-30T17:57:26.595633Z celld-1 /cell/w1-690 facet
2026-09-30T17:57:27.346254Z celld-1 /cell/w1-685 done
2026-09-30T17:57:27.399769Z celld-1 /cell/w1-697 start
2026-09-30T17:57:27.399899Z celld-1 /cell/w1-697 stored
2026-09-30T17:57:27.399918Z celld-1 /cell/w1-697 facet
2026-09-30T17:57:28.066195Z celld-1 /cell/w1-698 start
2026-09-30T17:57:28.066438Z celld-1 /cell/w1-698 stored
2026-09-30T17:57:28.066463Z celld-1 /cell/w1-698 facet
2026-09-30T17:57:28.094660Z celld-1 /cell/w1-690 done
2026-09-30T17:57:29.059482Z celld-1 /cell/w1-697 done
2026-09-30T17:57:29.337733Z celld-1 /cell/w1-706 start
2026-09-30T17:57:29.337876Z celld-1 /cell/w1-706 stored
2026-09-30T17:57:29.337893Z celld-1 /cell/w1-706 facet
2026-09-30T17:57:29.355871Z  INFO cell_console: TRACE /cell/w1-657 hung-0
2026-09-30T17:57:29.355967Z celld-1 /cell/w1-657 load
2026-09-30T17:57:29.362488Z celld-1 /cell/w1-657 loaded
2026-09-30T17:57:29.362541Z  INFO cell_console: TRACE /cell/w1-657 facet-retry-1
2026-09-30T17:57:29.370008Z celld-1 /cell/w1-705 start
2026-09-30T17:57:29.370221Z celld-1 /cell/w1-705 stored
2026-09-30T17:57:29.370255Z celld-1 /cell/w1-705 facet
2026-09-30T17:57:29.380726Z celld-1 /cell/w1-704 start
2026-09-30T17:57:29.380857Z celld-1 /cell/w1-704 stored
2026-09-30T17:57:29.380889Z celld-1 /cell/w1-704 facet
2026-09-30T17:57:29.732337Z  INFO cell_console: TRACE /cell/w1-659 hung-0
2026-09-30T17:57:29.732435Z celld-1 /cell/w1-659 load
2026-09-30T17:57:29.738965Z celld-1 /cell/w1-659 loaded
2026-09-30T17:57:29.739005Z  INFO cell_console: TRACE /cell/w1-659 facet-retry-1
2026-09-30T17:57:29.787780Z  INFO cell_console: TRACE /cell/w1-660 hung-0
2026-09-30T17:57:29.787834Z celld-1 /cell/w1-660 load
2026-09-30T17:57:29.795364Z celld-1 /cell/w1-660 loaded
2026-09-30T17:57:29.795401Z  INFO cell_console: TRACE /cell/w1-660 facet-retry-1
2026-09-30T17:57:29.813238Z celld-1 /cell/w1-710 start
2026-09-30T17:57:29.813420Z celld-1 /cell/w1-710 stored
2026-09-30T17:57:29.813446Z celld-1 /cell/w1-710 facet
2026-09-30T17:57:30.141298Z  INFO cell_console: TRACE /cell/w1-661 hung-0
2026-09-30T17:57:30.141414Z celld-1 /cell/w1-661 load
2026-09-30T17:57:30.147735Z celld-1 /cell/w1-661 loaded
2026-09-30T17:57:30.147787Z  INFO cell_console: TRACE /cell/w1-661 facet-retry-1
2026-09-30T17:57:30.327439Z celld-1 /cell/w1-711 start
2026-09-30T17:57:30.327618Z celld-1 /cell/w1-711 stored
2026-09-30T17:57:30.327656Z celld-1 /cell/w1-711 facet
2026-09-30T17:57:31.065777Z celld-1 /cell/w1-713 start
2026-09-30T17:57:31.065954Z celld-1 /cell/w1-713 stored
2026-09-30T17:57:31.065994Z celld-1 /cell/w1-713 facet
2026-09-30T17:57:31.459316Z  INFO cell_console: TRACE /cell/w1-665 hung-0
2026-09-30T17:57:31.459402Z celld-1 /cell/w1-665 load
2026-09-30T17:57:31.465612Z celld-1 /cell/w1-665 loaded
2026-09-30T17:57:31.465668Z  INFO cell_console: TRACE /cell/w1-665 facet-retry-1
2026-09-30T17:57:31.559861Z celld-1 /cell/w1-714 start
2026-09-30T17:57:31.560008Z celld-1 /cell/w1-714 stored
2026-09-30T17:57:31.560055Z celld-1 /cell/w1-714 facet
2026-09-30T17:57:31.787670Z celld-1 /cell/w1-716 start
2026-09-30T17:57:31.787952Z celld-1 /cell/w1-716 stored
2026-09-30T17:57:31.787985Z celld-1 /cell/w1-716 facet
2026-09-30T17:57:32.081837Z celld-1 /cell/w1-717 start
2026-09-30T17:57:32.081964Z celld-1 /cell/w1-717 stored
2026-09-30T17:57:32.081982Z celld-1 /cell/w1-717 facet
2026-09-30T17:57:32.487748Z celld-1 /cell/w1-721 start
2026-09-30T17:57:32.487899Z celld-1 /cell/w1-721 stored
2026-09-30T17:57:32.487979Z celld-1 /cell/w1-721 facet
2026-09-30T17:57:32.650290Z celld-1 /cell/w1-704 done
2026-09-30T17:57:32.650309Z celld-1 /cell/w1-706 done
2026-09-30T17:57:32.650606Z celld-1 /cell/w1-705 done
2026-09-30T17:57:32.650767Z celld-1 /cell/w1-698 done
2026-09-30T17:57:33.304361Z  INFO cell_console: TRACE /cell/w1-621 hung-1
2026-09-30T17:57:33.304456Z celld-1 /cell/w1-621 load
2026-09-30T17:57:33.311386Z celld-1 /cell/w1-621 loaded
2026-09-30T17:57:33.311417Z  INFO cell_console: TRACE /cell/w1-621 facet-retry-2
2026-09-30T17:57:33.311564Z celld-1 /cell/w1-714 done
2026-09-30T17:57:33.311833Z celld-1 /cell/w1-710 done
2026-09-30T17:57:33.312009Z celld-1 /cell/w1-711 done
2026-09-30T17:57:34.093645Z celld-1 /cell/w1-726 start
2026-09-30T17:57:34.093772Z celld-1 /cell/w1-726 stored
2026-09-30T17:57:34.093798Z celld-1 /cell/w1-726 facet
2026-09-30T17:57:34.176450Z celld-1 /cell/w1-713 done
2026-09-30T17:57:34.176921Z celld-1 /cell/w1-716 done
2026-09-30T17:57:34.180544Z celld-1 /cell/w1-729 start
2026-09-30T17:57:34.180785Z celld-1 /cell/w1-729 stored
2026-09-30T17:57:34.180821Z celld-1 /cell/w1-729 facet
2026-09-30T17:57:34.568904Z  INFO cell_console: TRACE /cell/w1-571 hung-2
2026-09-30T17:57:35.014988Z celld-1 /cell/w1-717 done
2026-09-30T17:57:35.235685Z celld-1 /cell/w1-734 start
2026-09-30T17:57:35.235818Z celld-1 /cell/w1-734 stored
2026-09-30T17:57:35.235871Z celld-1 /cell/w1-734 facet
2026-09-30T17:57:35.236360Z celld-1 /cell/w1-732 start
2026-09-30T17:57:35.236587Z celld-1 /cell/w1-732 stored
2026-09-30T17:57:35.236602Z celld-1 /cell/w1-732 facet
2026-09-30T17:57:35.452152Z celld-1 /cell/w1-721 done
2026-09-30T17:57:35.934838Z  INFO cell_console: TRACE /cell/w1-633 hung-1
2026-09-30T17:57:35.934947Z celld-1 /cell/w1-633 load
2026-09-30T17:57:35.941657Z celld-1 /cell/w1-633 loaded
2026-09-30T17:57:35.941699Z  INFO cell_console: TRACE /cell/w1-633 facet-retry-2
2026-09-30T17:57:36.421491Z celld-1 /cell/w1-729 done
2026-09-30T17:57:36.421992Z celld-1 /cell/w1-726 done
2026-09-30T17:57:36.970723Z celld-1 /cell/w1-735 start
2026-09-30T17:57:36.970848Z celld-1 /cell/w1-735 stored
2026-09-30T17:57:36.970883Z celld-1 /cell/w1-735 facet
2026-09-30T17:57:37.548632Z celld-1 /cell/w1-732 done
2026-09-30T17:57:37.548961Z celld-1 /cell/w1-734 done
2026-09-30T17:57:37.617281Z celld-1 /cell/w1-741 start
2026-09-30T17:57:37.617512Z celld-1 /cell/w1-741 stored
2026-09-30T17:57:37.617602Z celld-1 /cell/w1-741 facet
2026-09-30T17:57:37.661024Z celld-1 /cell/w1-742 start
2026-09-30T17:57:37.661183Z celld-1 /cell/w1-742 stored
2026-09-30T17:57:37.661223Z celld-1 /cell/w1-742 facet
2026-09-30T17:57:38.263441Z celld-1 /cell/w1-747 start
2026-09-30T17:57:38.263559Z celld-1 /cell/w1-747 stored
2026-09-30T17:57:38.263587Z celld-1 /cell/w1-747 facet
2026-09-30T17:57:39.082410Z celld-1 /cell/w1-735 done
2026-09-30T17:57:39.082692Z celld-1 /cell/w1-741 done
2026-09-30T17:57:39.146427Z celld-1 /cell/w1-752 start
2026-09-30T17:57:39.146594Z celld-1 /cell/w1-752 stored
2026-09-30T17:57:39.146630Z celld-1 /cell/w1-752 facet
2026-09-30T17:57:39.364344Z  INFO cell_console: TRACE /cell/w1-657 hung-1
2026-09-30T17:57:39.364440Z celld-1 /cell/w1-657 load
2026-09-30T17:57:39.370122Z celld-1 /cell/w1-657 loaded
2026-09-30T17:57:39.370159Z  INFO cell_console: TRACE /cell/w1-657 facet-retry-2
2026-09-30T17:57:39.377317Z celld-1 /cell/w1-753 start
2026-09-30T17:57:39.377533Z celld-1 /cell/w1-753 stored
2026-09-30T17:57:39.377568Z celld-1 /cell/w1-753 facet
2026-09-30T17:57:39.509764Z celld-1 /cell/w1-742 done
2026-09-30T17:57:39.740897Z  INFO cell_console: TRACE /cell/w1-659 hung-1
2026-09-30T17:57:39.741016Z celld-1 /cell/w1-659 load
2026-09-30T17:57:39.746533Z celld-1 /cell/w1-659 loaded
2026-09-30T17:57:39.746557Z  INFO cell_console: TRACE /cell/w1-659 facet-retry-2
2026-09-30T17:57:39.796583Z  INFO cell_console: TRACE /cell/w1-660 hung-1
2026-09-30T17:57:39.796688Z celld-1 /cell/w1-660 load
2026-09-30T17:57:39.804686Z celld-1 /cell/w1-660 loaded
2026-09-30T17:57:39.804714Z  INFO cell_console: TRACE /cell/w1-660 facet-retry-2
2026-09-30T17:57:40.066450Z celld-1 /cell/w1-747 done
2026-09-30T17:57:40.157825Z  INFO cell_console: TRACE /cell/w1-661 hung-1
2026-09-30T17:57:40.157890Z celld-1 /cell/w1-661 load
2026-09-30T17:57:40.163462Z celld-1 /cell/w1-661 loaded
2026-09-30T17:57:40.163510Z  INFO cell_console: TRACE /cell/w1-661 facet-retry-2
2026-09-30T17:57:40.834041Z celld-1 /cell/w1-759 start
2026-09-30T17:57:40.834214Z celld-1 /cell/w1-759 stored
2026-09-30T17:57:40.834264Z celld-1 /cell/w1-759 facet
2026-09-30T17:57:41.093431Z celld-1 /cell/w1-752 done
2026-09-30T17:57:41.235195Z celld-1 /cell/w1-753 done
2026-09-30T17:57:41.466614Z  INFO cell_console: TRACE /cell/w1-665 hung-1
2026-09-30T17:57:41.466704Z celld-1 /cell/w1-665 load
2026-09-30T17:57:41.473329Z celld-1 /cell/w1-665 loaded
2026-09-30T17:57:41.473389Z  INFO cell_console: TRACE /cell/w1-665 facet-retry-2
2026-09-30T17:57:41.485363Z celld-1 /cell/w1-764 start
2026-09-30T17:57:41.485486Z celld-1 /cell/w1-764 stored
2026-09-30T17:57:41.485520Z celld-1 /cell/w1-764 facet
2026-09-30T17:57:41.487775Z celld-1 /cell/w1-763 start
2026-09-30T17:57:41.487914Z celld-1 /cell/w1-763 stored
2026-09-30T17:57:41.487943Z celld-1 /cell/w1-763 facet
2026-09-30T17:57:41.838165Z celld-1 /cell/w1-768 start
2026-09-30T17:57:41.839085Z celld-1 /cell/w1-768 stored
2026-09-30T17:57:41.839116Z celld-1 /cell/w1-768 facet
2026-09-30T17:57:41.922792Z celld-1 /cell/w1-769 start
2026-09-30T17:57:41.922917Z celld-1 /cell/w1-769 stored
2026-09-30T17:57:41.922932Z celld-1 /cell/w1-769 facet
2026-09-30T17:57:42.890850Z celld-1 /cell/w1-759 done
2026-09-30T17:57:43.180422Z celld-1 /cell/w1-763 done
2026-09-30T17:57:43.181020Z celld-1 /cell/w1-764 done
2026-09-30T17:57:43.253941Z celld-1 /cell/w1-774 start
2026-09-30T17:57:43.254069Z celld-1 /cell/w1-774 stored
2026-09-30T17:57:43.254112Z celld-1 /cell/w1-774 facet
2026-09-30T17:57:43.313205Z  INFO cell_console: TRACE /cell/w1-621 hung-2
2026-09-30T17:57:43.371396Z celld-1 /cell/w1-768 done
2026-09-30T17:57:44.029123Z celld-1 /cell/w1-781 start
2026-09-30T17:57:44.029303Z celld-1 /cell/w1-781 stored
2026-09-30T17:57:44.029343Z celld-1 /cell/w1-781 facet
2026-09-30T17:57:44.332992Z celld-1 /cell/w1-769 done
2026-09-30T17:57:45.315949Z celld-1 /cell/w1-784 start
2026-09-30T17:57:45.316106Z celld-1 /cell/w1-784 stored
2026-09-30T17:57:45.316146Z celld-1 /cell/w1-784 facet
2026-09-30T17:57:45.369956Z celld-1 /cell/w1-786 start
2026-09-30T17:57:45.370123Z celld-1 /cell/w1-786 stored
2026-09-30T17:57:45.370157Z celld-1 /cell/w1-786 facet
2026-09-30T17:57:45.459156Z celld-1 /cell/w1-785 start
2026-09-30T17:57:45.459292Z celld-1 /cell/w1-785 stored
2026-09-30T17:57:45.459320Z celld-1 /cell/w1-785 facet
2026-09-30T17:57:45.942510Z  INFO cell_console: TRACE /cell/w1-633 hung-2
2026-09-30T17:57:46.565946Z celld-1 /cell/w1-789 start
2026-09-30T17:57:46.566062Z celld-1 /cell/w1-789 stored
2026-09-30T17:57:46.566088Z celld-1 /cell/w1-789 facet
2026-09-30T17:57:47.456393Z celld-1 /cell/w1-784 done
2026-09-30T17:57:48.010801Z celld-1 /cell/w1-796 start
2026-09-30T17:57:48.011326Z celld-1 /cell/w1-796 stored
2026-09-30T17:57:48.011366Z celld-1 /cell/w1-796 facet
2026-09-30T17:57:48.120083Z celld-1 /cell/w1-797 start
2026-09-30T17:57:48.120220Z celld-1 /cell/w1-797 stored
2026-09-30T17:57:48.120291Z celld-1 /cell/w1-797 facet
2026-09-30T17:57:48.581152Z celld-1 /cell/w1-786 done
2026-09-30T17:57:48.581698Z celld-1 /cell/w1-785 done
2026-09-30T17:57:48.648402Z celld-1 /cell/w1-799 start
2026-09-30T17:57:48.648521Z celld-1 /cell/w1-799 stored
2026-09-30T17:57:48.648534Z celld-1 /cell/w1-799 facet
2026-09-30T17:57:48.739187Z celld-1 /cell/w1-800 start
2026-09-30T17:57:48.739351Z celld-1 /cell/w1-800 stored
2026-09-30T17:57:48.739384Z celld-1 /cell/w1-800 facet
2026-09-30T17:57:48.807254Z celld-1 /cell/w1-789 done
2026-09-30T17:57:49.372248Z  INFO cell_console: TRACE /cell/w1-657 hung-2
2026-09-30T17:57:49.747645Z  INFO cell_console: TRACE /cell/w1-659 hung-2
2026-09-30T17:57:49.805246Z  INFO cell_console: TRACE /cell/w1-660 hung-2
2026-09-30T17:57:49.924643Z celld-1 /cell/w1-806 start
2026-09-30T17:57:49.924846Z celld-1 /cell/w1-806 stored
2026-09-30T17:57:49.924872Z celld-1 /cell/w1-806 facet
2026-09-30T17:57:49.925272Z celld-1 /cell/w1-807 start
2026-09-30T17:57:49.925408Z celld-1 /cell/w1-807 stored
2026-09-30T17:57:49.925422Z celld-1 /cell/w1-807 facet
2026-09-30T17:57:50.164574Z  INFO cell_console: TRACE /cell/w1-661 hung-2
2026-09-30T17:57:50.309470Z celld-1 /cell/w1-808 start
2026-09-30T17:57:50.309656Z celld-1 /cell/w1-808 stored
2026-09-30T17:57:50.309709Z celld-1 /cell/w1-808 facet
2026-09-30T17:57:50.363010Z celld-1 /cell/w1-796 done
2026-09-30T17:57:50.363336Z celld-1 /cell/w1-797 done
2026-09-30T17:57:50.557423Z celld-1 /cell/w1-809 start
2026-09-30T17:57:50.557563Z celld-1 /cell/w1-809 stored
2026-09-30T17:57:50.557606Z celld-1 /cell/w1-809 facet
2026-09-30T17:57:51.474668Z  INFO cell_console: TRACE /cell/w1-665 hung-2
2026-09-30T17:57:51.625627Z celld-1 /cell/w1-813 start
2026-09-30T17:57:51.625765Z celld-1 /cell/w1-813 stored
2026-09-30T17:57:51.625814Z celld-1 /cell/w1-813 facet
2026-09-30T17:57:51.782188Z celld-1 /cell/w1-815 start
2026-09-30T17:57:51.782324Z celld-1 /cell/w1-815 stored
2026-09-30T17:57:51.782351Z celld-1 /cell/w1-815 facet
2026-09-30T17:57:51.942334Z celld-1 /cell/w1-799 done
2026-09-30T17:57:51.977116Z celld-1 /cell/w1-816 start
2026-09-30T17:57:51.977302Z celld-1 /cell/w1-816 stored
2026-09-30T17:57:51.977327Z celld-1 /cell/w1-816 facet
2026-09-30T17:57:52.012589Z celld-1 /cell/w1-819 start
2026-09-30T17:57:52.012718Z celld-1 /cell/w1-819 stored
2026-09-30T17:57:52.012747Z celld-1 /cell/w1-819 facet
2026-09-30T17:57:53.255464Z  INFO cell_console: TRACE /cell/w1-774 hung-0
2026-09-30T17:57:53.255539Z celld-1 /cell/w1-774 load
2026-09-30T17:57:53.261969Z celld-1 /cell/w1-774 loaded
2026-09-30T17:57:53.262005Z  INFO cell_console: TRACE /cell/w1-774 facet-retry-1
2026-09-30T17:57:53.547882Z celld-1 /cell/w1-825 start
2026-09-30T17:57:53.547998Z celld-1 /cell/w1-825 stored
2026-09-30T17:57:53.548023Z celld-1 /cell/w1-825 facet
2026-09-30T17:57:53.907411Z celld-1 /cell/w1-828 start
2026-09-30T17:57:53.907521Z celld-1 /cell/w1-828 stored
2026-09-30T17:57:53.907539Z celld-1 /cell/w1-828 facet
2026-09-30T17:57:54.030250Z  INFO cell_console: TRACE /cell/w1-781 hung-0
2026-09-30T17:57:54.030336Z celld-1 /cell/w1-781 load
2026-09-30T17:57:54.036999Z celld-1 /cell/w1-781 loaded
2026-09-30T17:57:54.037060Z  INFO cell_console: TRACE /cell/w1-781 facet-retry-1
2026-09-30T17:57:54.267595Z celld-1 /cell/w1-829 start
2026-09-30T17:57:54.267759Z celld-1 /cell/w1-829 stored
2026-09-30T17:57:54.267798Z celld-1 /cell/w1-829 facet
2026-09-30T17:57:54.419771Z celld-1 /cell/w1-830 start
2026-09-30T17:57:54.419975Z celld-1 /cell/w1-830 stored
2026-09-30T17:57:54.420014Z celld-1 /cell/w1-830 facet
2026-09-30T17:57:55.118228Z celld-1 /cell/w1-832 start
2026-09-30T17:57:55.118348Z celld-1 /cell/w1-832 stored
2026-09-30T17:57:55.118364Z celld-1 /cell/w1-832 facet
2026-09-30T17:57:55.238958Z celld-1 /cell/w1-835 start
2026-09-30T17:57:55.239163Z celld-1 /cell/w1-835 stored
2026-09-30T17:57:55.239206Z celld-1 /cell/w1-835 facet
2026-09-30T17:57:55.861710Z celld-1 /cell/w1-828 done
2026-09-30T17:57:55.862028Z celld-1 /cell/w1-829 done
2026-09-30T17:57:56.571331Z celld-1 /cell/w1-838 start
2026-09-30T17:57:56.571443Z celld-1 /cell/w1-838 stored
2026-09-30T17:57:56.571460Z celld-1 /cell/w1-838 facet
2026-09-30T17:57:57.040642Z celld-1 /cell/w1-839 start
2026-09-30T17:57:57.040749Z celld-1 /cell/w1-839 stored
2026-09-30T17:57:57.040764Z celld-1 /cell/w1-839 facet
2026-09-30T17:57:57.525971Z celld-1 /cell/w1-843 start
2026-09-30T17:57:57.526137Z celld-1 /cell/w1-843 stored
2026-09-30T17:57:57.526187Z celld-1 /cell/w1-843 facet
2026-09-30T17:57:58.035804Z celld-1 /cell/w1-839 done
2026-09-30T17:57:58.740535Z  INFO cell_console: TRACE /cell/w1-800 hung-0
2026-09-30T17:57:58.740665Z celld-1 /cell/w1-800 load
2026-09-30T17:57:58.747794Z celld-1 /cell/w1-800 loaded
2026-09-30T17:57:58.747870Z  INFO cell_console: TRACE /cell/w1-800 facet-retry-1
2026-09-30T17:57:58.923039Z celld-1 /cell/w1-843 done
2026-09-30T17:57:59.997494Z  INFO cell_console: TRACE /cell/w1-806 hung-0
2026-09-30T17:57:59.997571Z celld-1 /cell/w1-806 load
2026-09-30T17:57:59.997843Z  INFO cell_console: TRACE /cell/w1-807 hung-0
2026-09-30T17:57:59.997873Z celld-1 /cell/w1-807 load
2026-09-30T17:58:00.003217Z celld-1 /cell/w1-806 loaded
2026-09-30T17:58:00.003260Z  INFO cell_console: TRACE /cell/w1-806 facet-retry-1
2026-09-30T17:58:00.003542Z celld-1 /cell/w1-807 loaded
2026-09-30T17:58:00.003593Z  INFO cell_console: TRACE /cell/w1-807 facet-retry-1
2026-09-30T17:58:00.142546Z celld-1 /cell/w1-849 start
2026-09-30T17:58:00.142768Z celld-1 /cell/w1-849 stored
2026-09-30T17:58:00.142811Z celld-1 /cell/w1-849 facet
2026-09-30T17:58:00.314610Z  INFO cell_console: TRACE /cell/w1-808 hung-0
2026-09-30T17:58:00.314718Z celld-1 /cell/w1-808 load
2026-09-30T17:58:00.320759Z celld-1 /cell/w1-808 loaded
2026-09-30T17:58:00.320799Z  INFO cell_console: TRACE /cell/w1-808 facet-retry-1
2026-09-30T17:58:00.559128Z  INFO cell_console: TRACE /cell/w1-809 hung-0
2026-09-30T17:58:00.559211Z celld-1 /cell/w1-809 load
2026-09-30T17:58:00.566833Z celld-1 /cell/w1-809 loaded
2026-09-30T17:58:00.566873Z  INFO cell_console: TRACE /cell/w1-809 facet-retry-1
2026-09-30T17:58:00.733748Z celld-1 /cell/w1-852 start
2026-09-30T17:58:00.733865Z celld-1 /cell/w1-852 stored
2026-09-30T17:58:00.733884Z celld-1 /cell/w1-852 facet
2026-09-30T17:58:01.057868Z celld-1 /cell/w1-854 start
2026-09-30T17:58:01.057983Z celld-1 /cell/w1-854 stored
2026-09-30T17:58:01.058003Z celld-1 /cell/w1-854 facet
2026-09-30T17:58:01.626485Z  INFO cell_console: TRACE /cell/w1-813 hung-0
2026-09-30T17:58:01.626570Z celld-1 /cell/w1-813 load
2026-09-30T17:58:01.633156Z celld-1 /cell/w1-813 loaded
2026-09-30T17:58:01.633194Z  INFO cell_console: TRACE /cell/w1-813 facet-retry-1
2026-09-30T17:58:01.792521Z  INFO cell_console: TRACE /cell/w1-815 hung-0
2026-09-30T17:58:01.792615Z celld-1 /cell/w1-815 load
2026-09-30T17:58:01.798958Z celld-1 /cell/w1-815 loaded
2026-09-30T17:58:01.798995Z  INFO cell_console: TRACE /cell/w1-815 facet-retry-1
2026-09-30T17:58:01.978830Z  INFO cell_console: TRACE /cell/w1-816 hung-0
2026-09-30T17:58:01.978925Z celld-1 /cell/w1-816 load
2026-09-30T17:58:01.985369Z celld-1 /cell/w1-816 loaded
2026-09-30T17:58:01.985412Z  INFO cell_console: TRACE /cell/w1-816 facet-retry-1
2026-09-30T17:58:02.013464Z  INFO cell_console: TRACE /cell/w1-819 hung-0
2026-09-30T17:58:02.013510Z celld-1 /cell/w1-819 load
2026-09-30T17:58:02.020040Z celld-1 /cell/w1-819 loaded
2026-09-30T17:58:02.020077Z  INFO cell_console: TRACE /cell/w1-819 facet-retry-1
2026-09-30T17:58:02.722642Z celld-1 /cell/w1-859 start
2026-09-30T17:58:02.722747Z celld-1 /cell/w1-859 stored
2026-09-30T17:58:02.722768Z celld-1 /cell/w1-859 facet
2026-09-30T17:58:02.856457Z celld-1 /cell/w1-849 done
2026-09-30T17:58:02.858147Z celld-1 /cell/w1-852 done
2026-09-30T17:58:02.858515Z celld-1 /cell/w1-854 done
2026-09-30T17:58:03.264351Z  INFO cell_console: TRACE /cell/w1-774 hung-1
2026-09-30T17:58:03.264614Z celld-1 /cell/w1-774 load
2026-09-30T17:58:03.270922Z celld-1 /cell/w1-774 loaded
2026-09-30T17:58:03.270988Z  INFO cell_console: TRACE /cell/w1-774 facet-retry-2
2026-09-30T17:58:03.549514Z  INFO cell_console: TRACE /cell/w1-825 hung-0
2026-09-30T17:58:03.549615Z celld-1 /cell/w1-825 load
2026-09-30T17:58:03.555979Z celld-1 /cell/w1-825 loaded
2026-09-30T17:58:03.556037Z  INFO cell_console: TRACE /cell/w1-825 facet-retry-1
2026-09-30T17:58:03.913983Z celld-1 /cell/w1-860 start
2026-09-30T17:58:03.914139Z celld-1 /cell/w1-860 stored
2026-09-30T17:58:03.914190Z celld-1 /cell/w1-860 facet
2026-09-30T17:58:04.039862Z  INFO cell_console: TRACE /cell/w1-781 hung-1
2026-09-30T17:58:04.039951Z celld-1 /cell/w1-781 load
2026-09-30T17:58:04.046666Z celld-1 /cell/w1-781 loaded
2026-09-30T17:58:04.046741Z  INFO cell_console: TRACE /cell/w1-781 facet-retry-2
2026-09-30T17:58:04.234679Z celld-1 /cell/w1-861 start
2026-09-30T17:58:04.234818Z celld-1 /cell/w1-861 stored
2026-09-30T17:58:04.234843Z celld-1 /cell/w1-861 facet
2026-09-30T17:58:04.342775Z celld-1 /cell/w1-864 start
2026-09-30T17:58:04.342945Z celld-1 /cell/w1-864 stored
2026-09-30T17:58:04.342983Z celld-1 /cell/w1-864 facet
2026-09-30T17:58:04.421875Z  INFO cell_console: TRACE /cell/w1-830 hung-0
2026-09-30T17:58:04.421996Z celld-1 /cell/w1-830 load
2026-09-30T17:58:04.428471Z celld-1 /cell/w1-830 loaded
2026-09-30T17:58:04.428514Z  INFO cell_console: TRACE /cell/w1-830 facet-retry-1
2026-09-30T17:58:04.542329Z celld-1 /cell/w1-859 done
2026-09-30T17:58:05.119494Z  INFO cell_console: TRACE /cell/w1-832 hung-0
2026-09-30T17:58:05.119876Z celld-1 /cell/w1-832 load
2026-09-30T17:58:05.126606Z celld-1 /cell/w1-832 loaded
2026-09-30T17:58:05.126658Z  INFO cell_console: TRACE /cell/w1-832 facet-retry-1
2026-09-30T17:58:05.340682Z  INFO cell_console: TRACE /cell/w1-835 hung-0
2026-09-30T17:58:05.340756Z celld-1 /cell/w1-835 load
2026-09-30T17:58:05.347419Z celld-1 /cell/w1-835 loaded
2026-09-30T17:58:05.347462Z  INFO cell_console: TRACE /cell/w1-835 facet-retry-1
2026-09-30T17:58:05.408264Z celld-1 /cell/w1-860 done
2026-09-30T17:58:05.408611Z celld-1 /cell/w1-861 done
2026-09-30T17:58:05.408839Z celld-1 /cell/w1-864 done
2026-09-30T17:58:06.573153Z  INFO cell_console: TRACE /cell/w1-838 hung-0
2026-09-30T17:58:06.573318Z celld-1 /cell/w1-838 load
2026-09-30T17:58:06.579952Z celld-1 /cell/w1-838 loaded
2026-09-30T17:58:06.580029Z  INFO cell_console: TRACE /cell/w1-838 facet-retry-1
2026-09-30T17:58:07.994268Z celld-1 /cell/w1-875 start
2026-09-30T17:58:07.994397Z celld-1 /cell/w1-875 stored
2026-09-30T17:58:07.994421Z celld-1 /cell/w1-875 facet
2026-09-30T17:58:08.424611Z celld-1 /cell/w1-876 start
2026-09-30T17:58:08.424792Z celld-1 /cell/w1-876 stored
2026-09-30T17:58:08.424827Z celld-1 /cell/w1-876 facet
2026-09-30T17:58:08.720025Z celld-1 /cell/w1-877 start
2026-09-30T17:58:08.720169Z celld-1 /cell/w1-877 stored
2026-09-30T17:58:08.720201Z celld-1 /cell/w1-877 facet
2026-09-30T17:58:08.749051Z  INFO cell_console: TRACE /cell/w1-800 hung-1
2026-09-30T17:58:08.749118Z celld-1 /cell/w1-800 load
2026-09-30T17:58:08.755478Z celld-1 /cell/w1-800 loaded
2026-09-30T17:58:08.755523Z  INFO cell_console: TRACE /cell/w1-800 facet-retry-2
2026-09-30T17:58:09.451920Z celld-1 /cell/w1-879 start
2026-09-30T17:58:09.452060Z celld-1 /cell/w1-879 stored
2026-09-30T17:58:09.452078Z celld-1 /cell/w1-879 facet
2026-09-30T17:58:09.586904Z celld-1 /cell/w1-881 start
2026-09-30T17:58:09.587036Z celld-1 /cell/w1-881 stored
2026-09-30T17:58:09.587068Z celld-1 /cell/w1-881 facet
2026-09-30T17:58:10.005988Z  INFO cell_console: TRACE /cell/w1-806 hung-1
2026-09-30T17:58:10.006064Z celld-1 /cell/w1-806 load
2026-09-30T17:58:10.006185Z  INFO cell_console: TRACE /cell/w1-807 hung-1
2026-09-30T17:58:10.006213Z celld-1 /cell/w1-807 load
2026-09-30T17:58:10.012343Z celld-1 /cell/w1-807 loaded
2026-09-30T17:58:10.012392Z  INFO cell_console: TRACE /cell/w1-807 facet-retry-2
2026-09-30T17:58:10.012677Z celld-1 /cell/w1-806 loaded
2026-09-30T17:58:10.012699Z  INFO cell_console: TRACE /cell/w1-806 facet-retry-2
2026-09-30T17:58:10.321464Z  INFO cell_console: TRACE /cell/w1-808 hung-1
2026-09-30T17:58:10.321558Z celld-1 /cell/w1-808 load
2026-09-30T17:58:10.328622Z celld-1 /cell/w1-808 loaded
2026-09-30T17:58:10.328668Z  INFO cell_console: TRACE /cell/w1-808 facet-retry-2
2026-09-30T17:58:10.567409Z  INFO cell_console: TRACE /cell/w1-809 hung-1
2026-09-30T17:58:10.567527Z celld-1 /cell/w1-809 load
2026-09-30T17:58:10.574326Z celld-1 /cell/w1-809 loaded
2026-09-30T17:58:10.574377Z  INFO cell_console: TRACE /cell/w1-809 facet-retry-2
2026-09-30T17:58:10.604052Z celld-1 /cell/w1-876 done
2026-09-30T17:58:10.604934Z celld-1 /cell/w1-875 done
2026-09-30T17:58:10.639231Z celld-1 /cell/w1-883 start
2026-09-30T17:58:10.639347Z celld-1 /cell/w1-883 stored
2026-09-30T17:58:10.639367Z celld-1 /cell/w1-883 facet
2026-09-30T17:58:10.840211Z celld-1 /cell/w1-877 done
2026-09-30T17:58:11.284900Z celld-1 /cell/w1-879 done
2026-09-30T17:58:11.635291Z  INFO cell_console: TRACE /cell/w1-813 hung-1
2026-09-30T17:58:11.635372Z celld-1 /cell/w1-813 load
2026-09-30T17:58:11.642398Z celld-1 /cell/w1-813 loaded
2026-09-30T17:58:11.642434Z  INFO cell_console: TRACE /cell/w1-813 facet-retry-2
2026-09-30T17:58:11.799681Z  INFO cell_console: TRACE /cell/w1-815 hung-1
2026-09-30T17:58:11.799779Z celld-1 /cell/w1-815 load
2026-09-30T17:58:11.806333Z celld-1 /cell/w1-815 loaded
2026-09-30T17:58:11.806372Z  INFO cell_console: TRACE /cell/w1-815 facet-retry-2
2026-09-30T17:58:11.918325Z celld-1 /cell/w1-881 done
2026-09-30T17:58:11.986749Z  INFO cell_console: TRACE /cell/w1-816 hung-1
2026-09-30T17:58:11.986838Z celld-1 /cell/w1-816 load
2026-09-30T17:58:11.993515Z celld-1 /cell/w1-816 loaded
2026-09-30T17:58:11.993561Z  INFO cell_console: TRACE /cell/w1-816 facet-retry-2
2026-09-30T17:58:12.022369Z  INFO cell_console: TRACE /cell/w1-819 hung-1
2026-09-30T17:58:12.022490Z celld-1 /cell/w1-819 load
2026-09-30T17:58:12.028821Z celld-1 /cell/w1-819 loaded
2026-09-30T17:58:12.028857Z  INFO cell_console: TRACE /cell/w1-819 facet-retry-2
2026-09-30T17:58:12.260244Z celld-1 /cell/w1-887 start
2026-09-30T17:58:12.260394Z celld-1 /cell/w1-887 stored
2026-09-30T17:58:12.260426Z celld-1 /cell/w1-887 facet
2026-09-30T17:58:12.654792Z celld-1 /cell/w1-883 done
2026-09-30T17:58:13.396066Z  INFO cell_console: TRACE /cell/w1-774 hung-2
2026-09-30T17:58:13.558252Z  INFO cell_console: TRACE /cell/w1-825 hung-1
2026-09-30T17:58:13.558365Z celld-1 /cell/w1-825 load
2026-09-30T17:58:13.565020Z celld-1 /cell/w1-825 loaded
2026-09-30T17:58:13.565088Z  INFO cell_console: TRACE /cell/w1-825 facet-retry-2
2026-09-30T17:58:13.745025Z celld-1 /cell/w1-892 start
2026-09-30T17:58:13.745138Z celld-1 /cell/w1-892 stored
2026-09-30T17:58:13.745158Z celld-1 /cell/w1-892 facet
2026-09-30T17:58:14.048187Z  INFO cell_console: TRACE /cell/w1-781 hung-2
2026-09-30T17:58:14.430329Z  INFO cell_console: TRACE /cell/w1-830 hung-1
2026-09-30T17:58:14.430410Z celld-1 /cell/w1-830 load
2026-09-30T17:58:14.436029Z celld-1 /cell/w1-830 loaded
2026-09-30T17:58:14.436070Z  INFO cell_console: TRACE /cell/w1-830 facet-retry-2
2026-09-30T17:58:14.454878Z celld-1 /cell/w1-887 done
2026-09-30T17:58:14.620740Z celld-1 /cell/w1-893 start
2026-09-30T17:58:14.620858Z celld-1 /cell/w1-893 stored
2026-09-30T17:58:14.620936Z celld-1 /cell/w1-893 facet
2026-09-30T17:58:15.128484Z  INFO cell_console: TRACE /cell/w1-832 hung-1
2026-09-30T17:58:15.128598Z celld-1 /cell/w1-832 load
2026-09-30T17:58:15.135042Z celld-1 /cell/w1-832 loaded
2026-09-30T17:58:15.135077Z  INFO cell_console: TRACE /cell/w1-832 facet-retry-2
2026-09-30T17:58:15.144074Z celld-1 /cell/w1-894 start
2026-09-30T17:58:15.144818Z celld-1 /cell/w1-894 stored
2026-09-30T17:58:15.145035Z celld-1 /cell/w1-894 facet
2026-09-30T17:58:15.349546Z  INFO cell_console: TRACE /cell/w1-835 hung-1
2026-09-30T17:58:15.349606Z celld-1 /cell/w1-835 load
2026-09-30T17:58:15.356305Z celld-1 /cell/w1-835 loaded
2026-09-30T17:58:15.356353Z  INFO cell_console: TRACE /cell/w1-835 facet-retry-2
2026-09-30T17:58:15.594468Z celld-1 /cell/w1-892 done
2026-09-30T17:58:15.785277Z celld-1 /cell/w1-898 start
2026-09-30T17:58:15.785410Z celld-1 /cell/w1-898 stored
2026-09-30T17:58:15.785437Z celld-1 /cell/w1-898 facet
2026-09-30T17:58:16.252630Z celld-1 /cell/w1-900 start
2026-09-30T17:58:16.252745Z celld-1 /cell/w1-900 stored
2026-09-30T17:58:16.252764Z celld-1 /cell/w1-900 facet
2026-09-30T17:58:16.645161Z  INFO cell_console: TRACE /cell/w1-838 hung-1
2026-09-30T17:58:16.645457Z celld-1 /cell/w1-838 load
2026-09-30T17:58:16.645991Z celld-1 /cell/w1-894 done
2026-09-30T17:58:16.646466Z celld-1 /cell/w1-893 done
2026-09-30T17:58:16.651905Z celld-1 /cell/w1-838 loaded
2026-09-30T17:58:16.651945Z  INFO cell_console: TRACE /cell/w1-838 facet-retry-2
2026-09-30T17:58:17.581212Z celld-1 /cell/w1-898 done
2026-09-30T17:58:17.692218Z celld-1 /cell/w1-900 done
2026-09-30T17:58:18.757347Z  INFO cell_console: TRACE /cell/w1-800 hung-2
2026-09-30T17:58:20.013310Z  INFO cell_console: TRACE /cell/w1-806 hung-2
2026-09-30T17:58:20.014060Z  INFO cell_console: TRACE /cell/w1-807 hung-2
2026-09-30T17:58:20.365071Z  INFO cell_console: TRACE /cell/w1-808 hung-2
2026-09-30T17:58:20.576154Z  INFO cell_console: TRACE /cell/w1-809 hung-2
2026-09-30T17:58:21.644362Z  INFO cell_console: TRACE /cell/w1-813 hung-2
2026-09-30T17:58:21.807507Z  INFO cell_console: TRACE /cell/w1-815 hung-2
2026-09-30T17:58:22.127763Z  INFO cell_console: TRACE /cell/w1-816 hung-2
2026-09-30T17:58:22.128187Z  INFO cell_console: TRACE /cell/w1-819 hung-2
2026-09-30T17:58:23.567432Z  INFO cell_console: TRACE /cell/w1-825 hung-2
2026-09-30T17:58:24.438348Z  INFO cell_console: TRACE /cell/w1-830 hung-2
2026-09-30T17:58:25.137280Z  INFO cell_console: TRACE /cell/w1-832 hung-2
2026-09-30T17:58:25.358201Z  INFO cell_console: TRACE /cell/w1-835 hung-2
2026-09-30T17:58:26.780479Z  INFO cell_console: TRACE /cell/w1-838 hung-2
2026-09-30T17:55:36.240113Z celld-2 /cell/w1-12 start
2026-09-30T17:55:36.240513Z celld-2 /cell/w1-12 stored
2026-09-30T17:55:36.240606Z celld-2 /cell/w1-12 load
2026-09-30T17:55:36.240705Z celld-2 /cell/w1-12 facet
2026-09-30T17:55:36.241201Z celld-2 /cell/w1-15 start
2026-09-30T17:55:36.241365Z celld-2 /cell/w1-15 stored
2026-09-30T17:55:36.241402Z celld-2 /cell/w1-15 facet
2026-09-30T17:55:36.244999Z celld-2 /cell/w1-4 start
2026-09-30T17:55:36.245228Z celld-2 /cell/w1-4 stored
2026-09-30T17:55:36.245320Z celld-2 /cell/w1-4 facet
2026-09-30T17:55:36.247146Z celld-2 /cell/w1-17 start
2026-09-30T17:55:36.247315Z celld-2 /cell/w1-17 stored
2026-09-30T17:55:36.247383Z celld-2 /cell/w1-17 facet
2026-09-30T17:55:36.249076Z celld-2 /cell/w1-11 start
2026-09-30T17:55:36.249285Z celld-2 /cell/w1-11 stored
2026-09-30T17:55:36.249326Z celld-2 /cell/w1-11 facet
2026-09-30T17:55:36.250516Z celld-2 /cell/w1-16 start
2026-09-30T17:55:36.250632Z celld-2 /cell/w1-16 stored
2026-09-30T17:55:36.250664Z celld-2 /cell/w1-16 facet
2026-09-30T17:55:36.251847Z celld-2 /cell/w1-13 start
2026-09-30T17:55:36.251971Z celld-2 /cell/w1-13 stored
2026-09-30T17:55:36.252021Z celld-2 /cell/w1-13 facet
2026-09-30T17:55:36.253323Z celld-2 /cell/w1-14 start
2026-09-30T17:55:36.253436Z celld-2 /cell/w1-14 stored
2026-09-30T17:55:36.253452Z celld-2 /cell/w1-14 facet
2026-09-30T17:55:36.254125Z celld-2 /cell/w1-5 start
2026-09-30T17:55:36.254420Z celld-2 /cell/w1-5 stored
2026-09-30T17:55:36.254485Z celld-2 /cell/w1-5 facet
2026-09-30T17:55:36.254817Z celld-2 /cell/w1-12 loaded
2026-09-30T17:55:36.273983Z celld-2 /cell/w1-7 start
2026-09-30T17:55:36.274115Z celld-2 /cell/w1-7 stored
2026-09-30T17:55:36.274147Z celld-2 /cell/w1-7 facet
2026-09-30T17:55:36.299313Z celld-2 /cell/w1-18 start
2026-09-30T17:55:36.299503Z celld-2 /cell/w1-18 stored
2026-09-30T17:55:36.299545Z celld-2 /cell/w1-18 facet
2026-09-30T17:55:37.214169Z celld-2 /cell/w1-16 done
2026-09-30T17:55:37.280100Z celld-2 /cell/w1-12 done
2026-09-30T17:55:37.280479Z celld-2 /cell/w1-17 done
2026-09-30T17:55:37.280996Z celld-2 /cell/w1-5 done
2026-09-30T17:55:37.351922Z celld-2 /cell/w1-7 done
2026-09-30T17:55:37.358468Z celld-2 /cell/w1-13 done
2026-09-30T17:55:37.369320Z celld-2 /cell/w1-4 done
2026-09-30T17:55:37.370518Z celld-2 /cell/w1-14 done
2026-09-30T17:55:37.386747Z celld-2 /cell/w1-15 done
2026-09-30T17:55:37.429671Z celld-2 /cell/w1-11 done
2026-09-30T17:55:37.546891Z celld-2 /cell/w1-18 done
2026-09-30T17:55:38.484635Z celld-2 /cell/w1-30 start
2026-09-30T17:55:38.484772Z celld-2 /cell/w1-30 stored
2026-09-30T17:55:38.484791Z celld-2 /cell/w1-30 facet
2026-09-30T17:55:38.485708Z celld-2 /cell/w1-26 start
2026-09-30T17:55:38.485866Z celld-2 /cell/w1-26 stored
2026-09-30T17:55:38.485903Z celld-2 /cell/w1-26 facet
2026-09-30T17:55:38.506816Z celld-2 /cell/w1-28 start
2026-09-30T17:55:38.506930Z celld-2 /cell/w1-28 stored
2026-09-30T17:55:38.506959Z celld-2 /cell/w1-28 facet
2026-09-30T17:55:38.750977Z celld-2 /cell/w1-34 start
2026-09-30T17:55:38.751176Z celld-2 /cell/w1-34 stored
2026-09-30T17:55:38.751201Z celld-2 /cell/w1-34 facet
2026-09-30T17:55:38.753461Z celld-2 /cell/w1-40 start
2026-09-30T17:55:38.753595Z celld-2 /cell/w1-40 stored
2026-09-30T17:55:38.753625Z celld-2 /cell/w1-40 facet
2026-09-30T17:55:39.467698Z celld-2 /cell/w1-30 done
2026-09-30T17:55:39.472868Z celld-2 /cell/w1-28 done
2026-09-30T17:55:39.603494Z celld-2 /cell/w1-26 done
2026-09-30T17:55:39.722708Z celld-2 /cell/w1-47 start
2026-09-30T17:55:39.722814Z celld-2 /cell/w1-47 stored
2026-09-30T17:55:39.722834Z celld-2 /cell/w1-47 facet
2026-09-30T17:55:39.723375Z celld-2 /cell/w1-45 start
2026-09-30T17:55:39.723587Z celld-2 /cell/w1-45 stored
2026-09-30T17:55:39.723607Z celld-2 /cell/w1-45 facet
2026-09-30T17:55:39.998628Z celld-2 /cell/w1-40 done
2026-09-30T17:55:40.092876Z celld-2 /cell/w1-48 start
2026-09-30T17:55:40.093009Z celld-2 /cell/w1-48 stored
2026-09-30T17:55:40.093038Z celld-2 /cell/w1-48 facet
2026-09-30T17:55:40.124250Z celld-2 /cell/w1-34 done
2026-09-30T17:55:40.846473Z celld-2 /cell/w1-50 start
2026-09-30T17:55:40.846654Z celld-2 /cell/w1-50 stored
2026-09-30T17:55:40.846693Z celld-2 /cell/w1-50 facet
2026-09-30T17:55:41.093616Z celld-2 /cell/w1-51 start
2026-09-30T17:55:41.093825Z celld-2 /cell/w1-51 stored
2026-09-30T17:55:41.093869Z celld-2 /cell/w1-51 facet
2026-09-30T17:55:41.131888Z celld-2 /cell/w1-45 done
2026-09-30T17:55:41.132114Z celld-2 /cell/w1-47 done
2026-09-30T17:55:41.265635Z celld-2 /cell/w1-53 start
2026-09-30T17:55:41.265826Z celld-2 /cell/w1-53 stored
2026-09-30T17:55:41.265866Z celld-2 /cell/w1-53 facet
2026-09-30T17:55:41.303411Z celld-2 /cell/w1-54 start
2026-09-30T17:55:41.303528Z celld-2 /cell/w1-54 stored
2026-09-30T17:55:41.303552Z celld-2 /cell/w1-54 facet
2026-09-30T17:55:41.531850Z celld-2 /cell/w1-48 done
2026-09-30T17:55:42.202383Z celld-2 /cell/w1-50 done
2026-09-30T17:55:42.321780Z celld-2 /cell/w1-51 done
2026-09-30T17:55:42.468339Z celld-2 /cell/w1-60 start
2026-09-30T17:55:42.468453Z celld-2 /cell/w1-60 stored
2026-09-30T17:55:42.468478Z celld-2 /cell/w1-60 facet
2026-09-30T17:55:42.514986Z celld-2 /cell/w1-53 done
2026-09-30T17:55:42.571375Z celld-2 /cell/w1-54 done
2026-09-30T17:55:42.585580Z celld-2 /cell/w1-61 start
2026-09-30T17:55:42.585710Z celld-2 /cell/w1-61 stored
2026-09-30T17:55:42.585736Z celld-2 /cell/w1-61 facet
2026-09-30T17:55:43.424027Z celld-2 /cell/w1-66 start
2026-09-30T17:55:43.424157Z celld-2 /cell/w1-66 stored
2026-09-30T17:55:43.424191Z celld-2 /cell/w1-66 facet
2026-09-30T17:55:43.822050Z celld-2 /cell/w1-60 done
2026-09-30T17:55:43.822495Z celld-2 /cell/w1-70 start
2026-09-30T17:55:43.822702Z celld-2 /cell/w1-70 stored
2026-09-30T17:55:43.822755Z celld-2 /cell/w1-70 facet
2026-09-30T17:55:43.974615Z celld-2 /cell/w1-61 done
2026-09-30T17:55:44.003164Z celld-2 /cell/w1-72 start
2026-09-30T17:55:44.003350Z celld-2 /cell/w1-72 stored
2026-09-30T17:55:44.003387Z celld-2 /cell/w1-72 facet
2026-09-30T17:55:44.637420Z celld-2 /cell/w1-66 done
2026-09-30T17:55:45.111843Z celld-2 /cell/w1-78 start
2026-09-30T17:55:45.112022Z celld-2 /cell/w1-78 stored
2026-09-30T17:55:45.112046Z celld-2 /cell/w1-78 facet
2026-09-30T17:55:45.112594Z celld-2 /cell/w1-80 start
2026-09-30T17:55:45.112880Z celld-2 /cell/w1-80 stored
2026-09-30T17:55:45.112895Z celld-2 /cell/w1-80 facet
2026-09-30T17:55:45.202678Z celld-2 /cell/w1-70 done
2026-09-30T17:55:45.368352Z celld-2 /cell/w1-72 done
2026-09-30T17:55:45.371346Z celld-2 /cell/w1-82 start
2026-09-30T17:55:45.371707Z celld-2 /cell/w1-82 stored
2026-09-30T17:55:45.371726Z celld-2 /cell/w1-82 facet
2026-09-30T17:55:45.424682Z celld-2 /cell/w1-83 start
2026-09-30T17:55:45.424845Z celld-2 /cell/w1-83 stored
2026-09-30T17:55:45.424875Z celld-2 /cell/w1-83 facet
2026-09-30T17:55:46.141491Z celld-2 /cell/w1-78 done
2026-09-30T17:55:46.141852Z celld-2 /cell/w1-80 done
2026-09-30T17:55:46.442518Z celld-2 /cell/w1-82 done
2026-09-30T17:55:46.506400Z celld-2 /cell/w1-83 done
2026-09-30T17:55:47.387434Z celld-2 /cell/w1-100 start
2026-09-30T17:55:47.387727Z celld-2 /cell/w1-100 stored
2026-09-30T17:55:47.387791Z celld-2 /cell/w1-100 load
2026-09-30T17:55:47.387840Z celld-2 /cell/w1-100 facet
2026-09-30T17:55:47.395354Z celld-2 /cell/w1-100 loaded
2026-09-30T17:55:47.706195Z celld-2 /cell/w1-102 start
2026-09-30T17:55:47.706360Z celld-2 /cell/w1-102 stored
2026-09-30T17:55:47.706413Z celld-2 /cell/w1-102 facet
2026-09-30T17:55:48.159135Z celld-2 /cell/w1-104 start
2026-09-30T17:55:48.159317Z celld-2 /cell/w1-104 stored
2026-09-30T17:55:48.159383Z celld-2 /cell/w1-104 facet
2026-09-30T17:55:49.146437Z celld-2 /cell/w1-100 done
2026-09-30T17:55:49.214084Z celld-2 /cell/w1-110 start
2026-09-30T17:55:49.214358Z celld-2 /cell/w1-110 stored
2026-09-30T17:55:49.214440Z celld-2 /cell/w1-110 facet
2026-09-30T17:55:49.329509Z celld-2 /cell/w1-102 done
2026-09-30T17:55:49.654237Z celld-2 /cell/w1-112 start
2026-09-30T17:55:49.654397Z celld-2 /cell/w1-112 stored
2026-09-30T17:55:49.654427Z celld-2 /cell/w1-112 facet
2026-09-30T17:55:49.697764Z celld-2 /cell/w1-104 done
2026-09-30T17:55:50.101959Z celld-2 /cell/w1-110 done
2026-09-30T17:55:50.159702Z celld-2 /cell/w1-114 start
2026-09-30T17:55:50.159848Z celld-2 /cell/w1-114 stored
2026-09-30T17:55:50.159888Z celld-2 /cell/w1-114 facet
2026-09-30T17:55:50.458596Z celld-2 /cell/w1-116 start
2026-09-30T17:55:50.458790Z celld-2 /cell/w1-116 stored
2026-09-30T17:55:50.458832Z celld-2 /cell/w1-116 facet
2026-09-30T17:55:50.667882Z celld-2 /cell/w1-112 done
2026-09-30T17:55:50.916173Z celld-2 /cell/w1-118 start
2026-09-30T17:55:50.916367Z celld-2 /cell/w1-118 stored
2026-09-30T17:55:50.916428Z celld-2 /cell/w1-118 facet
2026-09-30T17:55:50.996268Z celld-2 /cell/w1-119 start
2026-09-30T17:55:50.996394Z celld-2 /cell/w1-119 stored
2026-09-30T17:55:50.996464Z celld-2 /cell/w1-119 facet
2026-09-30T17:55:51.264968Z celld-2 /cell/w1-125 start
2026-09-30T17:55:51.265299Z celld-2 /cell/w1-125 stored
2026-09-30T17:55:51.265365Z celld-2 /cell/w1-125 facet
2026-09-30T17:55:51.364887Z celld-2 /cell/w1-114 done
2026-09-30T17:55:51.569062Z celld-2 /cell/w1-116 done
2026-09-30T17:55:52.312907Z celld-2 /cell/w1-118 done
2026-09-30T17:55:52.313215Z celld-2 /cell/w1-119 done
2026-09-30T17:55:52.462059Z celld-2 /cell/w1-125 done
2026-09-30T17:55:52.759414Z celld-2 /cell/w1-133 start
2026-09-30T17:55:52.759542Z celld-2 /cell/w1-133 stored
2026-09-30T17:55:52.759569Z celld-2 /cell/w1-133 facet
2026-09-30T17:55:52.761475Z celld-2 /cell/w1-132 start
2026-09-30T17:55:52.761611Z celld-2 /cell/w1-132 stored
2026-09-30T17:55:52.761629Z celld-2 /cell/w1-132 facet
2026-09-30T17:55:53.399023Z celld-2 /cell/w1-139 start
2026-09-30T17:55:53.399145Z celld-2 /cell/w1-139 stored
2026-09-30T17:55:53.399171Z celld-2 /cell/w1-139 facet
2026-09-30T17:55:53.841417Z celld-2 /cell/w1-141 start
2026-09-30T17:55:53.841558Z celld-2 /cell/w1-141 stored
2026-09-30T17:55:53.841592Z celld-2 /cell/w1-141 facet
2026-09-30T17:55:54.290223Z celld-2 /cell/w1-143 start
2026-09-30T17:55:54.290374Z celld-2 /cell/w1-143 stored
2026-09-30T17:55:54.290396Z celld-2 /cell/w1-143 facet
2026-09-30T17:55:54.444931Z celld-2 /cell/w1-132 done
2026-09-30T17:55:54.445299Z celld-2 /cell/w1-133 done
2026-09-30T17:55:54.447634Z celld-2 /cell/w1-144 start
2026-09-30T17:55:54.447977Z celld-2 /cell/w1-144 stored
2026-09-30T17:55:54.448008Z celld-2 /cell/w1-144 facet
2026-09-30T17:55:54.586987Z celld-2 /cell/w1-146 start
2026-09-30T17:55:54.587141Z celld-2 /cell/w1-146 stored
2026-09-30T17:55:54.587171Z celld-2 /cell/w1-146 facet
2026-09-30T17:55:54.596217Z celld-2 /cell/w1-145 start
2026-09-30T17:55:54.596394Z celld-2 /cell/w1-145 stored
2026-09-30T17:55:54.596407Z celld-2 /cell/w1-145 facet
2026-09-30T17:55:54.993207Z celld-2 /cell/w1-147 start
2026-09-30T17:55:54.993350Z celld-2 /cell/w1-147 stored
2026-09-30T17:55:54.993374Z celld-2 /cell/w1-147 facet
2026-09-30T17:55:55.174629Z celld-2 /cell/w1-141 done
2026-09-30T17:55:55.174903Z celld-2 /cell/w1-139 done
2026-09-30T17:55:55.375556Z celld-2 /cell/w1-149 start
2026-09-30T17:55:55.375698Z celld-2 /cell/w1-149 stored
2026-09-30T17:55:55.375719Z celld-2 /cell/w1-149 facet
2026-09-30T17:55:55.376211Z celld-2 /cell/w1-148 start
2026-09-30T17:55:55.376402Z celld-2 /cell/w1-148 stored
2026-09-30T17:55:55.376420Z celld-2 /cell/w1-148 facet
2026-09-30T17:55:55.429202Z celld-2 /cell/w1-152 start
2026-09-30T17:55:55.429362Z celld-2 /cell/w1-152 stored
2026-09-30T17:55:55.429391Z celld-2 /cell/w1-152 facet
2026-09-30T17:55:55.553052Z celld-2 /cell/w1-143 done
2026-09-30T17:55:55.605892Z celld-2 /cell/w1-153 start
2026-09-30T17:55:55.606016Z celld-2 /cell/w1-153 stored
2026-09-30T17:55:55.606042Z celld-2 /cell/w1-153 facet
2026-09-30T17:55:55.712603Z celld-2 /cell/w1-144 done
2026-09-30T17:55:55.770840Z celld-2 /cell/w1-155 start
2026-09-30T17:55:55.770978Z celld-2 /cell/w1-155 stored
2026-09-30T17:55:55.771079Z celld-2 /cell/w1-155 facet
2026-09-30T17:55:55.893415Z celld-2 /cell/w1-145 done
2026-09-30T17:55:55.905268Z celld-2 /cell/w1-146 done
2026-09-30T17:55:56.033649Z celld-2 /cell/w1-157 start
2026-09-30T17:55:56.033791Z celld-2 /cell/w1-157 stored
2026-09-30T17:55:56.033857Z celld-2 /cell/w1-157 facet
2026-09-30T17:55:56.034240Z celld-2 /cell/w1-158 start
2026-09-30T17:55:56.034519Z celld-2 /cell/w1-158 stored
2026-09-30T17:55:56.034560Z celld-2 /cell/w1-158 facet
2026-09-30T17:55:56.147675Z celld-2 /cell/w1-147 done
2026-09-30T17:55:56.215216Z celld-2 /cell/w1-159 start
2026-09-30T17:55:56.215372Z celld-2 /cell/w1-159 stored
2026-09-30T17:55:56.215423Z celld-2 /cell/w1-159 facet
2026-09-30T17:55:56.518582Z celld-2 /cell/w1-149 done
2026-09-30T17:55:56.562786Z celld-2 /cell/w1-148 done
2026-09-30T17:55:56.765843Z celld-2 /cell/w1-152 done
2026-09-30T17:55:56.918561Z celld-2 /cell/w1-153 done
2026-09-30T17:55:57.204029Z celld-2 /cell/w1-164 start
2026-09-30T17:55:57.204173Z celld-2 /cell/w1-164 stored
2026-09-30T17:55:57.204210Z celld-2 /cell/w1-164 facet
2026-09-30T17:55:57.207212Z celld-2 /cell/w1-165 start
2026-09-30T17:55:57.207306Z celld-2 /cell/w1-165 stored
2026-09-30T17:55:57.207328Z celld-2 /cell/w1-165 facet
2026-09-30T17:55:57.207657Z celld-2 /cell/w1-163 start
2026-09-30T17:55:57.207891Z celld-2 /cell/w1-163 stored
2026-09-30T17:55:57.207905Z celld-2 /cell/w1-163 facet
2026-09-30T17:55:57.347319Z celld-2 /cell/w1-155 done
2026-09-30T17:55:57.542010Z celld-2 /cell/w1-158 done
2026-09-30T17:55:57.569886Z celld-2 /cell/w1-157 done
2026-09-30T17:55:57.977839Z celld-2 /cell/w1-159 done
2026-09-30T17:55:57.979707Z celld-2 /cell/w1-170 start
2026-09-30T17:55:57.979862Z celld-2 /cell/w1-170 stored
2026-09-30T17:55:57.979894Z celld-2 /cell/w1-170 facet
2026-09-30T17:55:58.099400Z celld-2 /cell/w1-171 start
2026-09-30T17:55:58.099575Z celld-2 /cell/w1-171 stored
2026-09-30T17:55:58.099603Z celld-2 /cell/w1-171 facet
2026-09-30T17:55:58.479647Z celld-2 /cell/w1-165 done
2026-09-30T17:55:58.673400Z celld-2 /cell/w1-164 done
2026-09-30T17:55:58.781637Z celld-2 /cell/w1-163 done
2026-09-30T17:55:59.475447Z celld-2 /cell/w1-170 done
2026-09-30T17:55:59.600017Z celld-2 /cell/w1-171 done
2026-09-30T17:55:59.771496Z celld-2 /cell/w1-185 start
2026-09-30T17:55:59.771852Z celld-2 /cell/w1-185 stored
2026-09-30T17:55:59.771915Z celld-2 /cell/w1-185 load
2026-09-30T17:55:59.772023Z celld-2 /cell/w1-185 facet
2026-09-30T17:55:59.772548Z celld-2 /cell/w1-183 start
2026-09-30T17:55:59.772717Z celld-2 /cell/w1-183 stored
2026-09-30T17:55:59.772764Z celld-2 /cell/w1-183 facet
2026-09-30T17:55:59.779839Z celld-2 /cell/w1-185 loaded
2026-09-30T17:56:00.577188Z celld-2 /cell/w1-191 start
2026-09-30T17:56:00.577451Z celld-2 /cell/w1-191 stored
2026-09-30T17:56:00.577531Z celld-2 /cell/w1-191 facet
2026-09-30T17:56:00.621975Z celld-2 /cell/w1-193 start
2026-09-30T17:56:00.622245Z celld-2 /cell/w1-193 stored
2026-09-30T17:56:00.622323Z celld-2 /cell/w1-193 facet
2026-09-30T17:56:00.705194Z celld-2 /cell/w1-183 done
2026-09-30T17:56:00.734787Z celld-2 /cell/w1-185 done
2026-09-30T17:56:01.308714Z celld-2 /cell/w1-198 start
2026-09-30T17:56:01.308930Z celld-2 /cell/w1-198 stored
2026-09-30T17:56:01.309002Z celld-2 /cell/w1-198 facet
2026-09-30T17:56:01.528729Z celld-2 /cell/w1-191 done
2026-09-30T17:56:01.567322Z celld-2 /cell/w1-193 done
2026-09-30T17:56:02.213485Z celld-2 /cell/w1-201 start
2026-09-30T17:56:02.213651Z celld-2 /cell/w1-201 stored
2026-09-30T17:56:02.213694Z celld-2 /cell/w1-201 facet
2026-09-30T17:56:02.214516Z celld-2 /cell/w1-204 start
2026-09-30T17:56:02.214854Z celld-2 /cell/w1-204 stored
2026-09-30T17:56:02.214878Z celld-2 /cell/w1-204 facet
2026-09-30T17:56:02.393812Z celld-2 /cell/w1-198 done
2026-09-30T17:56:02.703750Z celld-2 /cell/w1-206 start
2026-09-30T17:56:02.703898Z celld-2 /cell/w1-206 stored
2026-09-30T17:56:02.703930Z celld-2 /cell/w1-206 facet
2026-09-30T17:56:02.704319Z celld-2 /cell/w1-209 start
2026-09-30T17:56:02.704474Z celld-2 /cell/w1-209 stored
2026-09-30T17:56:02.704495Z celld-2 /cell/w1-209 facet
2026-09-30T17:56:03.049577Z celld-2 /cell/w1-210 start
2026-09-30T17:56:03.049774Z celld-2 /cell/w1-210 stored
2026-09-30T17:56:03.049819Z celld-2 /cell/w1-210 facet
2026-09-30T17:56:03.273470Z celld-2 /cell/w1-204 done
2026-09-30T17:56:03.340805Z celld-2 /cell/w1-201 done
2026-09-30T17:56:04.232488Z celld-2 /cell/w1-206 done
2026-09-30T17:56:04.238863Z celld-2 /cell/w1-209 done
2026-09-30T17:56:04.370012Z celld-2 /cell/w1-215 start
2026-09-30T17:56:04.370141Z celld-2 /cell/w1-215 stored
2026-09-30T17:56:04.370178Z celld-2 /cell/w1-215 facet
2026-09-30T17:56:04.462874Z celld-2 /cell/w1-217 start
2026-09-30T17:56:04.463072Z celld-2 /cell/w1-217 stored
2026-09-30T17:56:04.463104Z celld-2 /cell/w1-217 facet
2026-09-30T17:56:04.463756Z celld-2 /cell/w1-218 start
2026-09-30T17:56:04.464139Z celld-2 /cell/w1-218 stored
2026-09-30T17:56:04.464162Z celld-2 /cell/w1-218 facet
2026-09-30T17:56:04.776977Z celld-2 /cell/w1-210 done
2026-09-30T17:56:04.933823Z celld-2 /cell/w1-222 start
2026-09-30T17:56:04.933964Z celld-2 /cell/w1-222 stored
2026-09-30T17:56:04.933988Z celld-2 /cell/w1-222 facet
2026-09-30T17:56:05.000692Z celld-2 /cell/w1-223 start
2026-09-30T17:56:05.000892Z celld-2 /cell/w1-223 stored
2026-09-30T17:56:05.000932Z celld-2 /cell/w1-223 facet
2026-09-30T17:56:05.688687Z celld-2 /cell/w1-215 done
2026-09-30T17:56:05.822401Z celld-2 /cell/w1-218 done
2026-09-30T17:56:05.835711Z celld-2 /cell/w1-217 done
2026-09-30T17:56:06.195996Z celld-2 /cell/w1-228 start
2026-09-30T17:56:06.196171Z celld-2 /cell/w1-228 stored
2026-09-30T17:56:06.196205Z celld-2 /cell/w1-228 facet
2026-09-30T17:56:06.594014Z celld-2 /cell/w1-223 done
2026-09-30T17:56:06.594308Z celld-2 /cell/w1-222 done
2026-09-30T17:56:06.724323Z celld-2 /cell/w1-234 start
2026-09-30T17:56:06.724557Z celld-2 /cell/w1-234 stored
2026-09-30T17:56:06.724617Z celld-2 /cell/w1-234 facet
2026-09-30T17:56:07.326038Z celld-2 /cell/w1-235 start
2026-09-30T17:56:07.326410Z celld-2 /cell/w1-235 stored
2026-09-30T17:56:07.326503Z celld-2 /cell/w1-235 facet
2026-09-30T17:56:07.392168Z celld-2 /cell/w1-237 start
2026-09-30T17:56:07.392383Z celld-2 /cell/w1-237 stored
2026-09-30T17:56:07.392436Z celld-2 /cell/w1-237 facet
2026-09-30T17:56:07.503033Z celld-2 /cell/w1-228 done
2026-09-30T17:56:07.557411Z celld-2 /cell/w1-238 start
2026-09-30T17:56:07.557559Z celld-2 /cell/w1-238 stored
2026-09-30T17:56:07.557592Z celld-2 /cell/w1-238 facet
2026-09-30T17:56:08.006987Z celld-2 /cell/w1-239 start
2026-09-30T17:56:08.007213Z celld-2 /cell/w1-239 stored
2026-09-30T17:56:08.007256Z celld-2 /cell/w1-239 facet
2026-09-30T17:56:08.008607Z celld-2 /cell/w1-240 start
2026-09-30T17:56:08.009015Z celld-2 /cell/w1-240 stored
2026-09-30T17:56:08.009036Z celld-2 /cell/w1-240 facet
2026-09-30T17:56:08.322734Z celld-2 /cell/w1-245 start
2026-09-30T17:56:08.322973Z celld-2 /cell/w1-245 stored
2026-09-30T17:56:08.322992Z celld-2 /cell/w1-245 facet
2026-09-30T17:56:08.326043Z celld-2 /cell/w1-244 start
2026-09-30T17:56:08.326262Z celld-2 /cell/w1-244 stored
2026-09-30T17:56:08.326329Z celld-2 /cell/w1-244 facet
2026-09-30T17:56:08.672676Z celld-2 /cell/w1-234 done
2026-09-30T17:56:09.102828Z celld-2 /cell/w1-237 done
2026-09-30T17:56:09.106882Z celld-2 /cell/w1-235 done
2026-09-30T17:56:09.633941Z celld-2 /cell/w1-238 done
2026-09-30T17:56:10.118457Z celld-2 /cell/w1-239 done
2026-09-30T17:56:10.261529Z celld-2 /cell/w1-244 done
2026-09-30T17:56:10.280759Z celld-2 /cell/w1-245 done
2026-09-30T17:56:10.283622Z celld-2 /cell/w1-240 done
2026-09-30T17:56:10.502990Z celld-2 /cell/w1-252 start
2026-09-30T17:56:10.503151Z celld-2 /cell/w1-252 stored
2026-09-30T17:56:10.503179Z celld-2 /cell/w1-252 facet
2026-09-30T17:56:10.504136Z celld-2 /cell/w1-253 start
2026-09-30T17:56:10.504436Z celld-2 /cell/w1-253 stored
2026-09-30T17:56:10.504465Z celld-2 /cell/w1-253 facet
2026-09-30T17:56:10.809648Z celld-2 /cell/w1-255 start
2026-09-30T17:56:10.809768Z celld-2 /cell/w1-255 stored
2026-09-30T17:56:10.809799Z celld-2 /cell/w1-255 facet
2026-09-30T17:56:12.161988Z celld-2 /cell/w1-263 start
2026-09-30T17:56:12.162099Z celld-2 /cell/w1-263 stored
2026-09-30T17:56:12.162129Z celld-2 /cell/w1-263 facet
2026-09-30T17:56:12.331723Z celld-2 /cell/w1-252 done
2026-09-30T17:56:12.331860Z celld-2 /cell/w1-253 done
2026-09-30T17:56:12.862039Z celld-2 /cell/w1-268 start
2026-09-30T17:56:12.862251Z celld-2 /cell/w1-268 stored
2026-09-30T17:56:12.862291Z celld-2 /cell/w1-268 facet
2026-09-30T17:56:12.863569Z celld-2 /cell/w1-267 start
2026-09-30T17:56:12.863934Z celld-2 /cell/w1-267 stored
2026-09-30T17:56:12.864021Z celld-2 /cell/w1-267 facet
2026-09-30T17:56:12.866163Z celld-2 /cell/w1-255 done
2026-09-30T17:56:12.872100Z celld-2 /cell/w1-269 start
2026-09-30T17:56:12.872326Z celld-2 /cell/w1-269 stored
2026-09-30T17:56:12.872359Z celld-2 /cell/w1-269 facet
2026-09-30T17:56:14.043050Z celld-2 /cell/w1-271 start
2026-09-30T17:56:14.043219Z celld-2 /cell/w1-271 stored
2026-09-30T17:56:14.043262Z celld-2 /cell/w1-271 facet
2026-09-30T17:56:14.535809Z celld-2 /cell/w1-263 done
2026-09-30T17:56:15.032164Z celld-2 /cell/w1-267 done
2026-09-30T17:56:15.036242Z celld-2 /cell/w1-277 start
2026-09-30T17:56:15.036376Z celld-2 /cell/w1-277 stored
2026-09-30T17:56:15.036400Z celld-2 /cell/w1-277 facet
2026-09-30T17:56:15.082986Z celld-2 /cell/w1-268 done
2026-09-30T17:56:15.405055Z celld-2 /cell/w1-269 done
2026-09-30T17:56:15.608068Z celld-2 /cell/w1-281 start
2026-09-30T17:56:15.608182Z celld-2 /cell/w1-281 stored
2026-09-30T17:56:15.608220Z celld-2 /cell/w1-281 facet
2026-09-30T17:56:15.610653Z celld-2 /cell/w1-283 start
2026-09-30T17:56:15.610773Z celld-2 /cell/w1-283 stored
2026-09-30T17:56:15.610791Z celld-2 /cell/w1-283 facet
2026-09-30T17:56:15.945260Z celld-2 /cell/w1-271 done
2026-09-30T17:56:16.358284Z celld-2 /cell/w1-288 start
2026-09-30T17:56:16.358457Z celld-2 /cell/w1-288 stored
2026-09-30T17:56:16.358493Z celld-2 /cell/w1-288 facet
2026-09-30T17:56:16.612497Z celld-2 /cell/w1-277 done
2026-09-30T17:56:17.165515Z celld-2 /cell/w1-281 done
2026-09-30T17:56:17.183496Z celld-2 /cell/w1-283 done
2026-09-30T17:56:17.570834Z celld-2 /cell/w1-293 start
2026-09-30T17:56:17.571044Z celld-2 /cell/w1-293 stored
2026-09-30T17:56:17.571107Z celld-2 /cell/w1-293 facet
2026-09-30T17:56:17.669943Z celld-2 /cell/w1-297 start
2026-09-30T17:56:17.670120Z celld-2 /cell/w1-297 stored
2026-09-30T17:56:17.670166Z celld-2 /cell/w1-297 facet
2026-09-30T17:56:17.860740Z celld-2 /cell/w1-288 done
2026-09-30T17:56:18.581215Z celld-2 /cell/w1-305 start
2026-09-30T17:56:18.581356Z celld-2 /cell/w1-305 stored
2026-09-30T17:56:18.581385Z celld-2 /cell/w1-305 facet
2026-09-30T17:56:18.621833Z celld-2 /cell/w1-293 done
2026-09-30T17:56:18.630735Z celld-2 /cell/w1-297 done
2026-09-30T17:56:19.379698Z celld-2 /cell/w1-310 start
2026-09-30T17:56:19.379816Z celld-2 /cell/w1-310 stored
2026-09-30T17:56:19.379845Z celld-2 /cell/w1-310 facet
2026-09-30T17:56:19.420852Z celld-2 /cell/w1-311 start
2026-09-30T17:56:19.420977Z celld-2 /cell/w1-311 stored
2026-09-30T17:56:19.420994Z celld-2 /cell/w1-311 facet
2026-09-30T17:56:19.973787Z celld-2 /cell/w1-305 done
2026-09-30T17:56:19.975858Z celld-2 /cell/w1-317 start
2026-09-30T17:56:19.976139Z celld-2 /cell/w1-317 stored
2026-09-30T17:56:19.976176Z celld-2 /cell/w1-317 facet
2026-09-30T17:56:20.656742Z celld-2 /cell/w1-311 done
2026-09-30T17:56:20.662388Z celld-2 /cell/w1-310 done
2026-09-30T17:56:21.118298Z celld-2 /cell/w1-318 start
2026-09-30T17:56:21.118449Z celld-2 /cell/w1-318 stored
2026-09-30T17:56:21.118471Z celld-2 /cell/w1-318 facet
2026-09-30T17:56:21.596863Z celld-2 /cell/w1-317 done
2026-09-30T17:56:22.026776Z celld-2 /cell/w1-319 start
2026-09-30T17:56:22.026940Z celld-2 /cell/w1-319 stored
2026-09-30T17:56:22.026985Z celld-2 /cell/w1-319 facet
2026-09-30T17:56:22.330968Z celld-2 /cell/w1-320 start
2026-09-30T17:56:22.331258Z celld-2 /cell/w1-320 stored
2026-09-30T17:56:22.331307Z celld-2 /cell/w1-320 facet
2026-09-30T17:56:22.456807Z celld-2 /cell/w1-321 start
2026-09-30T17:56:22.456934Z celld-2 /cell/w1-321 stored
2026-09-30T17:56:22.456970Z celld-2 /cell/w1-321 facet
2026-09-30T17:56:22.783575Z celld-2 /cell/w1-318 done
2026-09-30T17:56:23.724653Z celld-2 /cell/w1-319 done
2026-09-30T17:56:24.122565Z celld-2 /cell/w1-321 done
2026-09-30T17:56:24.126519Z celld-2 /cell/w1-334 start
2026-09-30T17:56:24.126632Z celld-2 /cell/w1-334 stored
2026-09-30T17:56:24.126693Z celld-2 /cell/w1-334 facet
2026-09-30T17:56:24.612528Z celld-2 /cell/w1-320 done
2026-09-30T17:56:24.672204Z celld-2 /cell/w1-339 start
2026-09-30T17:56:24.672380Z celld-2 /cell/w1-339 stored
2026-09-30T17:56:24.672408Z celld-2 /cell/w1-339 facet
2026-09-30T17:56:25.744524Z celld-2 /cell/w1-339 done
2026-09-30T17:56:25.893803Z celld-2 /cell/w1-334 done
2026-09-30T17:56:25.959808Z celld-2 /cell/w1-344 start
2026-09-30T17:56:25.960028Z celld-2 /cell/w1-344 stored
2026-09-30T17:56:25.960075Z celld-2 /cell/w1-344 facet
2026-09-30T17:56:26.069505Z celld-2 /cell/w1-345 start
2026-09-30T17:56:26.069676Z celld-2 /cell/w1-345 stored
2026-09-30T17:56:26.069738Z celld-2 /cell/w1-345 facet
2026-09-30T17:56:27.579692Z celld-2 /cell/w1-344 done
2026-09-30T17:56:27.798405Z celld-2 /cell/w1-351 start
2026-09-30T17:56:27.798773Z celld-2 /cell/w1-351 stored
2026-09-30T17:56:27.798805Z celld-2 /cell/w1-351 facet
2026-09-30T17:56:28.090253Z celld-2 /cell/w1-355 start
2026-09-30T17:56:28.090396Z celld-2 /cell/w1-355 stored
2026-09-30T17:56:28.090428Z celld-2 /cell/w1-355 facet
2026-09-30T17:56:28.149142Z celld-2 /cell/w1-354 start
2026-09-30T17:56:28.149302Z celld-2 /cell/w1-354 stored
2026-09-30T17:56:28.149338Z celld-2 /cell/w1-354 facet
2026-09-30T17:56:28.184077Z celld-2 /cell/w1-345 done
2026-09-30T17:56:28.279403Z celld-2 /cell/w1-360 start
2026-09-30T17:56:28.279590Z celld-2 /cell/w1-360 stored
2026-09-30T17:56:28.279665Z celld-2 /cell/w1-360 facet
2026-09-30T17:56:28.342393Z celld-2 /cell/w1-362 start
2026-09-30T17:56:28.342610Z celld-2 /cell/w1-362 stored
2026-09-30T17:56:28.342644Z celld-2 /cell/w1-362 facet
2026-09-30T17:56:29.588392Z celld-2 /cell/w1-364 start
2026-09-30T17:56:29.588605Z celld-2 /cell/w1-364 stored
2026-09-30T17:56:29.588641Z celld-2 /cell/w1-364 facet
2026-09-30T17:56:29.894445Z celld-2 /cell/w1-351 done
2026-09-30T17:56:30.347075Z celld-2 /cell/w1-354 done
2026-09-30T17:56:30.443743Z celld-2 /cell/w1-369 start
2026-09-30T17:56:30.443977Z celld-2 /cell/w1-369 stored
2026-09-30T17:56:30.444021Z celld-2 /cell/w1-369 facet
2026-09-30T17:56:30.445026Z celld-2 /cell/w1-355 done
2026-09-30T17:56:30.528608Z celld-2 /cell/w1-362 done
2026-09-30T17:56:30.528866Z celld-2 /cell/w1-360 done
2026-09-30T17:56:30.692546Z celld-2 /cell/w1-370 start
2026-09-30T17:56:30.692714Z celld-2 /cell/w1-370 stored
2026-09-30T17:56:30.692734Z celld-2 /cell/w1-370 facet
2026-09-30T17:56:30.695638Z celld-2 /cell/w1-371 start
2026-09-30T17:56:30.695818Z celld-2 /cell/w1-371 stored
2026-09-30T17:56:30.695845Z celld-2 /cell/w1-371 facet
2026-09-30T17:56:31.003984Z celld-2 /cell/w1-374 start
2026-09-30T17:56:31.004115Z celld-2 /cell/w1-374 stored
2026-09-30T17:56:31.004146Z celld-2 /cell/w1-374 facet
2026-09-30T17:56:31.185980Z celld-2 /cell/w1-364 done
2026-09-30T17:56:31.670232Z celld-2 /cell/w1-375 start
2026-09-30T17:56:31.670411Z celld-2 /cell/w1-375 stored
2026-09-30T17:56:31.670457Z celld-2 /cell/w1-375 facet
2026-09-30T17:56:32.250253Z celld-2 /cell/w1-369 done
2026-09-30T17:56:32.495260Z celld-2 /cell/w1-377 start
2026-09-30T17:56:32.495445Z celld-2 /cell/w1-377 stored
2026-09-30T17:56:32.495465Z celld-2 /cell/w1-377 facet
2026-09-30T17:56:32.497122Z celld-2 /cell/w1-376 start
2026-09-30T17:56:32.497328Z celld-2 /cell/w1-376 stored
2026-09-30T17:56:32.497356Z celld-2 /cell/w1-376 facet
2026-09-30T17:56:32.501109Z celld-2 /cell/w1-379 start
2026-09-30T17:56:32.501210Z celld-2 /cell/w1-379 stored
2026-09-30T17:56:32.501228Z celld-2 /cell/w1-379 facet
2026-09-30T17:56:32.711346Z celld-2 /cell/w1-371 done
2026-09-30T17:56:32.815341Z celld-2 /cell/w1-370 done
2026-09-30T17:56:33.223501Z celld-2 /cell/w1-381 start
2026-09-30T17:56:33.223773Z celld-2 /cell/w1-381 stored
2026-09-30T17:56:33.223802Z celld-2 /cell/w1-381 facet
2026-09-30T17:56:33.225062Z celld-2 /cell/w1-384 start
2026-09-30T17:56:33.225227Z celld-2 /cell/w1-384 stored
2026-09-30T17:56:33.225255Z celld-2 /cell/w1-384 facet
2026-09-30T17:56:33.229945Z celld-2 /cell/w1-382 start
2026-09-30T17:56:33.230345Z celld-2 /cell/w1-382 stored
2026-09-30T17:56:33.230390Z celld-2 /cell/w1-382 facet
2026-09-30T17:56:33.231657Z celld-2 /cell/w1-386 start
2026-09-30T17:56:33.231766Z celld-2 /cell/w1-386 stored
2026-09-30T17:56:33.231786Z celld-2 /cell/w1-386 facet
2026-09-30T17:56:33.251773Z celld-2 /cell/w1-374 done
2026-09-30T17:56:33.963975Z celld-2 /cell/w1-375 done
2026-09-30T17:56:34.005510Z celld-2 /cell/w1-391 start
2026-09-30T17:56:34.005710Z celld-2 /cell/w1-391 stored
2026-09-30T17:56:34.005758Z celld-2 /cell/w1-391 facet
2026-09-30T17:56:34.456333Z celld-2 /cell/w1-376 done
2026-09-30T17:56:34.458011Z celld-2 /cell/w1-379 done
2026-09-30T17:56:34.743485Z celld-2 /cell/w1-377 done
2026-09-30T17:56:34.807174Z celld-2 /cell/w1-392 start
2026-09-30T17:56:34.807349Z celld-2 /cell/w1-392 stored
2026-09-30T17:56:34.807390Z celld-2 /cell/w1-392 facet
2026-09-30T17:56:35.102001Z celld-2 /cell/w1-396 start
2026-09-30T17:56:35.102151Z celld-2 /cell/w1-396 stored
2026-09-30T17:56:35.102187Z celld-2 /cell/w1-396 facet
2026-09-30T17:56:35.109266Z celld-2 /cell/w1-397 start
2026-09-30T17:56:35.109539Z celld-2 /cell/w1-397 stored
2026-09-30T17:56:35.109582Z celld-2 /cell/w1-397 facet
2026-09-30T17:56:35.326166Z celld-2 /cell/w1-382 done
2026-09-30T17:56:35.429071Z celld-2 /cell/w1-384 done
2026-09-30T17:56:35.867505Z celld-2 /cell/w1-386 done
2026-09-30T17:56:35.959020Z celld-2 /cell/w1-381 done
2026-09-30T17:56:36.208280Z celld-2 /cell/w1-401 start
2026-09-30T17:56:36.208486Z celld-2 /cell/w1-401 stored
2026-09-30T17:56:36.208587Z celld-2 /cell/w1-401 facet
2026-09-30T17:56:36.257520Z celld-2 /cell/w1-391 done
2026-09-30T17:56:36.503511Z celld-2 /cell/w1-404 start
2026-09-30T17:56:36.503640Z celld-2 /cell/w1-404 stored
2026-09-30T17:56:36.503670Z celld-2 /cell/w1-404 facet
2026-09-30T17:56:36.833937Z celld-2 /cell/w1-405 start
2026-09-30T17:56:36.834111Z celld-2 /cell/w1-405 stored
2026-09-30T17:56:36.834153Z celld-2 /cell/w1-405 facet
2026-09-30T17:56:36.874457Z celld-2 /cell/w1-396 done
2026-09-30T17:56:36.903054Z celld-2 /cell/w1-392 done
2026-09-30T17:56:37.142097Z celld-2 /cell/w1-397 done
2026-09-30T17:56:37.151382Z celld-2 /cell/w1-409 start
2026-09-30T17:56:37.151513Z celld-2 /cell/w1-409 stored
2026-09-30T17:56:37.151545Z celld-2 /cell/w1-409 facet
2026-09-30T17:56:37.678120Z celld-2 /cell/w1-401 done
2026-09-30T17:56:38.114127Z celld-2 /cell/w1-404 done
2026-09-30T17:56:38.116690Z celld-2 /cell/w1-415 start
2026-09-30T17:56:38.116836Z celld-2 /cell/w1-415 stored
2026-09-30T17:56:38.116853Z celld-2 /cell/w1-415 facet
2026-09-30T17:56:38.327690Z celld-2 /cell/w1-405 done
2026-09-30T17:56:38.361128Z celld-2 /cell/w1-418 start
2026-09-30T17:56:38.361253Z celld-2 /cell/w1-418 stored
2026-09-30T17:56:38.361286Z celld-2 /cell/w1-418 facet
2026-09-30T17:56:38.426682Z celld-2 /cell/w1-419 start
2026-09-30T17:56:38.426874Z celld-2 /cell/w1-419 stored
2026-09-30T17:56:38.426946Z celld-2 /cell/w1-419 facet
2026-09-30T17:56:38.432123Z celld-2 /cell/w1-417 start
2026-09-30T17:56:38.432230Z celld-2 /cell/w1-417 stored
2026-09-30T17:56:38.432251Z celld-2 /cell/w1-417 facet
2026-09-30T17:56:38.554989Z celld-2 /cell/w1-409 done
2026-09-30T17:56:38.961089Z celld-2 /cell/w1-423 start
2026-09-30T17:56:38.961201Z celld-2 /cell/w1-423 stored
2026-09-30T17:56:38.961225Z celld-2 /cell/w1-423 facet
2026-09-30T17:56:39.255936Z celld-2 /cell/w1-425 start
2026-09-30T17:56:39.256200Z celld-2 /cell/w1-425 stored
2026-09-30T17:56:39.256261Z celld-2 /cell/w1-425 facet
2026-09-30T17:56:39.726063Z celld-2 /cell/w1-418 done
2026-09-30T17:56:39.835726Z celld-2 /cell/w1-415 done
2026-09-30T17:56:39.983258Z celld-2 /cell/w1-417 done
2026-09-30T17:56:39.983486Z celld-2 /cell/w1-419 done
2026-09-30T17:56:40.247109Z celld-2 /cell/w1-430 start
2026-09-30T17:56:40.247225Z celld-2 /cell/w1-430 stored
2026-09-30T17:56:40.247243Z celld-2 /cell/w1-430 facet
2026-09-30T17:56:40.528848Z celld-2 /cell/w1-432 start
2026-09-30T17:56:40.529035Z celld-2 /cell/w1-432 stored
2026-09-30T17:56:40.529058Z celld-2 /cell/w1-432 facet
2026-09-30T17:56:40.991262Z celld-2 /cell/w1-425 done
2026-09-30T17:56:41.023492Z celld-2 /cell/w1-423 done
2026-09-30T17:56:41.089169Z celld-2 /cell/w1-435 start
2026-09-30T17:56:41.089290Z celld-2 /cell/w1-435 stored
2026-09-30T17:56:41.089326Z celld-2 /cell/w1-435 facet
2026-09-30T17:56:41.545748Z celld-2 /cell/w1-436 start
2026-09-30T17:56:41.545874Z celld-2 /cell/w1-436 stored
2026-09-30T17:56:41.545895Z celld-2 /cell/w1-436 facet
2026-09-30T17:56:41.686956Z celld-2 /cell/w1-430 done
2026-09-30T17:56:41.724240Z celld-2 /cell/w1-441 start
2026-09-30T17:56:41.724352Z celld-2 /cell/w1-441 stored
2026-09-30T17:56:41.724383Z celld-2 /cell/w1-441 facet
2026-09-30T17:56:41.827723Z celld-2 /cell/w1-432 done
2026-09-30T17:56:42.476732Z celld-2 /cell/w1-435 done
2026-09-30T17:56:42.626596Z celld-2 /cell/w1-436 done
2026-09-30T17:56:42.844479Z celld-2 /cell/w1-451 start
2026-09-30T17:56:42.844690Z celld-2 /cell/w1-451 stored
2026-09-30T17:56:42.844726Z celld-2 /cell/w1-451 facet
2026-09-30T17:56:42.945857Z celld-2 /cell/w1-441 done
2026-09-30T17:56:43.898434Z celld-2 /cell/w1-454 start
2026-09-30T17:56:43.898551Z celld-2 /cell/w1-454 stored
2026-09-30T17:56:43.898588Z celld-2 /cell/w1-454 facet
2026-09-30T17:56:44.293382Z celld-2 /cell/w1-457 start
2026-09-30T17:56:44.293600Z celld-2 /cell/w1-457 stored
2026-09-30T17:56:44.293655Z celld-2 /cell/w1-457 facet
2026-09-30T17:56:44.768670Z celld-2 /cell/w1-451 done
2026-09-30T17:56:45.792268Z celld-2 /cell/w1-454 done
2026-09-30T17:56:45.930968Z celld-2 /cell/w1-457 done
2026-09-30T17:56:46.809032Z celld-2 /cell/w1-469 start
2026-09-30T17:56:46.809293Z celld-2 /cell/w1-469 stored
2026-09-30T17:56:46.809329Z celld-2 /cell/w1-469 facet
2026-09-30T17:56:46.908025Z celld-2 /cell/w1-467 start
2026-09-30T17:56:46.908207Z celld-2 /cell/w1-467 stored
2026-09-30T17:56:46.908245Z celld-2 /cell/w1-467 facet
2026-09-30T17:56:47.527347Z celld-2 /cell/w1-471 start
2026-09-30T17:56:47.527523Z celld-2 /cell/w1-471 stored
2026-09-30T17:56:47.527550Z celld-2 /cell/w1-471 facet
2026-09-30T17:56:47.760852Z celld-2 /cell/w1-473 start
2026-09-30T17:56:47.761123Z celld-2 /cell/w1-473 stored
2026-09-30T17:56:47.761212Z celld-2 /cell/w1-473 facet
2026-09-30T17:56:47.934281Z celld-2 /cell/w1-475 start
2026-09-30T17:56:47.934393Z celld-2 /cell/w1-475 stored
2026-09-30T17:56:47.934411Z celld-2 /cell/w1-475 facet
2026-09-30T17:56:48.533718Z celld-2 /cell/w1-467 done
2026-09-30T17:56:48.534561Z celld-2 /cell/w1-469 done
2026-09-30T17:56:48.918567Z celld-2 /cell/w1-471 done
2026-09-30T17:56:49.184920Z celld-2 /cell/w1-473 done
2026-09-30T17:56:49.281807Z celld-2 /cell/w1-475 done
2026-09-30T17:56:50.591459Z celld-2 /cell/w1-488 start
2026-09-30T17:56:50.591596Z celld-2 /cell/w1-488 stored
2026-09-30T17:56:50.591624Z celld-2 /cell/w1-488 facet
2026-09-30T17:56:50.628816Z celld-2 /cell/w1-489 start
2026-09-30T17:56:50.629003Z celld-2 /cell/w1-489 stored
2026-09-30T17:56:50.629050Z celld-2 /cell/w1-489 facet
2026-09-30T17:56:50.711663Z celld-2 /cell/w1-492 start
2026-09-30T17:56:50.711836Z celld-2 /cell/w1-492 stored
2026-09-30T17:56:50.711875Z celld-2 /cell/w1-492 facet
2026-09-30T17:56:50.806637Z celld-2 /cell/w1-493 start
2026-09-30T17:56:50.806833Z celld-2 /cell/w1-493 stored
2026-09-30T17:56:50.806861Z celld-2 /cell/w1-493 facet
2026-09-30T17:56:52.083024Z celld-2 /cell/w1-489 done
2026-09-30T17:56:52.100207Z celld-2 /cell/w1-488 done
2026-09-30T17:56:52.254356Z celld-2 /cell/w1-493 done
2026-09-30T17:56:52.254724Z celld-2 /cell/w1-499 start
2026-09-30T17:56:52.255045Z celld-2 /cell/w1-499 stored
2026-09-30T17:56:52.255073Z celld-2 /cell/w1-499 facet
2026-09-30T17:56:52.392589Z celld-2 /cell/w1-492 done
2026-09-30T17:56:53.351831Z celld-2 /cell/w1-503 start
2026-09-30T17:56:53.352009Z celld-2 /cell/w1-503 stored
2026-09-30T17:56:53.352043Z celld-2 /cell/w1-503 facet
2026-09-30T17:56:53.656388Z celld-2 /cell/w1-499 done
2026-09-30T17:56:53.896853Z celld-2 /cell/w1-509 start
2026-09-30T17:56:53.897029Z celld-2 /cell/w1-509 stored
2026-09-30T17:56:53.897063Z celld-2 /cell/w1-509 facet
2026-09-30T17:56:54.665938Z celld-2 /cell/w1-503 done
2026-09-30T17:56:55.269635Z celld-2 /cell/w1-513 start
2026-09-30T17:56:55.269794Z celld-2 /cell/w1-513 stored
2026-09-30T17:56:55.269817Z celld-2 /cell/w1-513 facet
2026-09-30T17:56:55.759845Z celld-2 /cell/w1-514 start
2026-09-30T17:56:55.760038Z celld-2 /cell/w1-514 stored
2026-09-30T17:56:55.760087Z celld-2 /cell/w1-514 facet
2026-09-30T17:56:55.760972Z celld-2 /cell/w1-517 start
2026-09-30T17:56:55.761186Z celld-2 /cell/w1-517 stored
2026-09-30T17:56:55.761203Z celld-2 /cell/w1-517 facet
2026-09-30T17:56:56.027319Z celld-2 /cell/w1-509 done
2026-09-30T17:56:56.243183Z celld-2 /cell/w1-519 start
2026-09-30T17:56:56.243350Z celld-2 /cell/w1-519 stored
2026-09-30T17:56:56.243395Z celld-2 /cell/w1-519 facet
2026-09-30T17:56:56.247013Z celld-2 /cell/w1-518 start
2026-09-30T17:56:56.247149Z celld-2 /cell/w1-518 stored
2026-09-30T17:56:56.247174Z celld-2 /cell/w1-518 facet
2026-09-30T17:56:56.812527Z celld-2 /cell/w1-513 done
2026-09-30T17:56:56.905858Z celld-2 /cell/w1-522 start
2026-09-30T17:56:56.906030Z celld-2 /cell/w1-522 stored
2026-09-30T17:56:56.906056Z celld-2 /cell/w1-522 facet
2026-09-30T17:56:57.150535Z celld-2 /cell/w1-525 start
2026-09-30T17:56:57.150660Z celld-2 /cell/w1-525 stored
2026-09-30T17:56:57.150675Z celld-2 /cell/w1-525 facet
2026-09-30T17:56:57.209679Z celld-2 /cell/w1-524 start
2026-09-30T17:56:57.209837Z celld-2 /cell/w1-524 stored
2026-09-30T17:56:57.209870Z celld-2 /cell/w1-524 facet
2026-09-30T17:56:57.420148Z celld-2 /cell/w1-517 done
2026-09-30T17:56:57.677653Z celld-2 /cell/w1-529 start
2026-09-30T17:56:57.677801Z celld-2 /cell/w1-529 stored
2026-09-30T17:56:57.677832Z celld-2 /cell/w1-529 facet
2026-09-30T17:56:57.789387Z celld-2 /cell/w1-518 done
2026-09-30T17:56:57.789501Z celld-2 /cell/w1-514 done
2026-09-30T17:56:57.823451Z celld-2 /cell/w1-519 done
2026-09-30T17:56:58.151420Z celld-2 /cell/w1-522 done
2026-09-30T17:56:58.573993Z celld-2 /cell/w1-524 done
2026-09-30T17:56:58.578506Z celld-2 /cell/w1-525 done
2026-09-30T17:56:58.789650Z celld-2 /cell/w1-537 start
2026-09-30T17:56:58.789853Z celld-2 /cell/w1-537 stored
2026-09-30T17:56:58.789888Z celld-2 /cell/w1-537 facet
2026-09-30T17:56:59.012873Z celld-2 /cell/w1-529 done
2026-09-30T17:56:59.429113Z celld-2 /cell/w1-539 start
2026-09-30T17:56:59.429273Z celld-2 /cell/w1-539 stored
2026-09-30T17:56:59.429290Z celld-2 /cell/w1-539 facet
2026-09-30T17:56:59.433233Z celld-2 /cell/w1-538 start
2026-09-30T17:56:59.433359Z celld-2 /cell/w1-538 stored
2026-09-30T17:56:59.433378Z celld-2 /cell/w1-538 facet
2026-09-30T17:56:59.636018Z celld-2 /cell/w1-541 start
2026-09-30T17:56:59.636159Z celld-2 /cell/w1-541 stored
2026-09-30T17:56:59.636179Z celld-2 /cell/w1-541 facet
2026-09-30T17:57:00.739121Z celld-2 /cell/w1-537 done
2026-09-30T17:57:00.785030Z celld-2 /cell/w1-546 start
2026-09-30T17:57:00.785232Z celld-2 /cell/w1-546 stored
2026-09-30T17:57:00.785257Z celld-2 /cell/w1-546 facet
2026-09-30T17:57:00.964413Z celld-2 /cell/w1-538 done
2026-09-30T17:57:00.970246Z celld-2 /cell/w1-539 done
2026-09-30T17:57:01.286353Z celld-2 /cell/w1-541 done
2026-09-30T17:57:01.970460Z celld-2 /cell/w1-550 start
2026-09-30T17:57:01.970586Z celld-2 /cell/w1-550 stored
2026-09-30T17:57:01.970606Z celld-2 /cell/w1-550 facet
2026-09-30T17:57:01.972678Z celld-2 /cell/w1-548 start
2026-09-30T17:57:01.972788Z celld-2 /cell/w1-548 stored
2026-09-30T17:57:01.972802Z celld-2 /cell/w1-548 facet
2026-09-30T17:57:02.338788Z celld-2 /cell/w1-546 done
2026-09-30T17:57:02.631872Z celld-2 /cell/w1-553 start
2026-09-30T17:57:02.632072Z celld-2 /cell/w1-553 stored
2026-09-30T17:57:02.632117Z celld-2 /cell/w1-553 facet
2026-09-30T17:57:02.881266Z celld-2 /cell/w1-558 start
2026-09-30T17:57:02.881403Z celld-2 /cell/w1-558 stored
2026-09-30T17:57:02.881426Z celld-2 /cell/w1-558 facet
2026-09-30T17:57:02.881907Z celld-2 /cell/w1-555 start
2026-09-30T17:57:02.882026Z celld-2 /cell/w1-555 stored
2026-09-30T17:57:02.882035Z celld-2 /cell/w1-555 facet
2026-09-30T17:57:03.565178Z celld-2 /cell/w1-560 start
2026-09-30T17:57:03.565332Z celld-2 /cell/w1-560 stored
2026-09-30T17:57:03.565354Z celld-2 /cell/w1-560 facet
2026-09-30T17:57:03.682859Z celld-2 /cell/w1-548 done
2026-09-30T17:57:03.686296Z celld-2 /cell/w1-550 done
2026-09-30T17:57:03.960336Z celld-2 /cell/w1-563 start
2026-09-30T17:57:03.960444Z celld-2 /cell/w1-563 stored
2026-09-30T17:57:03.960485Z celld-2 /cell/w1-563 facet
2026-09-30T17:57:03.961452Z celld-2 /cell/w1-565 start
2026-09-30T17:57:03.961660Z celld-2 /cell/w1-565 stored
2026-09-30T17:57:03.961675Z celld-2 /cell/w1-565 facet
2026-09-30T17:57:04.056261Z celld-2 /cell/w1-566 start
2026-09-30T17:57:04.056394Z celld-2 /cell/w1-566 stored
2026-09-30T17:57:04.056412Z celld-2 /cell/w1-566 facet
2026-09-30T17:57:04.305988Z celld-2 /cell/w1-553 done
2026-09-30T17:57:04.311350Z celld-2 /cell/w1-555 done
2026-09-30T17:57:04.392784Z celld-2 /cell/w1-558 done
2026-09-30T17:57:04.404254Z celld-2 /cell/w1-568 start
2026-09-30T17:57:04.404362Z celld-2 /cell/w1-568 stored
2026-09-30T17:57:04.404419Z celld-2 /cell/w1-568 facet
2026-09-30T17:57:05.581360Z celld-2 /cell/w1-560 done
2026-09-30T17:57:05.817932Z celld-2 /cell/w1-563 done
2026-09-30T17:57:05.956676Z celld-2 /cell/w1-565 done
2026-09-30T17:57:05.979718Z celld-2 /cell/w1-574 start
2026-09-30T17:57:05.979925Z celld-2 /cell/w1-574 stored
2026-09-30T17:57:05.979978Z celld-2 /cell/w1-574 facet
2026-09-30T17:57:06.289538Z celld-2 /cell/w1-576 start
2026-09-30T17:57:06.289633Z celld-2 /cell/w1-576 stored
2026-09-30T17:57:06.289645Z celld-2 /cell/w1-576 facet
2026-09-30T17:57:06.375109Z celld-2 /cell/w1-566 done
2026-09-30T17:57:06.674144Z celld-2 /cell/w1-584 start
2026-09-30T17:57:06.674290Z celld-2 /cell/w1-584 stored
2026-09-30T17:57:06.674322Z celld-2 /cell/w1-584 facet
2026-09-30T17:57:06.886804Z celld-2 /cell/w1-568 done
2026-09-30T17:57:07.613826Z celld-2 /cell/w1-586 start
2026-09-30T17:57:07.614086Z celld-2 /cell/w1-586 stored
2026-09-30T17:57:07.614114Z celld-2 /cell/w1-586 facet
2026-09-30T17:57:08.094589Z celld-2 /cell/w1-574 done
2026-09-30T17:57:08.122406Z celld-2 /cell/w1-576 done
2026-09-30T17:57:08.199179Z celld-2 /cell/w1-584 done
2026-09-30T17:57:08.348280Z celld-2 /cell/w1-588 start
2026-09-30T17:57:08.348413Z celld-2 /cell/w1-588 stored
2026-09-30T17:57:08.348450Z celld-2 /cell/w1-588 facet
2026-09-30T17:57:08.630930Z celld-2 /cell/w1-591 start
2026-09-30T17:57:08.631093Z celld-2 /cell/w1-591 stored
2026-09-30T17:57:08.631130Z celld-2 /cell/w1-591 facet
2026-09-30T17:57:08.823594Z celld-2 /cell/w1-593 start
2026-09-30T17:57:08.823872Z celld-2 /cell/w1-593 stored
2026-09-30T17:57:08.823941Z celld-2 /cell/w1-593 facet
2026-09-30T17:57:09.215358Z celld-2 /cell/w1-597 start
2026-09-30T17:57:09.215537Z celld-2 /cell/w1-597 stored
2026-09-30T17:57:09.215579Z celld-2 /cell/w1-597 facet
2026-09-30T17:57:09.216538Z celld-2 /cell/w1-598 start
2026-09-30T17:57:09.216858Z celld-2 /cell/w1-598 stored
2026-09-30T17:57:09.216889Z celld-2 /cell/w1-598 facet
2026-09-30T17:57:09.230084Z celld-2 /cell/w1-586 done
2026-09-30T17:57:10.336883Z celld-2 /cell/w1-600 start
2026-09-30T17:57:10.337021Z celld-2 /cell/w1-600 stored
2026-09-30T17:57:10.337054Z celld-2 /cell/w1-600 facet
2026-09-30T17:57:10.603858Z celld-2 /cell/w1-588 done
2026-09-30T17:57:10.883535Z celld-2 /cell/w1-601 start
2026-09-30T17:57:10.883698Z celld-2 /cell/w1-601 stored
2026-09-30T17:57:10.883737Z celld-2 /cell/w1-601 facet
2026-09-30T17:57:10.919047Z celld-2 /cell/w1-593 done
2026-09-30T17:57:11.173231Z celld-2 /cell/w1-591 done
2026-09-30T17:57:11.173749Z celld-2 /cell/w1-603 start
2026-09-30T17:57:11.173906Z celld-2 /cell/w1-603 stored
2026-09-30T17:57:11.173936Z celld-2 /cell/w1-603 facet
2026-09-30T17:57:11.457199Z celld-2 /cell/w1-606 start
2026-09-30T17:57:11.457306Z celld-2 /cell/w1-606 stored
2026-09-30T17:57:11.457330Z celld-2 /cell/w1-606 facet
2026-09-30T17:57:11.488216Z celld-2 /cell/w1-598 done
2026-09-30T17:57:11.509212Z celld-2 /cell/w1-597 done
2026-09-30T17:57:12.010559Z celld-2 /cell/w1-608 start
2026-09-30T17:57:12.010741Z celld-2 /cell/w1-608 stored
2026-09-30T17:57:12.010761Z celld-2 /cell/w1-608 facet
2026-09-30T17:57:12.012742Z celld-2 /cell/w1-609 start
2026-09-30T17:57:12.012837Z celld-2 /cell/w1-609 stored
2026-09-30T17:57:12.012862Z celld-2 /cell/w1-609 facet
2026-09-30T17:57:12.377416Z celld-2 /cell/w1-601 done
2026-09-30T17:57:12.610604Z celld-2 /cell/w1-600 done
2026-09-30T17:57:12.776569Z celld-2 /cell/w1-603 done
2026-09-30T17:57:12.906896Z celld-2 /cell/w1-614 start
2026-09-30T17:57:12.907087Z celld-2 /cell/w1-614 stored
2026-09-30T17:57:12.907109Z celld-2 /cell/w1-614 facet
2026-09-30T17:57:12.918216Z celld-2 /cell/w1-615 start
2026-09-30T17:57:12.918343Z celld-2 /cell/w1-615 stored
2026-09-30T17:57:12.918362Z celld-2 /cell/w1-615 facet
2026-09-30T17:57:13.215691Z celld-2 /cell/w1-620 start
2026-09-30T17:57:13.215933Z celld-2 /cell/w1-620 stored
2026-09-30T17:57:13.215977Z celld-2 /cell/w1-620 facet
2026-09-30T17:57:13.392454Z celld-2 /cell/w1-606 done
2026-09-30T17:57:13.745799Z celld-2 /cell/w1-622 start
2026-09-30T17:57:13.745957Z celld-2 /cell/w1-622 stored
2026-09-30T17:57:13.745978Z celld-2 /cell/w1-622 facet
2026-09-30T17:57:13.781058Z celld-2 /cell/w1-609 done
2026-09-30T17:57:14.143566Z celld-2 /cell/w1-608 done
2026-09-30T17:57:14.214980Z celld-2 /cell/w1-623 start
2026-09-30T17:57:14.215093Z celld-2 /cell/w1-623 stored
2026-09-30T17:57:14.215113Z celld-2 /cell/w1-623 facet
2026-09-30T17:57:14.416533Z celld-2 /cell/w1-615 done
2026-09-30T17:57:14.504954Z celld-2 /cell/w1-614 done
2026-09-30T17:57:14.646845Z celld-2 /cell/w1-620 done
2026-09-30T17:57:14.720630Z celld-2 /cell/w1-627 start
2026-09-30T17:57:14.720805Z celld-2 /cell/w1-627 stored
2026-09-30T17:57:14.720873Z celld-2 /cell/w1-627 facet
2026-09-30T17:57:15.171896Z celld-2 /cell/w1-622 done
2026-09-30T17:57:15.803864Z celld-2 /cell/w1-631 start
2026-09-30T17:57:15.804047Z celld-2 /cell/w1-631 stored
2026-09-30T17:57:15.804084Z celld-2 /cell/w1-631 facet
2026-09-30T17:57:15.875804Z celld-2 /cell/w1-623 done
2026-09-30T17:57:16.092030Z celld-2 /cell/w1-627 done
2026-09-30T17:57:16.270573Z celld-2 /cell/w1-638 start
2026-09-30T17:57:16.270708Z celld-2 /cell/w1-638 stored
2026-09-30T17:57:16.270726Z celld-2 /cell/w1-638 facet
2026-09-30T17:57:17.194881Z celld-2 /cell/w1-631 done
2026-09-30T17:57:17.457033Z celld-2 /cell/w1-644 start
2026-09-30T17:57:17.457375Z celld-2 /cell/w1-644 stored
2026-09-30T17:57:17.457417Z celld-2 /cell/w1-644 facet
2026-09-30T17:57:17.540729Z celld-2 /cell/w1-638 done
2026-09-30T17:57:18.005714Z celld-2 /cell/w1-645 start
2026-09-30T17:57:18.005880Z celld-2 /cell/w1-645 stored
2026-09-30T17:57:18.005900Z celld-2 /cell/w1-645 facet
2026-09-30T17:57:18.157025Z celld-2 /cell/w1-646 start
2026-09-30T17:57:18.157155Z celld-2 /cell/w1-646 stored
2026-09-30T17:57:18.157178Z celld-2 /cell/w1-646 facet
2026-09-30T17:57:18.662278Z celld-2 /cell/w1-650 start
2026-09-30T17:57:18.662446Z celld-2 /cell/w1-650 stored
2026-09-30T17:57:18.662476Z celld-2 /cell/w1-650 facet
2026-09-30T17:57:18.674812Z celld-2 /cell/w1-649 start
2026-09-30T17:57:18.674985Z celld-2 /cell/w1-649 stored
2026-09-30T17:57:18.675009Z celld-2 /cell/w1-649 facet
2026-09-30T17:57:18.811246Z celld-2 /cell/w1-644 done
2026-09-30T17:57:19.352455Z celld-2 /cell/w1-656 start
2026-09-30T17:57:19.352646Z celld-2 /cell/w1-656 stored
2026-09-30T17:57:19.352668Z celld-2 /cell/w1-656 facet
2026-09-30T17:57:19.354690Z celld-2 /cell/w1-655 start
2026-09-30T17:57:19.354814Z celld-2 /cell/w1-655 stored
2026-09-30T17:57:19.354862Z celld-2 /cell/w1-655 facet
2026-09-30T17:57:19.531162Z celld-2 /cell/w1-645 done
2026-09-30T17:57:19.579318Z celld-2 /cell/w1-646 done
2026-09-30T17:57:20.419098Z celld-2 /cell/w1-649 done
2026-09-30T17:57:20.610772Z celld-2 /cell/w1-650 done
2026-09-30T17:57:20.926562Z celld-2 /cell/w1-656 done
2026-09-30T17:57:20.937184Z celld-2 /cell/w1-655 done
2026-09-30T17:57:21.544477Z celld-2 /cell/w1-664 start
2026-09-30T17:57:21.544625Z celld-2 /cell/w1-664 stored
2026-09-30T17:57:21.544645Z celld-2 /cell/w1-664 facet
2026-09-30T17:57:21.915155Z celld-2 /cell/w1-668 start
2026-09-30T17:57:21.915270Z celld-2 /cell/w1-668 stored
2026-09-30T17:57:21.915298Z celld-2 /cell/w1-668 facet
2026-09-30T17:57:22.540161Z celld-2 /cell/w1-664 done
2026-09-30T17:57:22.652172Z celld-2 /cell/w1-675 start
2026-09-30T17:57:22.652411Z celld-2 /cell/w1-675 stored
2026-09-30T17:57:22.652435Z celld-2 /cell/w1-675 facet
2026-09-30T17:57:23.163801Z celld-2 /cell/w1-668 done
2026-09-30T17:57:23.168328Z celld-2 /cell/w1-677 start
2026-09-30T17:57:23.168444Z celld-2 /cell/w1-677 stored
2026-09-30T17:57:23.168473Z celld-2 /cell/w1-677 facet
2026-09-30T17:57:23.768359Z celld-2 /cell/w1-679 start
2026-09-30T17:57:23.768501Z celld-2 /cell/w1-679 stored
2026-09-30T17:57:23.768547Z celld-2 /cell/w1-679 facet
2026-09-30T17:57:23.814361Z celld-2 /cell/w1-681 start
2026-09-30T17:57:23.814547Z celld-2 /cell/w1-681 stored
2026-09-30T17:57:23.814573Z celld-2 /cell/w1-681 facet
2026-09-30T17:57:23.828139Z celld-2 /cell/w1-675 done
2026-09-30T17:57:24.321738Z celld-2 /cell/w1-677 done
2026-09-30T17:57:24.724225Z celld-2 /cell/w1-682 start
2026-09-30T17:57:24.724381Z celld-2 /cell/w1-682 stored
2026-09-30T17:57:24.724402Z celld-2 /cell/w1-682 facet
2026-09-30T17:57:24.972038Z celld-2 /cell/w1-681 done
2026-09-30T17:57:25.128482Z celld-2 /cell/w1-684 start
2026-09-30T17:57:25.128649Z celld-2 /cell/w1-684 stored
2026-09-30T17:57:25.128685Z celld-2 /cell/w1-684 facet
2026-09-30T17:57:25.148471Z celld-2 /cell/w1-679 done
2026-09-30T17:57:25.239875Z celld-2 /cell/w1-683 start
2026-09-30T17:57:25.240044Z celld-2 /cell/w1-683 stored
2026-09-30T17:57:25.240088Z celld-2 /cell/w1-683 facet
2026-09-30T17:57:26.577188Z celld-2 /cell/w1-686 start
2026-09-30T17:57:26.577346Z celld-2 /cell/w1-686 stored
2026-09-30T17:57:26.577362Z celld-2 /cell/w1-686 facet
2026-09-30T17:57:26.580749Z celld-2 /cell/w1-687 start
2026-09-30T17:57:26.580864Z celld-2 /cell/w1-687 stored
2026-09-30T17:57:26.580878Z celld-2 /cell/w1-687 facet
2026-09-30T17:57:26.589007Z celld-2 /cell/w1-682 done
2026-09-30T17:57:26.806060Z celld-2 /cell/w1-693 start
2026-09-30T17:57:26.806189Z celld-2 /cell/w1-693 stored
2026-09-30T17:57:26.806209Z celld-2 /cell/w1-693 facet
2026-09-30T17:57:26.808012Z celld-2 /cell/w1-691 start
2026-09-30T17:57:26.808181Z celld-2 /cell/w1-691 stored
2026-09-30T17:57:26.808198Z celld-2 /cell/w1-691 facet
2026-09-30T17:57:26.870611Z celld-2 /cell/w1-694 start
2026-09-30T17:57:26.870729Z celld-2 /cell/w1-694 stored
2026-09-30T17:57:26.870746Z celld-2 /cell/w1-694 facet
2026-09-30T17:57:26.871238Z celld-2 /cell/w1-695 start
2026-09-30T17:57:26.871341Z celld-2 /cell/w1-695 stored
2026-09-30T17:57:26.871365Z celld-2 /cell/w1-695 facet
2026-09-30T17:57:26.896345Z celld-2 /cell/w1-683 done
2026-09-30T17:57:26.896429Z celld-2 /cell/w1-684 done
2026-09-30T17:57:27.769511Z celld-2 /cell/w1-687 done
2026-09-30T17:57:27.960235Z celld-2 /cell/w1-693 done
2026-09-30T17:57:28.083687Z celld-2 /cell/w1-691 done
2026-09-30T17:57:28.085024Z celld-2 /cell/w1-694 done
2026-09-30T17:57:28.132562Z celld-2 /cell/w1-695 done
2026-09-30T17:57:28.176058Z celld-2 /cell/w1-686 done
2026-09-30T17:57:28.429521Z celld-2 /cell/w1-700 start
2026-09-30T17:57:28.429677Z celld-2 /cell/w1-700 stored
2026-09-30T17:57:28.429707Z celld-2 /cell/w1-700 facet
2026-09-30T17:57:29.030463Z celld-2 /cell/w1-701 start
2026-09-30T17:57:29.030653Z celld-2 /cell/w1-701 stored
2026-09-30T17:57:29.030679Z celld-2 /cell/w1-701 facet
2026-09-30T17:57:29.034399Z celld-2 /cell/w1-702 start
2026-09-30T17:57:29.034522Z celld-2 /cell/w1-702 stored
2026-09-30T17:57:29.034536Z celld-2 /cell/w1-702 facet
2026-09-30T17:57:29.868092Z celld-2 /cell/w1-700 done
2026-09-30T17:57:30.265421Z celld-2 /cell/w1-702 done
2026-09-30T17:57:30.301491Z celld-2 /cell/w1-701 done
2026-09-30T17:57:31.243924Z celld-2 /cell/w1-719 start
2026-09-30T17:57:31.244067Z celld-2 /cell/w1-719 stored
2026-09-30T17:57:31.244098Z celld-2 /cell/w1-719 facet
2026-09-30T17:57:32.191693Z celld-2 /cell/w1-720 start
2026-09-30T17:57:32.191810Z celld-2 /cell/w1-720 stored
2026-09-30T17:57:32.191836Z celld-2 /cell/w1-720 facet
2026-09-30T17:57:32.472966Z celld-2 /cell/w1-719 done
2026-09-30T17:57:33.003370Z celld-2 /cell/w1-722 start
2026-09-30T17:57:33.003566Z celld-2 /cell/w1-722 stored
2026-09-30T17:57:33.003638Z celld-2 /cell/w1-722 facet
2026-09-30T17:57:33.347016Z celld-2 /cell/w1-720 done
2026-09-30T17:57:33.964286Z celld-2 /cell/w1-723 start
2026-09-30T17:57:33.964450Z celld-2 /cell/w1-723 stored
2026-09-30T17:57:33.964501Z celld-2 /cell/w1-723 facet
2026-09-30T17:57:34.004622Z celld-2 /cell/w1-722 done
2026-09-30T17:57:34.568179Z celld-2 /cell/w1-727 start
2026-09-30T17:57:34.568397Z celld-2 /cell/w1-727 stored
2026-09-30T17:57:34.568427Z celld-2 /cell/w1-727 facet
2026-09-30T17:57:34.570753Z celld-2 /cell/w1-728 start
2026-09-30T17:57:34.570880Z celld-2 /cell/w1-728 stored
2026-09-30T17:57:34.570900Z celld-2 /cell/w1-728 facet
2026-09-30T17:57:35.267786Z celld-2 /cell/w1-723 done
2026-09-30T17:57:35.834537Z celld-2 /cell/w1-731 start
2026-09-30T17:57:35.834700Z celld-2 /cell/w1-731 stored
2026-09-30T17:57:35.834748Z celld-2 /cell/w1-731 facet
2026-09-30T17:57:36.185374Z celld-2 /cell/w1-727 done
2026-09-30T17:57:36.228607Z celld-2 /cell/w1-728 done
2026-09-30T17:57:36.883831Z celld-2 /cell/w1-739 start
2026-09-30T17:57:36.884075Z celld-2 /cell/w1-739 stored
2026-09-30T17:57:36.884100Z celld-2 /cell/w1-739 facet
2026-09-30T17:57:36.885699Z celld-2 /cell/w1-737 start
2026-09-30T17:57:36.885790Z celld-2 /cell/w1-737 stored
2026-09-30T17:57:36.885811Z celld-2 /cell/w1-737 facet
2026-09-30T17:57:37.212597Z celld-2 /cell/w1-731 done
2026-09-30T17:57:37.387277Z celld-2 /cell/w1-740 start
2026-09-30T17:57:37.387459Z celld-2 /cell/w1-740 stored
2026-09-30T17:57:37.387495Z celld-2 /cell/w1-740 facet
2026-09-30T17:57:37.963922Z celld-2 /cell/w1-737 done
2026-09-30T17:57:37.965700Z celld-2 /cell/w1-739 done
2026-09-30T17:57:38.054640Z celld-2 /cell/w1-744 start
2026-09-30T17:57:38.054765Z celld-2 /cell/w1-744 stored
2026-09-30T17:57:38.054783Z celld-2 /cell/w1-744 facet
2026-09-30T17:57:38.307477Z celld-2 /cell/w1-740 done
2026-09-30T17:57:38.459024Z celld-2 /cell/w1-745 start
2026-09-30T17:57:38.459147Z celld-2 /cell/w1-745 stored
2026-09-30T17:57:38.459166Z celld-2 /cell/w1-745 facet
2026-09-30T17:57:38.461193Z celld-2 /cell/w1-746 start
2026-09-30T17:57:38.461312Z celld-2 /cell/w1-746 stored
2026-09-30T17:57:38.461342Z celld-2 /cell/w1-746 facet
2026-09-30T17:57:39.181063Z celld-2 /cell/w1-744 done
2026-09-30T17:57:39.290257Z celld-2 /cell/w1-751 start
2026-09-30T17:57:39.290432Z celld-2 /cell/w1-751 stored
2026-09-30T17:57:39.290452Z celld-2 /cell/w1-751 facet
2026-09-30T17:57:39.430811Z celld-2 /cell/w1-755 start
2026-09-30T17:57:39.430960Z celld-2 /cell/w1-755 stored
2026-09-30T17:57:39.430994Z celld-2 /cell/w1-755 facet
2026-09-30T17:57:39.633758Z celld-2 /cell/w1-746 done
2026-09-30T17:57:39.775070Z celld-2 /cell/w1-745 done
2026-09-30T17:57:39.946683Z celld-2 /cell/w1-756 start
2026-09-30T17:57:39.946812Z celld-2 /cell/w1-756 stored
2026-09-30T17:57:39.946847Z celld-2 /cell/w1-756 facet
2026-09-30T17:57:40.337160Z celld-2 /cell/w1-757 start
2026-09-30T17:57:40.337322Z celld-2 /cell/w1-757 stored
2026-09-30T17:57:40.337348Z celld-2 /cell/w1-757 facet
2026-09-30T17:57:40.591836Z celld-2 /cell/w1-751 done
2026-09-30T17:57:40.902116Z celld-2 /cell/w1-755 done
2026-09-30T17:57:41.256849Z celld-2 /cell/w1-760 start
2026-09-30T17:57:41.256972Z celld-2 /cell/w1-760 stored
2026-09-30T17:57:41.256991Z celld-2 /cell/w1-760 facet
2026-09-30T17:57:41.390099Z celld-2 /cell/w1-756 done
2026-09-30T17:57:41.407693Z celld-2 /cell/w1-761 start
2026-09-30T17:57:41.407964Z celld-2 /cell/w1-761 stored
2026-09-30T17:57:41.408028Z celld-2 /cell/w1-761 facet
2026-09-30T17:57:41.420794Z celld-2 /cell/w1-762 start
2026-09-30T17:57:41.420927Z celld-2 /cell/w1-762 stored
2026-09-30T17:57:41.420965Z celld-2 /cell/w1-762 facet
2026-09-30T17:57:42.143370Z celld-2 /cell/w1-766 start
2026-09-30T17:57:42.143572Z celld-2 /cell/w1-766 stored
2026-09-30T17:57:42.143604Z celld-2 /cell/w1-766 facet
2026-09-30T17:57:42.167655Z celld-2 /cell/w1-757 done
2026-09-30T17:57:42.728129Z celld-2 /cell/w1-770 start
2026-09-30T17:57:42.728283Z celld-2 /cell/w1-770 stored
2026-09-30T17:57:42.728303Z celld-2 /cell/w1-770 facet
2026-09-30T17:57:42.881855Z celld-2 /cell/w1-761 done
2026-09-30T17:57:42.987101Z celld-2 /cell/w1-762 done
2026-09-30T17:57:43.071813Z celld-2 /cell/w1-760 done
2026-09-30T17:57:43.074260Z celld-2 /cell/w1-771 start
2026-09-30T17:57:43.074515Z celld-2 /cell/w1-771 stored
2026-09-30T17:57:43.074612Z celld-2 /cell/w1-771 facet
2026-09-30T17:57:43.342857Z celld-2 /cell/w1-772 start
2026-09-30T17:57:43.343190Z celld-2 /cell/w1-772 stored
2026-09-30T17:57:43.343230Z celld-2 /cell/w1-772 facet
2026-09-30T17:57:43.776697Z celld-2 /cell/w1-766 done
2026-09-30T17:57:44.143687Z celld-2 /cell/w1-770 done
2026-09-30T17:57:44.481745Z celld-2 /cell/w1-771 done
2026-09-30T17:57:44.488192Z celld-2 /cell/w1-777 start
2026-09-30T17:57:44.488355Z celld-2 /cell/w1-777 stored
2026-09-30T17:57:44.488389Z celld-2 /cell/w1-777 facet
2026-09-30T17:57:44.666451Z celld-2 /cell/w1-778 start
2026-09-30T17:57:44.666574Z celld-2 /cell/w1-778 stored
2026-09-30T17:57:44.666607Z celld-2 /cell/w1-778 facet
2026-09-30T17:57:44.725977Z celld-2 /cell/w1-779 start
2026-09-30T17:57:44.726162Z celld-2 /cell/w1-779 stored
2026-09-30T17:57:44.726201Z celld-2 /cell/w1-779 facet
2026-09-30T17:57:44.727145Z celld-2 /cell/w1-772 done
2026-09-30T17:57:44.854404Z celld-2 /cell/w1-782 start
2026-09-30T17:57:44.854572Z celld-2 /cell/w1-782 stored
2026-09-30T17:57:44.854630Z celld-2 /cell/w1-782 facet
2026-09-30T17:57:45.565660Z celld-2 /cell/w1-783 start
2026-09-30T17:57:45.566072Z celld-2 /cell/w1-783 stored
2026-09-30T17:57:45.566096Z celld-2 /cell/w1-783 facet
2026-09-30T17:57:46.286811Z celld-2 /cell/w1-778 done
2026-09-30T17:57:46.346518Z celld-2 /cell/w1-777 done
2026-09-30T17:57:46.750999Z celld-2 /cell/w1-779 done
2026-09-30T17:57:46.805996Z celld-2 /cell/w1-782 done
2026-09-30T17:57:46.811066Z celld-2 /cell/w1-792 start
2026-09-30T17:57:46.811259Z celld-2 /cell/w1-792 stored
2026-09-30T17:57:46.811288Z celld-2 /cell/w1-792 facet
2026-09-30T17:57:46.813222Z celld-2 /cell/w1-791 start
2026-09-30T17:57:46.813399Z celld-2 /cell/w1-791 stored
2026-09-30T17:57:46.813436Z celld-2 /cell/w1-791 facet
2026-09-30T17:57:47.290642Z celld-2 /cell/w1-783 done
2026-09-30T17:57:47.384101Z celld-2 /cell/w1-794 start
2026-09-30T17:57:47.384222Z celld-2 /cell/w1-794 stored
2026-09-30T17:57:47.384241Z celld-2 /cell/w1-794 facet
2026-09-30T17:57:47.944641Z celld-2 /cell/w1-792 done
2026-09-30T17:57:47.953026Z celld-2 /cell/w1-791 done
2026-09-30T17:57:48.168137Z celld-2 /cell/w1-795 start
2026-09-30T17:57:48.168296Z celld-2 /cell/w1-795 stored
2026-09-30T17:57:48.168327Z celld-2 /cell/w1-795 facet
2026-09-30T17:57:48.366782Z celld-2 /cell/w1-798 start
2026-09-30T17:57:48.367093Z celld-2 /cell/w1-798 stored
2026-09-30T17:57:48.367157Z celld-2 /cell/w1-798 facet
2026-09-30T17:57:48.708264Z celld-2 /cell/w1-794 done
2026-09-30T17:57:48.837572Z celld-2 /cell/w1-801 start
2026-09-30T17:57:48.837698Z celld-2 /cell/w1-801 stored
2026-09-30T17:57:48.837714Z celld-2 /cell/w1-801 facet
2026-09-30T17:57:49.264759Z celld-2 /cell/w1-805 start
2026-09-30T17:57:49.264921Z celld-2 /cell/w1-805 stored
2026-09-30T17:57:49.264955Z celld-2 /cell/w1-805 facet
2026-09-30T17:57:49.462339Z celld-2 /cell/w1-798 done
2026-09-30T17:57:49.462534Z celld-2 /cell/w1-795 done
2026-09-30T17:57:49.873240Z celld-2 /cell/w1-801 done
2026-09-30T17:57:50.097705Z celld-2 /cell/w1-805 done
2026-09-30T17:57:50.721679Z celld-2 /cell/w1-811 start
2026-09-30T17:57:50.721896Z celld-2 /cell/w1-811 stored
2026-09-30T17:57:50.721934Z celld-2 /cell/w1-811 facet
2026-09-30T17:57:52.036722Z celld-2 /cell/w1-817 start
2026-09-30T17:57:52.036903Z celld-2 /cell/w1-817 stored
2026-09-30T17:57:52.036921Z celld-2 /cell/w1-817 facet
2026-09-30T17:57:52.437405Z celld-2 /cell/w1-818 start
2026-09-30T17:57:52.437670Z celld-2 /cell/w1-818 stored
2026-09-30T17:57:52.437701Z celld-2 /cell/w1-818 facet
2026-09-30T17:57:52.438807Z celld-2 /cell/w1-820 start
2026-09-30T17:57:52.438970Z celld-2 /cell/w1-820 stored
2026-09-30T17:57:52.438993Z celld-2 /cell/w1-820 facet
2026-09-30T17:57:52.618755Z celld-2 /cell/w1-811 done
2026-09-30T17:57:52.724035Z celld-2 /cell/w1-822 start
2026-09-30T17:57:52.724188Z celld-2 /cell/w1-822 stored
2026-09-30T17:57:52.724210Z celld-2 /cell/w1-822 facet
2026-09-30T17:57:53.437987Z celld-2 /cell/w1-817 done
2026-09-30T17:57:53.480367Z celld-2 /cell/w1-824 start
2026-09-30T17:57:53.480559Z celld-2 /cell/w1-824 stored
2026-09-30T17:57:53.480591Z celld-2 /cell/w1-824 facet
2026-09-30T17:57:53.483923Z celld-2 /cell/w1-823 start
2026-09-30T17:57:53.484039Z celld-2 /cell/w1-823 stored
2026-09-30T17:57:53.484060Z celld-2 /cell/w1-823 facet
2026-09-30T17:57:53.623230Z celld-2 /cell/w1-818 done
2026-09-30T17:57:53.625762Z celld-2 /cell/w1-820 done
2026-09-30T17:57:53.660942Z celld-2 /cell/w1-822 done
2026-09-30T17:57:54.441561Z celld-2 /cell/w1-824 done
2026-09-30T17:57:54.491596Z celld-2 /cell/w1-831 start
2026-09-30T17:57:54.492077Z celld-2 /cell/w1-831 stored
2026-09-30T17:57:54.492102Z celld-2 /cell/w1-831 facet
2026-09-30T17:57:54.774435Z celld-2 /cell/w1-823 done
2026-09-30T17:57:55.627120Z celld-2 /cell/w1-831 done
2026-09-30T17:57:55.809571Z celld-2 /cell/w1-836 start
2026-09-30T17:57:55.809712Z celld-2 /cell/w1-836 stored
2026-09-30T17:57:55.809737Z celld-2 /cell/w1-836 facet
2026-09-30T17:57:56.618165Z celld-2 /cell/w1-837 start
2026-09-30T17:57:56.618417Z celld-2 /cell/w1-837 stored
2026-09-30T17:57:56.618433Z celld-2 /cell/w1-837 facet
2026-09-30T17:57:57.227637Z celld-2 /cell/w1-836 done
2026-09-30T17:57:57.242984Z celld-2 /cell/w1-840 start
2026-09-30T17:57:57.243141Z celld-2 /cell/w1-840 stored
2026-09-30T17:57:57.243178Z celld-2 /cell/w1-840 facet
2026-09-30T17:57:57.691574Z celld-2 /cell/w1-842 start
2026-09-30T17:57:57.691712Z celld-2 /cell/w1-842 stored
2026-09-30T17:57:57.691737Z celld-2 /cell/w1-842 facet
2026-09-30T17:57:57.706014Z celld-2 /cell/w1-837 done
2026-09-30T17:57:57.739088Z celld-2 /cell/w1-844 start
2026-09-30T17:57:57.739205Z celld-2 /cell/w1-844 stored
2026-09-30T17:57:57.739224Z celld-2 /cell/w1-844 facet
2026-09-30T17:57:58.464287Z celld-2 /cell/w1-846 start
2026-09-30T17:57:58.464418Z celld-2 /cell/w1-846 stored
2026-09-30T17:57:58.464441Z celld-2 /cell/w1-846 facet
2026-09-30T17:57:58.464848Z celld-2 /cell/w1-845 start
2026-09-30T17:57:58.464935Z celld-2 /cell/w1-845 stored
2026-09-30T17:57:58.464957Z celld-2 /cell/w1-845 facet
2026-09-30T17:57:58.475169Z celld-2 /cell/w1-840 done
2026-09-30T17:57:58.852349Z celld-2 /cell/w1-844 done
2026-09-30T17:57:59.166953Z celld-2 /cell/w1-842 done
2026-09-30T17:57:59.385335Z celld-2 /cell/w1-847 start
2026-09-30T17:57:59.385663Z celld-2 /cell/w1-847 stored
2026-09-30T17:57:59.385712Z celld-2 /cell/w1-847 facet
2026-09-30T17:57:59.651431Z celld-2 /cell/w1-846 done
2026-09-30T17:57:59.980167Z celld-2 /cell/w1-845 done
2026-09-30T17:58:00.426360Z celld-2 /cell/w1-847 done
2026-09-30T17:58:00.430026Z celld-2 /cell/w1-851 start
2026-09-30T17:58:00.430223Z celld-2 /cell/w1-851 stored
2026-09-30T17:58:00.430253Z celld-2 /cell/w1-851 facet
2026-09-30T17:58:01.221305Z celld-2 /cell/w1-851 done
2026-09-30T17:58:01.880588Z celld-2 /cell/w1-856 start
2026-09-30T17:58:01.880840Z celld-2 /cell/w1-856 stored
2026-09-30T17:58:01.880866Z celld-2 /cell/w1-856 facet
2026-09-30T17:58:02.796911Z celld-2 /cell/w1-858 start
2026-09-30T17:58:02.797048Z celld-2 /cell/w1-858 stored
2026-09-30T17:58:02.797064Z celld-2 /cell/w1-858 facet
2026-09-30T17:58:02.890475Z celld-2 /cell/w1-856 done
2026-09-30T17:58:03.378819Z celld-2 /cell/w1-858 done
2026-09-30T17:58:03.749514Z celld-2 /cell/w1-863 start
2026-09-30T17:58:03.749651Z celld-2 /cell/w1-863 stored
2026-09-30T17:58:03.749678Z celld-2 /cell/w1-863 facet
2026-09-30T17:58:04.647657Z celld-2 /cell/w1-863 done
2026-09-30T17:58:05.363700Z celld-2 /cell/w1-868 start
2026-09-30T17:58:05.363837Z celld-2 /cell/w1-868 stored
2026-09-30T17:58:05.363870Z celld-2 /cell/w1-868 facet
2026-09-30T17:58:06.150333Z celld-2 /cell/w1-868 done
2026-09-30T17:58:06.753099Z celld-2 /cell/w1-870 start
2026-09-30T17:58:06.753332Z celld-2 /cell/w1-870 stored
2026-09-30T17:58:06.753360Z celld-2 /cell/w1-870 facet
2026-09-30T17:58:06.943450Z celld-2 /cell/w1-871 start
2026-09-30T17:58:06.943663Z celld-2 /cell/w1-871 stored
2026-09-30T17:58:06.943719Z celld-2 /cell/w1-871 facet
2026-09-30T17:58:07.467588Z celld-2 /cell/w1-872 start
2026-09-30T17:58:07.467726Z celld-2 /cell/w1-872 stored
2026-09-30T17:58:07.467749Z celld-2 /cell/w1-872 facet
2026-09-30T17:58:07.783101Z celld-2 /cell/w1-873 start
2026-09-30T17:58:07.783220Z celld-2 /cell/w1-873 stored
2026-09-30T17:58:07.783241Z celld-2 /cell/w1-873 facet
2026-09-30T17:58:07.793660Z celld-2 /cell/w1-874 start
2026-09-30T17:58:07.793798Z celld-2 /cell/w1-874 stored
2026-09-30T17:58:07.793823Z celld-2 /cell/w1-874 facet
2026-09-30T17:58:08.086304Z celld-2 /cell/w1-870 done
2026-09-30T17:58:08.196205Z celld-2 /cell/w1-871 done
2026-09-30T17:58:08.475494Z celld-2 /cell/w1-872 done
2026-09-30T17:58:08.563576Z celld-2 /cell/w1-873 done
2026-09-30T17:58:08.566202Z celld-2 /cell/w1-874 done
2026-09-30T17:58:11.143330Z celld-2 /cell/w1-884 start
2026-09-30T17:58:11.143486Z celld-2 /cell/w1-884 stored
2026-09-30T17:58:11.143519Z celld-2 /cell/w1-884 facet
2026-09-30T17:58:11.259659Z celld-2 /cell/w1-885 start
2026-09-30T17:58:11.259772Z celld-2 /cell/w1-885 stored
2026-09-30T17:58:11.259789Z celld-2 /cell/w1-885 facet
2026-09-30T17:58:12.106584Z celld-2 /cell/w1-884 done
2026-09-30T17:58:12.314678Z celld-2 /cell/w1-885 done
2026-09-30T17:58:12.549115Z celld-2 /cell/w1-886 start
2026-09-30T17:58:12.549250Z celld-2 /cell/w1-886 stored
2026-09-30T17:58:12.549268Z celld-2 /cell/w1-886 facet
2026-09-30T17:58:13.213382Z celld-2 /cell/w1-889 start
2026-09-30T17:58:13.213528Z celld-2 /cell/w1-889 stored
2026-09-30T17:58:13.213548Z celld-2 /cell/w1-889 facet
2026-09-30T17:58:13.216068Z celld-2 /cell/w1-888 start
2026-09-30T17:58:13.216188Z celld-2 /cell/w1-888 stored
2026-09-30T17:58:13.216220Z celld-2 /cell/w1-888 facet
2026-09-30T17:58:13.843297Z celld-2 /cell/w1-891 start
2026-09-30T17:58:13.843444Z celld-2 /cell/w1-891 stored
2026-09-30T17:58:13.843471Z celld-2 /cell/w1-891 facet
2026-09-30T17:58:14.213356Z celld-2 /cell/w1-886 done
2026-09-30T17:58:14.445399Z celld-2 /cell/w1-889 done
2026-09-30T17:58:14.518285Z celld-2 /cell/w1-888 done
2026-09-30T17:58:15.098458Z celld-2 /cell/w1-891 done
2026-09-30T17:58:15.519488Z celld-2 /cell/w1-896 start
2026-09-30T17:58:15.519639Z celld-2 /cell/w1-896 stored
2026-09-30T17:58:15.519674Z celld-2 /cell/w1-896 facet
2026-09-30T17:58:15.721541Z celld-2 /cell/w1-897 start
2026-09-30T17:58:15.721667Z celld-2 /cell/w1-897 stored
2026-09-30T17:58:15.721686Z celld-2 /cell/w1-897 facet
2026-09-30T17:58:16.257817Z celld-2 /cell/w1-899 start
2026-09-30T17:58:16.257999Z celld-2 /cell/w1-899 stored
2026-09-30T17:58:16.258033Z celld-2 /cell/w1-899 facet
2026-09-30T17:58:16.755727Z celld-2 /cell/w1-896 done
2026-09-30T17:58:17.149116Z celld-2 /cell/w1-897 done
2026-09-30T17:58:17.302877Z celld-2 /cell/w1-899 done
