2026-09-30T17:31:26.650202Z celld-0 /cell/h2-7 start
2026-09-30T17:31:26.650659Z celld-0 /cell/h2-7 stored
2026-09-30T17:31:26.650715Z celld-0 /cell/h2-7 facet
2026-09-30T17:31:26.650766Z celld-0 /cell/h2-7 load
2026-09-30T17:31:26.651221Z celld-0 /cell/h2-16 start
2026-09-30T17:31:26.651396Z celld-0 /cell/h2-16 stored
2026-09-30T17:31:26.651412Z celld-0 /cell/h2-16 facet
2026-09-30T17:31:26.659359Z celld-0 /cell/h2-7 loaded
2026-09-30T17:31:26.762487Z celld-0 /cell/h2-21 start
2026-09-30T17:31:26.762703Z celld-0 /cell/h2-21 stored
2026-09-30T17:31:26.762760Z celld-0 /cell/h2-21 facet
2026-09-30T17:31:26.765281Z celld-0 /cell/h2-2 start
2026-09-30T17:31:26.765941Z celld-0 /cell/h2-2 stored
2026-09-30T17:31:26.765985Z celld-0 /cell/h2-2 facet
2026-09-30T17:31:26.786305Z celld-0 /cell/h2-19 start
2026-09-30T17:31:26.786544Z celld-0 /cell/h2-19 stored
2026-09-30T17:31:26.786594Z celld-0 /cell/h2-19 facet
2026-09-30T17:31:26.846911Z celld-0 /cell/h2-12 start
2026-09-30T17:31:26.847030Z celld-0 /cell/h2-12 stored
2026-09-30T17:31:26.847057Z celld-0 /cell/h2-12 facet
2026-09-30T17:31:26.847591Z celld-0 /cell/h2-13 start
2026-09-30T17:31:26.847747Z celld-0 /cell/h2-13 stored
2026-09-30T17:31:26.847785Z celld-0 /cell/h2-13 facet
2026-09-30T17:31:26.860645Z celld-0 /cell/h2-4 start
2026-09-30T17:31:26.860747Z celld-0 /cell/h2-4 stored
2026-09-30T17:31:26.860767Z celld-0 /cell/h2-4 facet
2026-09-30T17:31:26.861214Z celld-0 /cell/h2-20 start
2026-09-30T17:31:26.861369Z celld-0 /cell/h2-20 stored
2026-09-30T17:31:26.861414Z celld-0 /cell/h2-20 facet
2026-09-30T17:31:27.856093Z celld-0 /cell/h2-7 done
2026-09-30T17:31:27.886790Z celld-0 /cell/h2-16 done
2026-09-30T17:31:27.972378Z celld-0 /cell/h2-19 done
2026-09-30T17:31:27.993473Z celld-0 /cell/h2-2 done
2026-09-30T17:31:27.997301Z celld-0 /cell/h2-21 done
2026-09-30T17:31:27.998642Z celld-0 /cell/h2-20 done
2026-09-30T17:31:27.999645Z celld-0 /cell/h2-13 done
2026-09-30T17:31:28.001794Z celld-0 /cell/h2-4 done
2026-09-30T17:31:28.079453Z celld-0 /cell/h2-12 done
2026-09-30T17:31:28.852830Z celld-0 /cell/h2-35 start
2026-09-30T17:31:28.853001Z celld-0 /cell/h2-35 stored
2026-09-30T17:31:28.853065Z celld-0 /cell/h2-35 facet
2026-09-30T17:31:29.417450Z celld-0 /cell/h2-43 start
2026-09-30T17:31:29.417603Z celld-0 /cell/h2-43 stored
2026-09-30T17:31:29.417634Z celld-0 /cell/h2-43 facet
2026-09-30T17:31:29.418109Z celld-0 /cell/h2-42 start
2026-09-30T17:31:29.418338Z celld-0 /cell/h2-42 stored
2026-09-30T17:31:29.418362Z celld-0 /cell/h2-42 facet
2026-09-30T17:31:29.801710Z celld-0 /cell/h2-46 start
2026-09-30T17:31:29.801830Z celld-0 /cell/h2-46 stored
2026-09-30T17:31:29.801907Z celld-0 /cell/h2-46 facet
2026-09-30T17:31:29.901358Z celld-0 /cell/h2-35 done
2026-09-30T17:31:30.281388Z celld-0 /cell/h2-42 done
2026-09-30T17:31:30.305018Z celld-0 /cell/h2-43 done
2026-09-30T17:31:30.625262Z celld-0 /cell/h2-46 done
2026-09-30T17:31:31.366648Z celld-0 /cell/h2-56 start
2026-09-30T17:31:31.366786Z celld-0 /cell/h2-56 stored
2026-09-30T17:31:31.366812Z celld-0 /cell/h2-56 facet
2026-09-30T17:31:31.818390Z celld-0 /cell/h2-56 done
2026-09-30T17:31:32.689571Z celld-0 /cell/h2-59 start
2026-09-30T17:31:32.689681Z celld-0 /cell/h2-59 stored
2026-09-30T17:31:32.689699Z celld-0 /cell/h2-59 facet
2026-09-30T17:31:32.923811Z celld-0 /cell/h2-60 start
2026-09-30T17:31:32.923984Z celld-0 /cell/h2-60 stored
2026-09-30T17:31:32.924007Z celld-0 /cell/h2-60 facet
2026-09-30T17:31:33.830963Z celld-0 /cell/h2-62 start
2026-09-30T17:31:33.831100Z celld-0 /cell/h2-62 stored
2026-09-30T17:31:33.831119Z celld-0 /cell/h2-62 facet
2026-09-30T17:31:33.851923Z celld-0 /cell/h2-64 start
2026-09-30T17:31:33.852072Z celld-0 /cell/h2-64 stored
2026-09-30T17:31:33.852100Z celld-0 /cell/h2-64 facet
2026-09-30T17:31:33.854085Z celld-0 /cell/h2-59 done
2026-09-30T17:31:34.344279Z celld-0 /cell/h2-65 start
2026-09-30T17:31:34.344400Z celld-0 /cell/h2-65 stored
2026-09-30T17:31:34.344426Z celld-0 /cell/h2-65 facet
2026-09-30T17:31:34.411576Z celld-0 /cell/h2-66 start
2026-09-30T17:31:34.411744Z celld-0 /cell/h2-66 stored
2026-09-30T17:31:34.411780Z celld-0 /cell/h2-66 facet
2026-09-30T17:31:34.532475Z celld-0 /cell/h2-68 start
2026-09-30T17:31:34.532592Z celld-0 /cell/h2-68 stored
2026-09-30T17:31:34.532620Z celld-0 /cell/h2-68 facet
2026-09-30T17:31:34.540211Z celld-0 /cell/h2-70 start
2026-09-30T17:31:34.540361Z celld-0 /cell/h2-70 stored
2026-09-30T17:31:34.540389Z celld-0 /cell/h2-70 facet
2026-09-30T17:31:34.590314Z celld-0 /cell/h2-60 done
2026-09-30T17:31:35.046588Z celld-0 /cell/h2-75 start
2026-09-30T17:31:35.046778Z celld-0 /cell/h2-75 stored
2026-09-30T17:31:35.046868Z celld-0 /cell/h2-75 facet
2026-09-30T17:31:35.266791Z celld-0 /cell/h2-77 start
2026-09-30T17:31:35.266968Z celld-0 /cell/h2-77 stored
2026-09-30T17:31:35.267007Z celld-0 /cell/h2-77 facet
2026-09-30T17:31:35.339010Z celld-0 /cell/h2-76 start
2026-09-30T17:31:35.339161Z celld-0 /cell/h2-76 stored
2026-09-30T17:31:35.339185Z celld-0 /cell/h2-76 facet
2026-09-30T17:31:35.554943Z celld-0 /cell/h2-62 done
2026-09-30T17:31:35.570282Z celld-0 /cell/h2-79 start
2026-09-30T17:31:35.570533Z celld-0 /cell/h2-79 stored
2026-09-30T17:31:35.570563Z celld-0 /cell/h2-79 facet
2026-09-30T17:31:35.570790Z celld-0 /cell/h2-64 done
2026-09-30T17:31:35.885097Z celld-0 /cell/h2-65 done
2026-09-30T17:31:35.919890Z celld-0 /cell/h2-66 done
2026-09-30T17:31:36.051456Z celld-0 /cell/h2-68 done
2026-09-30T17:31:36.052714Z celld-0 /cell/h2-70 done
2026-09-30T17:31:36.514771Z celld-0 /cell/h2-75 done
2026-09-30T17:31:36.708017Z celld-0 /cell/h2-76 done
2026-09-30T17:31:36.729751Z celld-0 /cell/h2-77 done
2026-09-30T17:31:36.760885Z celld-0 /cell/h2-86 start
2026-09-30T17:31:36.761031Z celld-0 /cell/h2-86 stored
2026-09-30T17:31:36.761087Z celld-0 /cell/h2-86 facet
2026-09-30T17:31:36.837895Z celld-0 /cell/h2-85 start
2026-09-30T17:31:36.838147Z celld-0 /cell/h2-85 stored
2026-09-30T17:31:36.838210Z celld-0 /cell/h2-85 facet
2026-09-30T17:31:36.982276Z celld-0 /cell/h2-79 done
2026-09-30T17:31:37.276684Z celld-0 /cell/h2-88 start
2026-09-30T17:31:37.276811Z celld-0 /cell/h2-88 stored
2026-09-30T17:31:37.276835Z celld-0 /cell/h2-88 facet
2026-09-30T17:31:37.277309Z celld-0 /cell/h2-90 start
2026-09-30T17:31:37.277527Z celld-0 /cell/h2-90 stored
2026-09-30T17:31:37.277549Z celld-0 /cell/h2-90 facet
2026-09-30T17:31:37.633511Z celld-0 /cell/h2-91 start
2026-09-30T17:31:37.633623Z celld-0 /cell/h2-91 stored
2026-09-30T17:31:37.633640Z celld-0 /cell/h2-91 facet
2026-09-30T17:31:37.693753Z celld-0 /cell/h2-93 start
2026-09-30T17:31:37.693957Z celld-0 /cell/h2-93 stored
2026-09-30T17:31:37.693983Z celld-0 /cell/h2-93 facet
2026-09-30T17:31:37.985325Z celld-0 /cell/h2-85 done
2026-09-30T17:31:38.084990Z celld-0 /cell/h2-86 done
2026-09-30T17:31:38.135919Z celld-0 /cell/h2-95 start
2026-09-30T17:31:38.136181Z celld-0 /cell/h2-95 stored
2026-09-30T17:31:38.136212Z celld-0 /cell/h2-95 facet
2026-09-30T17:31:38.136244Z celld-0 /cell/h2-95 load
2026-09-30T17:31:38.142316Z celld-0 /cell/h2-95 loaded
2026-09-30T17:31:38.274017Z celld-0 /cell/h2-97 start
2026-09-30T17:31:38.274193Z celld-0 /cell/h2-97 stored
2026-09-30T17:31:38.274223Z celld-0 /cell/h2-97 facet
2026-09-30T17:31:38.525049Z celld-0 /cell/h2-90 done
2026-09-30T17:31:38.525259Z celld-0 /cell/h2-88 done
2026-09-30T17:31:38.974734Z celld-0 /cell/h2-91 done
2026-09-30T17:31:39.059777Z celld-0 /cell/h2-93 done
2026-09-30T17:31:39.194592Z celld-0 /cell/h2-102 start
2026-09-30T17:31:39.194772Z celld-0 /cell/h2-102 stored
2026-09-30T17:31:39.194842Z celld-0 /cell/h2-102 facet
2026-09-30T17:31:39.241751Z celld-0 /cell/h2-101 start
2026-09-30T17:31:39.241938Z celld-0 /cell/h2-101 stored
2026-09-30T17:31:39.241966Z celld-0 /cell/h2-101 facet
2026-09-30T17:31:39.745003Z celld-0 /cell/h2-106 start
2026-09-30T17:31:39.745263Z celld-0 /cell/h2-106 stored
2026-09-30T17:31:39.745313Z celld-0 /cell/h2-106 facet
2026-09-30T17:31:39.798763Z celld-0 /cell/h2-95 done
2026-09-30T17:31:39.878904Z celld-0 /cell/h2-108 start
2026-09-30T17:31:39.879144Z celld-0 /cell/h2-108 stored
2026-09-30T17:31:39.879188Z celld-0 /cell/h2-108 facet
2026-09-30T17:31:39.927228Z celld-0 /cell/h2-97 done
2026-09-30T17:31:40.088724Z celld-0 /cell/h2-111 start
2026-09-30T17:31:40.088892Z celld-0 /cell/h2-111 stored
2026-09-30T17:31:40.088923Z celld-0 /cell/h2-111 facet
2026-09-30T17:31:40.400806Z celld-0 /cell/h2-102 done
2026-09-30T17:31:40.401238Z celld-0 /cell/h2-101 done
2026-09-30T17:31:40.936112Z celld-0 /cell/h2-106 done
2026-09-30T17:31:41.123706Z celld-0 /cell/h2-108 done
2026-09-30T17:31:41.401843Z celld-0 /cell/h2-111 done
2026-09-30T17:31:41.403491Z celld-0 /cell/h2-119 start
2026-09-30T17:31:41.403637Z celld-0 /cell/h2-119 stored
2026-09-30T17:31:41.403665Z celld-0 /cell/h2-119 facet
2026-09-30T17:31:41.879345Z celld-0 /cell/h2-123 start
2026-09-30T17:31:41.879596Z celld-0 /cell/h2-123 stored
2026-09-30T17:31:41.879664Z celld-0 /cell/h2-123 facet
2026-09-30T17:31:41.981000Z celld-0 /cell/h2-124 start
2026-09-30T17:31:41.981225Z celld-0 /cell/h2-124 stored
2026-09-30T17:31:41.981265Z celld-0 /cell/h2-124 facet
2026-09-30T17:31:42.311243Z celld-0 /cell/h2-126 start
2026-09-30T17:31:42.311358Z celld-0 /cell/h2-126 stored
2026-09-30T17:31:42.311375Z celld-0 /cell/h2-126 facet
2026-09-30T17:31:42.793804Z celld-0 /cell/h2-119 done
2026-09-30T17:31:42.797489Z celld-0 /cell/h2-129 start
2026-09-30T17:31:42.797649Z celld-0 /cell/h2-129 stored
2026-09-30T17:31:42.797726Z celld-0 /cell/h2-129 facet
2026-09-30T17:31:43.164642Z celld-0 /cell/h2-123 done
2026-09-30T17:31:43.226692Z celld-0 /cell/h2-131 start
2026-09-30T17:31:43.226913Z celld-0 /cell/h2-131 stored
2026-09-30T17:31:43.226978Z celld-0 /cell/h2-131 facet
2026-09-30T17:31:43.365619Z celld-0 /cell/h2-133 start
2026-09-30T17:31:43.365796Z celld-0 /cell/h2-133 stored
2026-09-30T17:31:43.365827Z celld-0 /cell/h2-133 facet
2026-09-30T17:31:43.366666Z celld-0 /cell/h2-132 start
2026-09-30T17:31:43.366858Z celld-0 /cell/h2-132 stored
2026-09-30T17:31:43.366875Z celld-0 /cell/h2-132 facet
2026-09-30T17:31:43.613147Z celld-0 /cell/h2-126 done
2026-09-30T17:31:43.796571Z celld-0 /cell/h2-124 done
2026-09-30T17:31:43.812333Z celld-0 /cell/h2-136 start
2026-09-30T17:31:43.812459Z celld-0 /cell/h2-136 stored
2026-09-30T17:31:43.812485Z celld-0 /cell/h2-136 facet
2026-09-30T17:31:43.920567Z celld-0 /cell/h2-129 done
2026-09-30T17:31:44.333417Z celld-0 /cell/h2-138 start
2026-09-30T17:31:44.333593Z celld-0 /cell/h2-138 stored
2026-09-30T17:31:44.333634Z celld-0 /cell/h2-138 facet
2026-09-30T17:31:44.607515Z celld-0 /cell/h2-131 done
2026-09-30T17:31:44.661768Z celld-0 /cell/h2-133 done
2026-09-30T17:31:44.727242Z celld-0 /cell/h2-132 done
2026-09-30T17:31:45.194323Z celld-0 /cell/h2-136 done
2026-09-30T17:31:45.380034Z celld-0 /cell/h2-142 start
2026-09-30T17:31:45.380189Z celld-0 /cell/h2-142 stored
2026-09-30T17:31:45.380240Z celld-0 /cell/h2-142 facet
2026-09-30T17:31:45.563751Z celld-0 /cell/h2-149 start
2026-09-30T17:31:45.563878Z celld-0 /cell/h2-149 stored
2026-09-30T17:31:45.563910Z celld-0 /cell/h2-149 facet
2026-09-30T17:31:45.575374Z celld-0 /cell/h2-143 start
2026-09-30T17:31:45.575481Z celld-0 /cell/h2-143 stored
2026-09-30T17:31:45.575509Z celld-0 /cell/h2-143 facet
2026-09-30T17:31:45.802469Z celld-0 /cell/h2-138 done
2026-09-30T17:31:45.961464Z celld-0 /cell/h2-154 start
2026-09-30T17:31:45.961699Z celld-0 /cell/h2-154 stored
2026-09-30T17:31:45.961727Z celld-0 /cell/h2-154 facet
2026-09-30T17:31:46.122090Z celld-0 /cell/h2-153 start
2026-09-30T17:31:46.122264Z celld-0 /cell/h2-153 stored
2026-09-30T17:31:46.122298Z celld-0 /cell/h2-153 facet
2026-09-30T17:31:46.178863Z celld-0 /cell/h2-151 start
2026-09-30T17:31:46.179018Z celld-0 /cell/h2-151 stored
2026-09-30T17:31:46.179052Z celld-0 /cell/h2-151 facet
2026-09-30T17:31:46.513806Z celld-0 /cell/h2-142 done
2026-09-30T17:31:46.787209Z celld-0 /cell/h2-159 start
2026-09-30T17:31:46.787422Z celld-0 /cell/h2-159 stored
2026-09-30T17:31:46.787450Z celld-0 /cell/h2-159 facet
2026-09-30T17:31:46.943737Z celld-0 /cell/h2-143 done
2026-09-30T17:31:46.946352Z celld-0 /cell/h2-149 done
2026-09-30T17:31:46.971832Z celld-0 /cell/h2-161 start
2026-09-30T17:31:46.971989Z celld-0 /cell/h2-161 stored
2026-09-30T17:31:46.972049Z celld-0 /cell/h2-161 facet
2026-09-30T17:31:47.161758Z celld-0 /cell/h2-154 done
2026-09-30T17:31:47.284955Z celld-0 /cell/h2-151 done
2026-09-30T17:31:47.299538Z celld-0 /cell/h2-153 done
2026-09-30T17:31:47.440152Z celld-0 /cell/h2-162 start
2026-09-30T17:31:47.440323Z celld-0 /cell/h2-162 stored
2026-09-30T17:31:47.440367Z celld-0 /cell/h2-162 facet
2026-09-30T17:31:48.069527Z celld-0 /cell/h2-159 done
2026-09-30T17:31:48.071910Z celld-0 /cell/h2-165 start
2026-09-30T17:31:48.072206Z celld-0 /cell/h2-165 stored
2026-09-30T17:31:48.072227Z celld-0 /cell/h2-165 facet
2026-09-30T17:31:48.200648Z celld-0 /cell/h2-169 start
2026-09-30T17:31:48.200799Z celld-0 /cell/h2-169 stored
2026-09-30T17:31:48.200820Z celld-0 /cell/h2-169 facet
2026-09-30T17:31:48.248356Z celld-0 /cell/h2-161 done
2026-09-30T17:31:48.496922Z celld-0 /cell/h2-162 done
2026-09-30T17:31:48.709817Z celld-0 /cell/h2-173 start
2026-09-30T17:31:48.709948Z celld-0 /cell/h2-173 stored
2026-09-30T17:31:48.709965Z celld-0 /cell/h2-173 facet
2026-09-30T17:31:49.142585Z celld-0 /cell/h2-165 done
2026-09-30T17:31:49.234736Z celld-0 /cell/h2-169 done
2026-09-30T17:31:49.604931Z celld-0 /cell/h2-175 start
2026-09-30T17:31:49.605120Z celld-0 /cell/h2-175 stored
2026-09-30T17:31:49.605155Z celld-0 /cell/h2-175 facet
2026-09-30T17:31:50.103888Z celld-0 /cell/h2-173 done
2026-09-30T17:31:50.162048Z celld-0 /cell/h2-177 start
2026-09-30T17:31:50.162235Z celld-0 /cell/h2-177 stored
2026-09-30T17:31:50.162263Z celld-0 /cell/h2-177 facet
2026-09-30T17:31:50.240648Z celld-0 /cell/h2-179 start
2026-09-30T17:31:50.240828Z celld-0 /cell/h2-179 stored
2026-09-30T17:31:50.240856Z celld-0 /cell/h2-179 facet
2026-09-30T17:31:50.723690Z celld-0 /cell/h2-185 start
2026-09-30T17:31:50.723961Z celld-0 /cell/h2-185 stored
2026-09-30T17:31:50.723993Z celld-0 /cell/h2-185 facet
2026-09-30T17:31:50.724028Z celld-0 /cell/h2-185 load
2026-09-30T17:31:50.724528Z celld-0 /cell/h2-182 start
2026-09-30T17:31:50.724693Z celld-0 /cell/h2-182 stored
2026-09-30T17:31:50.724724Z celld-0 /cell/h2-182 facet
2026-09-30T17:31:50.731529Z celld-0 /cell/h2-185 loaded
2026-09-30T17:31:50.829500Z celld-0 /cell/h2-175 done
2026-09-30T17:31:51.036344Z celld-0 /cell/h2-189 start
2026-09-30T17:31:51.036515Z celld-0 /cell/h2-189 stored
2026-09-30T17:31:51.036621Z celld-0 /cell/h2-189 facet
2026-09-30T17:31:51.140025Z celld-0 /cell/h2-177 done
2026-09-30T17:31:51.144689Z celld-0 /cell/h2-179 done
2026-09-30T17:31:51.555087Z celld-0 /cell/h2-182 done
2026-09-30T17:31:51.587102Z celld-0 /cell/h2-185 done
2026-09-30T17:31:52.023604Z celld-0 /cell/h2-189 done
2026-09-30T17:31:52.454839Z celld-0 /cell/h2-199 start
2026-09-30T17:31:52.455103Z celld-0 /cell/h2-199 stored
2026-09-30T17:31:52.455172Z celld-0 /cell/h2-199 facet
2026-09-30T17:31:52.826482Z celld-0 /cell/h2-203 start
2026-09-30T17:31:52.826714Z celld-0 /cell/h2-203 stored
2026-09-30T17:31:52.826743Z celld-0 /cell/h2-203 facet
2026-09-30T17:31:53.261270Z celld-0 /cell/h2-206 start
2026-09-30T17:31:53.261423Z celld-0 /cell/h2-206 stored
2026-09-30T17:31:53.261456Z celld-0 /cell/h2-206 facet
2026-09-30T17:31:53.527774Z celld-0 /cell/h2-199 done
2026-09-30T17:31:53.672616Z celld-0 /cell/h2-209 start
2026-09-30T17:31:53.672777Z celld-0 /cell/h2-209 stored
2026-09-30T17:31:53.672809Z celld-0 /cell/h2-209 facet
2026-09-30T17:31:53.776939Z celld-0 /cell/h2-203 done
2026-09-30T17:31:54.270478Z celld-0 /cell/h2-206 done
2026-09-30T17:31:54.784536Z celld-0 /cell/h2-209 done
2026-09-30T17:31:55.390631Z celld-0 /cell/h2-214 start
2026-09-30T17:31:55.390798Z celld-0 /cell/h2-214 stored
2026-09-30T17:31:55.390838Z celld-0 /cell/h2-214 facet
2026-09-30T17:31:55.653882Z celld-0 /cell/h2-218 start
2026-09-30T17:31:55.654056Z celld-0 /cell/h2-218 stored
2026-09-30T17:31:55.654102Z celld-0 /cell/h2-218 facet
2026-09-30T17:31:55.768031Z celld-0 /cell/h2-220 start
2026-09-30T17:31:55.768200Z celld-0 /cell/h2-220 stored
2026-09-30T17:31:55.768229Z celld-0 /cell/h2-220 facet
2026-09-30T17:31:56.475469Z celld-0 /cell/h2-226 start
2026-09-30T17:31:56.475587Z celld-0 /cell/h2-226 stored
2026-09-30T17:31:56.475620Z celld-0 /cell/h2-226 facet
2026-09-30T17:31:56.542351Z celld-0 /cell/h2-214 done
2026-09-30T17:31:56.582128Z celld-0 /cell/h2-218 done
2026-09-30T17:31:57.241634Z celld-0 /cell/h2-220 done
2026-09-30T17:31:57.244685Z celld-0 /cell/h2-229 start
2026-09-30T17:31:57.244826Z celld-0 /cell/h2-229 stored
2026-09-30T17:31:57.244853Z celld-0 /cell/h2-229 facet
2026-09-30T17:31:57.246624Z celld-0 /cell/h2-230 start
2026-09-30T17:31:57.246733Z celld-0 /cell/h2-230 stored
2026-09-30T17:31:57.246754Z celld-0 /cell/h2-230 facet
2026-09-30T17:31:57.817908Z celld-0 /cell/h2-226 done
2026-09-30T17:31:57.979558Z celld-0 /cell/h2-233 start
2026-09-30T17:31:57.979831Z celld-0 /cell/h2-233 stored
2026-09-30T17:31:57.979853Z celld-0 /cell/h2-233 facet
2026-09-30T17:31:58.383334Z celld-0 /cell/h2-236 start
2026-09-30T17:31:58.383469Z celld-0 /cell/h2-236 stored
2026-09-30T17:31:58.383489Z celld-0 /cell/h2-236 facet
2026-09-30T17:31:58.887073Z celld-0 /cell/h2-230 done
2026-09-30T17:31:59.176264Z celld-0 /cell/h2-229 done
2026-09-30T17:31:59.177704Z celld-0 /cell/h2-239 start
2026-09-30T17:31:59.177863Z celld-0 /cell/h2-239 stored
2026-09-30T17:31:59.177915Z celld-0 /cell/h2-239 facet
2026-09-30T17:31:59.692902Z celld-0 /cell/h2-243 start
2026-09-30T17:31:59.693042Z celld-0 /cell/h2-243 stored
2026-09-30T17:31:59.693063Z celld-0 /cell/h2-243 facet
2026-09-30T17:31:59.797379Z celld-0 /cell/h2-246 start
2026-09-30T17:31:59.797513Z celld-0 /cell/h2-246 stored
2026-09-30T17:31:59.797546Z celld-0 /cell/h2-246 facet
2026-09-30T17:31:59.865516Z celld-0 /cell/h2-247 start
2026-09-30T17:31:59.865613Z celld-0 /cell/h2-247 stored
2026-09-30T17:31:59.865629Z celld-0 /cell/h2-247 facet
2026-09-30T17:32:00.055399Z celld-0 /cell/h2-249 start
2026-09-30T17:32:00.055531Z celld-0 /cell/h2-249 stored
2026-09-30T17:32:00.055576Z celld-0 /cell/h2-249 facet
2026-09-30T17:32:00.085536Z celld-0 /cell/h2-233 done
2026-09-30T17:32:00.393466Z celld-0 /cell/h2-236 done
2026-09-30T17:32:00.874640Z celld-0 /cell/h2-252 start
2026-09-30T17:32:00.874797Z celld-0 /cell/h2-252 stored
2026-09-30T17:32:00.874819Z celld-0 /cell/h2-252 facet
2026-09-30T17:32:01.266895Z celld-0 /cell/h2-253 start
2026-09-30T17:32:01.267080Z celld-0 /cell/h2-253 stored
2026-09-30T17:32:01.267095Z celld-0 /cell/h2-253 facet
2026-09-30T17:32:01.438473Z celld-0 /cell/h2-239 done
2026-09-30T17:32:01.470476Z celld-0 /cell/h2-249 done
2026-09-30T17:32:01.479620Z celld-0 /cell/h2-247 done
2026-09-30T17:32:01.486694Z celld-0 /cell/h2-246 done
2026-09-30T17:32:01.486914Z celld-0 /cell/h2-243 done
2026-09-30T17:32:01.791345Z celld-0 /cell/h2-254 start
2026-09-30T17:32:01.791506Z celld-0 /cell/h2-254 stored
2026-09-30T17:32:01.791548Z celld-0 /cell/h2-254 facet
2026-09-30T17:32:02.612159Z celld-0 /cell/h2-252 done
2026-09-30T17:32:02.744232Z celld-0 /cell/h2-256 start
2026-09-30T17:32:02.744339Z celld-0 /cell/h2-256 stored
2026-09-30T17:32:02.744364Z celld-0 /cell/h2-256 facet
2026-09-30T17:32:02.814493Z celld-0 /cell/h2-258 start
2026-09-30T17:32:02.814680Z celld-0 /cell/h2-258 stored
2026-09-30T17:32:02.814713Z celld-0 /cell/h2-258 facet
2026-09-30T17:32:02.986087Z celld-0 /cell/h2-253 done
2026-09-30T17:32:02.988957Z celld-0 /cell/h2-263 start
2026-09-30T17:32:02.989245Z celld-0 /cell/h2-263 stored
2026-09-30T17:32:02.989269Z celld-0 /cell/h2-263 facet
2026-09-30T17:32:03.079809Z celld-0 /cell/h2-254 done
2026-09-30T17:32:03.083310Z celld-0 /cell/h2-268 start
2026-09-30T17:32:03.083433Z celld-0 /cell/h2-268 stored
2026-09-30T17:32:03.083454Z celld-0 /cell/h2-268 facet
2026-09-30T17:32:03.739400Z celld-0 /cell/h2-256 done
2026-09-30T17:32:03.860923Z celld-0 /cell/h2-258 done
2026-09-30T17:32:04.056245Z celld-0 /cell/h2-263 done
2026-09-30T17:32:04.132737Z celld-0 /cell/h2-273 start
2026-09-30T17:32:04.132971Z celld-0 /cell/h2-273 stored
2026-09-30T17:32:04.133009Z celld-0 /cell/h2-273 facet
2026-09-30T17:32:04.185613Z celld-0 /cell/h2-271 start
2026-09-30T17:32:04.185744Z celld-0 /cell/h2-271 stored
2026-09-30T17:32:04.185759Z celld-0 /cell/h2-271 facet
2026-09-30T17:32:04.291872Z celld-0 /cell/h2-268 done
2026-09-30T17:32:04.433900Z celld-0 /cell/h2-275 start
2026-09-30T17:32:04.434034Z celld-0 /cell/h2-275 stored
2026-09-30T17:32:04.434065Z celld-0 /cell/h2-275 facet
2026-09-30T17:32:04.662086Z celld-0 /cell/h2-276 start
2026-09-30T17:32:04.662252Z celld-0 /cell/h2-276 stored
2026-09-30T17:32:04.662285Z celld-0 /cell/h2-276 facet
2026-09-30T17:32:05.661818Z celld-0 /cell/h2-279 start
2026-09-30T17:32:05.661968Z celld-0 /cell/h2-279 stored
2026-09-30T17:32:05.661996Z celld-0 /cell/h2-279 facet
2026-09-30T17:32:05.734130Z celld-0 /cell/h2-280 start
2026-09-30T17:32:05.734250Z celld-0 /cell/h2-280 stored
2026-09-30T17:32:05.734270Z celld-0 /cell/h2-280 facet
2026-09-30T17:32:05.989933Z celld-0 /cell/h2-283 start
2026-09-30T17:32:05.990113Z celld-0 /cell/h2-283 stored
2026-09-30T17:32:05.990155Z celld-0 /cell/h2-283 facet
2026-09-30T17:32:05.991675Z celld-0 /cell/h2-271 done
2026-09-30T17:32:06.171829Z celld-0 /cell/h2-275 done
2026-09-30T17:32:06.188936Z celld-0 /cell/h2-284 start
2026-09-30T17:32:06.189145Z celld-0 /cell/h2-284 stored
2026-09-30T17:32:06.189191Z celld-0 /cell/h2-284 facet
2026-09-30T17:32:06.206997Z celld-0 /cell/h2-287 start
2026-09-30T17:32:06.207133Z celld-0 /cell/h2-287 stored
2026-09-30T17:32:06.207163Z celld-0 /cell/h2-287 facet
2026-09-30T17:32:06.213169Z celld-0 /cell/h2-273 done
2026-09-30T17:32:06.450531Z celld-0 /cell/h2-276 done
2026-09-30T17:32:07.079888Z celld-0 /cell/h2-290 start
2026-09-30T17:32:07.080050Z celld-0 /cell/h2-290 stored
2026-09-30T17:32:07.080089Z celld-0 /cell/h2-290 facet
2026-09-30T17:32:07.080895Z celld-0 /cell/h2-289 start
2026-09-30T17:32:07.080991Z celld-0 /cell/h2-289 stored
2026-09-30T17:32:07.081003Z celld-0 /cell/h2-289 facet
2026-09-30T17:32:07.452348Z celld-0 /cell/h2-279 done
2026-09-30T17:32:07.458090Z celld-0 /cell/h2-292 start
2026-09-30T17:32:07.458255Z celld-0 /cell/h2-292 stored
2026-09-30T17:32:07.458285Z celld-0 /cell/h2-292 facet
2026-09-30T17:32:07.513671Z celld-0 /cell/h2-280 done
2026-09-30T17:32:07.740102Z celld-0 /cell/h2-283 done
2026-09-30T17:32:07.779384Z celld-0 /cell/h2-284 done
2026-09-30T17:32:07.783183Z celld-0 /cell/h2-287 done
2026-09-30T17:32:07.912294Z celld-0 /cell/h2-295 start
2026-09-30T17:32:07.912431Z celld-0 /cell/h2-295 stored
2026-09-30T17:32:07.912459Z celld-0 /cell/h2-295 facet
2026-09-30T17:32:08.661181Z celld-0 /cell/h2-289 done
2026-09-30T17:32:08.885102Z celld-0 /cell/h2-290 done
2026-09-30T17:32:08.958387Z celld-0 /cell/h2-301 start
2026-09-30T17:32:08.958812Z celld-0 /cell/h2-301 stored
2026-09-30T17:32:08.959457Z celld-0 /cell/h2-301 facet
2026-09-30T17:32:08.990496Z celld-0 /cell/h2-295 done
2026-09-30T17:32:08.998146Z celld-0 /cell/h2-292 done
2026-09-30T17:32:09.397131Z celld-0 /cell/h2-305 start
2026-09-30T17:32:09.397414Z celld-0 /cell/h2-305 stored
2026-09-30T17:32:09.397439Z celld-0 /cell/h2-305 facet
2026-09-30T17:32:10.834319Z celld-0 /cell/h2-301 done
2026-09-30T17:32:11.250481Z celld-0 /cell/h2-313 start
2026-09-30T17:32:11.250599Z celld-0 /cell/h2-313 stored
2026-09-30T17:32:11.250618Z celld-0 /cell/h2-313 facet
2026-09-30T17:32:11.397033Z celld-0 /cell/h2-314 start
2026-09-30T17:32:11.397259Z celld-0 /cell/h2-314 stored
2026-09-30T17:32:11.397280Z celld-0 /cell/h2-314 facet
2026-09-30T17:32:11.488242Z celld-0 /cell/h2-315 start
2026-09-30T17:32:11.488415Z celld-0 /cell/h2-315 stored
2026-09-30T17:32:11.488438Z celld-0 /cell/h2-315 facet
2026-09-30T17:32:11.636951Z celld-0 /cell/h2-316 start
2026-09-30T17:32:11.637076Z celld-0 /cell/h2-316 stored
2026-09-30T17:32:11.637093Z celld-0 /cell/h2-316 facet
2026-09-30T17:32:11.784859Z celld-0 /cell/h2-305 done
2026-09-30T17:32:11.847600Z celld-0 /cell/h2-318 start
2026-09-30T17:32:11.847773Z celld-0 /cell/h2-318 stored
2026-09-30T17:32:11.847803Z celld-0 /cell/h2-318 facet
2026-09-30T17:32:12.417587Z celld-0 /cell/h2-320 start
2026-09-30T17:32:12.417705Z celld-0 /cell/h2-320 stored
2026-09-30T17:32:12.417726Z celld-0 /cell/h2-320 facet
2026-09-30T17:32:12.641648Z celld-0 /cell/h2-321 start
2026-09-30T17:32:12.641784Z celld-0 /cell/h2-321 stored
2026-09-30T17:32:12.641805Z celld-0 /cell/h2-321 facet
2026-09-30T17:32:12.991290Z celld-0 /cell/h2-314 done
2026-09-30T17:32:13.054277Z celld-0 /cell/h2-313 done
2026-09-30T17:32:13.126643Z celld-0 /cell/h2-315 done
2026-09-30T17:32:13.260389Z celld-0 /cell/h2-318 done
2026-09-30T17:32:13.360803Z celld-0 /cell/h2-324 start
2026-09-30T17:32:13.360920Z celld-0 /cell/h2-324 stored
2026-09-30T17:32:13.360938Z celld-0 /cell/h2-324 facet
2026-09-30T17:32:13.514083Z celld-0 /cell/h2-316 done
2026-09-30T17:32:13.635020Z celld-0 /cell/h2-326 start
2026-09-30T17:32:13.635238Z celld-0 /cell/h2-326 stored
2026-09-30T17:32:13.635261Z celld-0 /cell/h2-326 facet
2026-09-30T17:32:14.251452Z celld-0 /cell/h2-321 done
2026-09-30T17:32:14.293587Z celld-0 /cell/h2-320 done
2026-09-30T17:32:14.437931Z celld-0 /cell/h2-328 start
2026-09-30T17:32:14.438325Z celld-0 /cell/h2-328 stored
2026-09-30T17:32:14.438410Z celld-0 /cell/h2-328 facet
2026-09-30T17:32:14.797313Z celld-0 /cell/h2-324 done
2026-09-30T17:32:14.831700Z celld-0 /cell/h2-331 start
2026-09-30T17:32:14.831803Z celld-0 /cell/h2-331 stored
2026-09-30T17:32:14.831828Z celld-0 /cell/h2-331 facet
2026-09-30T17:32:14.832616Z celld-0 /cell/h2-332 start
2026-09-30T17:32:14.832737Z celld-0 /cell/h2-332 stored
2026-09-30T17:32:14.832746Z celld-0 /cell/h2-332 facet
2026-09-30T17:32:15.358054Z celld-0 /cell/h2-326 done
2026-09-30T17:32:15.968786Z celld-0 /cell/h2-337 start
2026-09-30T17:32:15.968926Z celld-0 /cell/h2-337 stored
2026-09-30T17:32:15.968959Z celld-0 /cell/h2-337 facet
2026-09-30T17:32:16.002271Z celld-0 /cell/h2-335 start
2026-09-30T17:32:16.002465Z celld-0 /cell/h2-335 stored
2026-09-30T17:32:16.002495Z celld-0 /cell/h2-335 facet
2026-09-30T17:32:16.053627Z celld-0 /cell/h2-328 done
2026-09-30T17:32:16.597328Z celld-0 /cell/h2-332 done
2026-09-30T17:32:16.698861Z celld-0 /cell/h2-331 done
2026-09-30T17:32:17.425296Z celld-0 /cell/h2-337 done
2026-09-30T17:32:17.464309Z celld-0 /cell/h2-335 done
2026-09-30T17:32:17.828948Z celld-0 /cell/h2-350 start
2026-09-30T17:32:17.829081Z celld-0 /cell/h2-350 stored
2026-09-30T17:32:17.829097Z celld-0 /cell/h2-350 facet
2026-09-30T17:32:17.860753Z celld-0 /cell/h2-349 start
2026-09-30T17:32:17.860872Z celld-0 /cell/h2-349 stored
2026-09-30T17:32:17.860902Z celld-0 /cell/h2-349 facet
2026-09-30T17:32:18.339077Z celld-0 /cell/h2-351 start
2026-09-30T17:32:18.339223Z celld-0 /cell/h2-351 stored
2026-09-30T17:32:18.339239Z celld-0 /cell/h2-351 facet
2026-09-30T17:32:18.340033Z celld-0 /cell/h2-352 start
2026-09-30T17:32:18.340158Z celld-0 /cell/h2-352 stored
2026-09-30T17:32:18.340167Z celld-0 /cell/h2-352 facet
2026-09-30T17:32:18.573838Z celld-0 /cell/h2-355 start
2026-09-30T17:32:18.574000Z celld-0 /cell/h2-355 stored
2026-09-30T17:32:18.574026Z celld-0 /cell/h2-355 facet
2026-09-30T17:32:19.000009Z celld-0 /cell/h2-356 start
2026-09-30T17:32:19.000175Z celld-0 /cell/h2-356 stored
2026-09-30T17:32:19.000198Z celld-0 /cell/h2-356 facet
2026-09-30T17:32:19.636178Z celld-0 /cell/h2-349 done
2026-09-30T17:32:19.657281Z celld-0 /cell/h2-350 done
2026-09-30T17:32:19.756314Z celld-0 /cell/h2-360 start
2026-09-30T17:32:19.756482Z celld-0 /cell/h2-360 stored
2026-09-30T17:32:19.756516Z celld-0 /cell/h2-360 facet
2026-09-30T17:32:19.853104Z celld-0 /cell/h2-351 done
2026-09-30T17:32:19.862969Z celld-0 /cell/h2-352 done
2026-09-30T17:32:20.212195Z celld-0 /cell/h2-364 start
2026-09-30T17:32:20.212359Z celld-0 /cell/h2-364 stored
2026-09-30T17:32:20.212377Z celld-0 /cell/h2-364 facet
2026-09-30T17:32:20.260057Z celld-0 /cell/h2-355 done
2026-09-30T17:32:20.734357Z celld-0 /cell/h2-368 start
2026-09-30T17:32:20.734561Z celld-0 /cell/h2-368 stored
2026-09-30T17:32:20.734599Z celld-0 /cell/h2-368 facet
2026-09-30T17:32:20.784955Z celld-0 /cell/h2-356 done
2026-09-30T17:32:21.752945Z celld-0 /cell/h2-360 done
2026-09-30T17:32:21.981158Z celld-0 /cell/h2-364 done
2026-09-30T17:32:22.419543Z celld-0 /cell/h2-368 done
2026-09-30T17:32:22.478427Z celld-0 /cell/h2-378 start
2026-09-30T17:32:22.478566Z celld-0 /cell/h2-378 stored
2026-09-30T17:32:22.478607Z celld-0 /cell/h2-378 facet
2026-09-30T17:32:23.128127Z celld-0 /cell/h2-384 start
2026-09-30T17:32:23.128289Z celld-0 /cell/h2-384 stored
2026-09-30T17:32:23.128337Z celld-0 /cell/h2-384 facet
2026-09-30T17:32:23.714950Z celld-0 /cell/h2-378 done
2026-09-30T17:32:24.029232Z celld-0 /cell/h2-391 start
2026-09-30T17:32:24.029359Z celld-0 /cell/h2-391 stored
2026-09-30T17:32:24.029378Z celld-0 /cell/h2-391 facet
2026-09-30T17:32:24.031234Z celld-0 /cell/h2-389 start
2026-09-30T17:32:24.031512Z celld-0 /cell/h2-389 stored
2026-09-30T17:32:24.031525Z celld-0 /cell/h2-389 facet
2026-09-30T17:32:24.222384Z celld-0 /cell/h2-384 done
2026-09-30T17:32:24.361085Z celld-0 /cell/h2-392 start
2026-09-30T17:32:24.361211Z celld-0 /cell/h2-392 stored
2026-09-30T17:32:24.361233Z celld-0 /cell/h2-392 facet
2026-09-30T17:32:25.119505Z celld-0 /cell/h2-395 start
2026-09-30T17:32:25.119652Z celld-0 /cell/h2-395 stored
2026-09-30T17:32:25.119678Z celld-0 /cell/h2-395 facet
2026-09-30T17:32:25.395988Z celld-0 /cell/h2-391 done
2026-09-30T17:32:25.776771Z celld-0 /cell/h2-396 start
2026-09-30T17:32:25.776937Z celld-0 /cell/h2-396 stored
2026-09-30T17:32:25.776972Z celld-0 /cell/h2-396 facet
2026-09-30T17:32:25.778849Z celld-0 /cell/h2-397 start
2026-09-30T17:32:25.779009Z celld-0 /cell/h2-397 stored
2026-09-30T17:32:25.779046Z celld-0 /cell/h2-397 facet
2026-09-30T17:32:25.920872Z celld-0 /cell/h2-389 done
2026-09-30T17:32:25.930951Z celld-0 /cell/h2-398 start
2026-09-30T17:32:25.931072Z celld-0 /cell/h2-398 stored
2026-09-30T17:32:25.931103Z celld-0 /cell/h2-398 facet
2026-09-30T17:32:26.158157Z celld-0 /cell/h2-400 start
2026-09-30T17:32:26.158719Z celld-0 /cell/h2-400 stored
2026-09-30T17:32:26.158743Z celld-0 /cell/h2-400 facet
2026-09-30T17:32:26.391244Z celld-0 /cell/h2-392 done
2026-09-30T17:32:26.637628Z celld-0 /cell/h2-403 start
2026-09-30T17:32:26.637823Z celld-0 /cell/h2-403 stored
2026-09-30T17:32:26.637861Z celld-0 /cell/h2-403 facet
2026-09-30T17:32:26.640526Z celld-0 /cell/h2-402 start
2026-09-30T17:32:26.640662Z celld-0 /cell/h2-402 stored
2026-09-30T17:32:26.640691Z celld-0 /cell/h2-402 facet
2026-09-30T17:32:26.884280Z celld-0 /cell/h2-404 start
2026-09-30T17:32:26.884444Z celld-0 /cell/h2-404 stored
2026-09-30T17:32:26.884477Z celld-0 /cell/h2-404 facet
2026-09-30T17:32:27.038121Z celld-0 /cell/h2-395 done
2026-09-30T17:32:27.182747Z celld-0 /cell/h2-397 done
2026-09-30T17:32:27.464761Z celld-0 /cell/h2-398 done
2026-09-30T17:32:27.465946Z celld-0 /cell/h2-396 done
2026-09-30T17:32:27.476292Z celld-0 /cell/h2-400 done
2026-09-30T17:32:27.767462Z celld-0 /cell/h2-403 done
2026-09-30T17:32:27.832412Z celld-0 /cell/h2-402 done
2026-09-30T17:32:28.227034Z celld-0 /cell/h2-404 done
2026-09-30T17:32:28.412910Z celld-0 /cell/h2-416 start
2026-09-30T17:32:28.413022Z celld-0 /cell/h2-416 stored
2026-09-30T17:32:28.413036Z celld-0 /cell/h2-416 facet
2026-09-30T17:32:29.125557Z celld-0 /cell/h2-421 start
2026-09-30T17:32:29.125713Z celld-0 /cell/h2-421 stored
2026-09-30T17:32:29.125743Z celld-0 /cell/h2-421 facet
2026-09-30T17:32:29.431155Z celld-0 /cell/h2-423 start
2026-09-30T17:32:29.431311Z celld-0 /cell/h2-423 stored
2026-09-30T17:32:29.431328Z celld-0 /cell/h2-423 facet
2026-09-30T17:32:29.512415Z celld-0 /cell/h2-426 start
2026-09-30T17:32:29.512565Z celld-0 /cell/h2-426 stored
2026-09-30T17:32:29.512593Z celld-0 /cell/h2-426 facet
2026-09-30T17:32:29.816347Z celld-0 /cell/h2-428 start
2026-09-30T17:32:29.816479Z celld-0 /cell/h2-428 stored
2026-09-30T17:32:29.816507Z celld-0 /cell/h2-428 facet
2026-09-30T17:32:29.850248Z celld-0 /cell/h2-416 done
2026-09-30T17:32:30.970362Z celld-0 /cell/h2-423 done
2026-09-30T17:32:30.985384Z celld-0 /cell/h2-421 done
2026-09-30T17:32:31.186002Z celld-0 /cell/h2-426 done
2026-09-30T17:32:31.664799Z celld-0 /cell/h2-428 done
2026-09-30T17:32:31.717142Z celld-0 /cell/h2-430 start
2026-09-30T17:32:31.717315Z celld-0 /cell/h2-430 stored
2026-09-30T17:32:31.717346Z celld-0 /cell/h2-430 facet
2026-09-30T17:32:31.787881Z celld-0 /cell/h2-431 start
2026-09-30T17:32:31.788015Z celld-0 /cell/h2-431 stored
2026-09-30T17:32:31.788032Z celld-0 /cell/h2-431 facet
2026-09-30T17:32:31.925273Z celld-0 /cell/h2-432 start
2026-09-30T17:32:31.925450Z celld-0 /cell/h2-432 stored
2026-09-30T17:32:31.925491Z celld-0 /cell/h2-432 facet
2026-09-30T17:32:32.798317Z celld-0 /cell/h2-435 start
2026-09-30T17:32:32.798432Z celld-0 /cell/h2-435 stored
2026-09-30T17:32:32.798452Z celld-0 /cell/h2-435 facet
2026-09-30T17:32:32.799255Z celld-0 /cell/h2-433 start
2026-09-30T17:32:32.799416Z celld-0 /cell/h2-433 stored
2026-09-30T17:32:32.799438Z celld-0 /cell/h2-433 facet
2026-09-30T17:32:33.234679Z celld-0 /cell/h2-441 start
2026-09-30T17:32:33.234796Z celld-0 /cell/h2-441 stored
2026-09-30T17:32:33.234804Z celld-0 /cell/h2-441 facet
2026-09-30T17:32:33.235796Z celld-0 /cell/h2-440 start
2026-09-30T17:32:33.235962Z celld-0 /cell/h2-440 stored
2026-09-30T17:32:33.235975Z celld-0 /cell/h2-440 facet
2026-09-30T17:32:33.447352Z celld-0 /cell/h2-432 done
2026-09-30T17:32:33.455827Z celld-0 /cell/h2-431 done
2026-09-30T17:32:33.566225Z celld-0 /cell/h2-445 start
2026-09-30T17:32:33.566347Z celld-0 /cell/h2-445 stored
2026-09-30T17:32:33.566356Z celld-0 /cell/h2-445 facet
2026-09-30T17:32:33.820464Z celld-0 /cell/h2-430 done
2026-09-30T17:32:34.177002Z celld-0 /cell/h2-433 done
2026-09-30T17:32:34.525762Z celld-0 /cell/h2-441 done
2026-09-30T17:32:34.539425Z celld-0 /cell/h2-440 done
2026-09-30T17:32:34.553994Z celld-0 /cell/h2-435 done
2026-09-30T17:32:35.223344Z celld-0 /cell/h2-445 done
2026-09-30T17:32:35.390002Z celld-0 /cell/h2-456 start
2026-09-30T17:32:35.390174Z celld-0 /cell/h2-456 stored
2026-09-30T17:32:35.390199Z celld-0 /cell/h2-456 facet
2026-09-30T17:32:36.120242Z celld-0 /cell/h2-462 start
2026-09-30T17:32:36.120402Z celld-0 /cell/h2-462 stored
2026-09-30T17:32:36.120437Z celld-0 /cell/h2-462 facet
2026-09-30T17:32:36.125339Z celld-0 /cell/h2-461 start
2026-09-30T17:32:36.125468Z celld-0 /cell/h2-461 stored
2026-09-30T17:32:36.125492Z celld-0 /cell/h2-461 facet
2026-09-30T17:32:36.126116Z celld-0 /cell/h2-460 start
2026-09-30T17:32:36.126342Z celld-0 /cell/h2-460 stored
2026-09-30T17:32:36.126356Z celld-0 /cell/h2-460 facet
2026-09-30T17:32:36.700746Z celld-0 /cell/h2-456 done
2026-09-30T17:32:37.379916Z celld-0 /cell/h2-460 done
2026-09-30T17:32:37.415390Z celld-0 /cell/h2-461 done
2026-09-30T17:32:37.497432Z celld-0 /cell/h2-462 done
2026-09-30T17:32:38.278000Z celld-0 /cell/h2-467 start
2026-09-30T17:32:38.278226Z celld-0 /cell/h2-467 stored
2026-09-30T17:32:38.278282Z celld-0 /cell/h2-467 facet
2026-09-30T17:32:38.280525Z celld-0 /cell/h2-469 start
2026-09-30T17:32:38.280661Z celld-0 /cell/h2-469 stored
2026-09-30T17:32:38.280716Z celld-0 /cell/h2-469 facet
2026-09-30T17:32:38.359529Z celld-0 /cell/h2-471 start
2026-09-30T17:32:38.359658Z celld-0 /cell/h2-471 stored
2026-09-30T17:32:38.359673Z celld-0 /cell/h2-471 facet
2026-09-30T17:32:38.547452Z celld-0 /cell/h2-474 start
2026-09-30T17:32:38.547653Z celld-0 /cell/h2-474 stored
2026-09-30T17:32:38.547678Z celld-0 /cell/h2-474 facet
2026-09-30T17:32:38.737646Z celld-0 /cell/h2-475 start
2026-09-30T17:32:38.737769Z celld-0 /cell/h2-475 stored
2026-09-30T17:32:38.737788Z celld-0 /cell/h2-475 facet
2026-09-30T17:32:38.992490Z celld-0 /cell/h2-476 start
2026-09-30T17:32:38.992845Z celld-0 /cell/h2-476 stored
2026-09-30T17:32:38.992856Z celld-0 /cell/h2-476 facet
2026-09-30T17:32:38.997228Z celld-0 /cell/h2-477 start
2026-09-30T17:32:38.997405Z celld-0 /cell/h2-477 stored
2026-09-30T17:32:38.997429Z celld-0 /cell/h2-477 facet
2026-09-30T17:32:39.814226Z celld-0 /cell/h2-469 done
2026-09-30T17:32:39.883141Z celld-0 /cell/h2-467 done
2026-09-30T17:32:39.887226Z celld-0 /cell/h2-484 start
2026-09-30T17:32:39.887340Z celld-0 /cell/h2-484 stored
2026-09-30T17:32:39.887362Z celld-0 /cell/h2-484 facet
2026-09-30T17:32:40.045958Z celld-0 /cell/h2-471 done
2026-09-30T17:32:40.330088Z celld-0 /cell/h2-475 done
2026-09-30T17:32:40.793861Z celld-0 /cell/h2-476 done
2026-09-30T17:32:40.793861Z celld-0 /cell/h2-474 done
2026-09-30T17:32:40.797019Z celld-0 /cell/h2-477 done
2026-09-30T17:32:40.808261Z celld-0 /cell/h2-485 start
2026-09-30T17:32:40.808479Z celld-0 /cell/h2-485 stored
2026-09-30T17:32:40.808488Z celld-0 /cell/h2-485 facet
2026-09-30T17:32:41.286280Z celld-0 /cell/h2-484 done
2026-09-30T17:32:41.582512Z celld-0 /cell/h2-490 start
2026-09-30T17:32:41.582625Z celld-0 /cell/h2-490 stored
2026-09-30T17:32:41.582658Z celld-0 /cell/h2-490 facet
2026-09-30T17:32:41.967240Z celld-0 /cell/h2-493 start
2026-09-30T17:32:41.967477Z celld-0 /cell/h2-493 stored
2026-09-30T17:32:41.967492Z celld-0 /cell/h2-493 facet
2026-09-30T17:32:41.968789Z celld-0 /cell/h2-496 start
2026-09-30T17:32:41.969234Z celld-0 /cell/h2-496 stored
2026-09-30T17:32:41.969246Z celld-0 /cell/h2-496 facet
2026-09-30T17:32:42.209552Z celld-0 /cell/h2-502 start
2026-09-30T17:32:42.209726Z celld-0 /cell/h2-502 stored
2026-09-30T17:32:42.209753Z celld-0 /cell/h2-502 facet
2026-09-30T17:32:42.210499Z celld-0 /cell/h2-498 start
2026-09-30T17:32:42.210667Z celld-0 /cell/h2-498 stored
2026-09-30T17:32:42.210681Z celld-0 /cell/h2-498 facet
2026-09-30T17:32:42.260330Z celld-0 /cell/h2-485 done
2026-09-30T17:32:42.574883Z celld-0 /cell/h2-490 done
2026-09-30T17:32:43.003940Z celld-0 /cell/h2-493 done
2026-09-30T17:32:43.030935Z celld-0 /cell/h2-496 done
2026-09-30T17:32:43.079846Z celld-0 /cell/h2-507 start
2026-09-30T17:32:43.080016Z celld-0 /cell/h2-507 stored
2026-09-30T17:32:43.080052Z celld-0 /cell/h2-507 facet
2026-09-30T17:32:43.450749Z celld-0 /cell/h2-498 done
2026-09-30T17:32:43.530456Z celld-0 /cell/h2-502 done
2026-09-30T17:32:43.798908Z celld-0 /cell/h2-509 start
2026-09-30T17:32:43.799015Z celld-0 /cell/h2-509 stored
2026-09-30T17:32:43.799053Z celld-0 /cell/h2-509 facet
2026-09-30T17:32:44.401988Z celld-0 /cell/h2-507 done
2026-09-30T17:32:45.147522Z celld-0 /cell/h2-509 done
2026-09-30T17:32:45.533416Z celld-0 /cell/h2-520 start
2026-09-30T17:32:45.533549Z celld-0 /cell/h2-520 stored
2026-09-30T17:32:45.533571Z celld-0 /cell/h2-520 facet
2026-09-30T17:32:46.014019Z celld-0 /cell/h2-521 start
2026-09-30T17:32:46.014201Z celld-0 /cell/h2-521 stored
2026-09-30T17:32:46.014264Z celld-0 /cell/h2-521 facet
2026-09-30T17:32:46.874126Z celld-0 /cell/h2-527 start
2026-09-30T17:32:46.874260Z celld-0 /cell/h2-527 stored
2026-09-30T17:32:46.874285Z celld-0 /cell/h2-527 facet
2026-09-30T17:32:47.373741Z celld-0 /cell/h2-528 start
2026-09-30T17:32:47.373943Z celld-0 /cell/h2-528 stored
2026-09-30T17:32:47.373997Z celld-0 /cell/h2-528 facet
2026-09-30T17:32:47.460540Z celld-0 /cell/h2-531 start
2026-09-30T17:32:47.460712Z celld-0 /cell/h2-531 stored
2026-09-30T17:32:47.460744Z celld-0 /cell/h2-531 facet
2026-09-30T17:32:47.463027Z celld-0 /cell/h2-520 done
2026-09-30T17:32:47.463320Z celld-0 /cell/h2-530 start
2026-09-30T17:32:47.463518Z celld-0 /cell/h2-530 stored
2026-09-30T17:32:47.463530Z celld-0 /cell/h2-530 facet
2026-09-30T17:32:47.675455Z celld-0 /cell/h2-521 done
2026-09-30T17:32:48.596072Z celld-0 /cell/h2-534 start
2026-09-30T17:32:48.596206Z celld-0 /cell/h2-534 stored
2026-09-30T17:32:48.596230Z celld-0 /cell/h2-534 facet
2026-09-30T17:32:48.633239Z celld-0 /cell/h2-527 done
2026-09-30T17:32:49.086603Z celld-0 /cell/h2-531 done
2026-09-30T17:32:49.303745Z celld-0 /cell/h2-528 done
2026-09-30T17:32:49.368644Z celld-0 /cell/h2-530 done
2026-09-30T17:32:49.765738Z celld-0 /cell/h2-538 start
2026-09-30T17:32:49.765894Z celld-0 /cell/h2-538 stored
2026-09-30T17:32:49.765930Z celld-0 /cell/h2-538 facet
2026-09-30T17:32:50.180710Z celld-0 /cell/h2-534 done
2026-09-30T17:32:50.206404Z celld-0 /cell/h2-545 start
2026-09-30T17:32:50.206552Z celld-0 /cell/h2-545 stored
2026-09-30T17:32:50.206579Z celld-0 /cell/h2-545 facet
2026-09-30T17:32:50.251876Z celld-0 /cell/h2-544 start
2026-09-30T17:32:50.252015Z celld-0 /cell/h2-544 stored
2026-09-30T17:32:50.252049Z celld-0 /cell/h2-544 facet
2026-09-30T17:32:50.956477Z celld-0 /cell/h2-551 start
2026-09-30T17:32:50.956624Z celld-0 /cell/h2-551 stored
2026-09-30T17:32:50.956659Z celld-0 /cell/h2-551 facet
2026-09-30T17:32:51.296104Z celld-0 /cell/h2-553 start
2026-09-30T17:32:51.296227Z celld-0 /cell/h2-553 stored
2026-09-30T17:32:51.296242Z celld-0 /cell/h2-553 facet
2026-09-30T17:32:51.460924Z celld-0 /cell/h2-538 done
2026-09-30T17:32:52.149829Z celld-0 /cell/h2-545 done
2026-09-30T17:32:52.152237Z celld-0 /cell/h2-558 start
2026-09-30T17:32:52.152384Z celld-0 /cell/h2-558 stored
2026-09-30T17:32:52.152406Z celld-0 /cell/h2-558 facet
2026-09-30T17:32:52.239298Z celld-0 /cell/h2-559 start
2026-09-30T17:32:52.239446Z celld-0 /cell/h2-559 stored
2026-09-30T17:32:52.239461Z celld-0 /cell/h2-559 facet
2026-09-30T17:32:52.391372Z celld-0 /cell/h2-551 done
2026-09-30T17:32:52.398756Z celld-0 /cell/h2-544 done
2026-09-30T17:32:53.063479Z celld-0 /cell/h2-553 done
2026-09-30T17:32:53.597238Z celld-0 /cell/h2-559 done
2026-09-30T17:32:53.805334Z celld-0 /cell/h2-558 done
2026-09-30T17:32:53.945711Z celld-0 /cell/h2-565 start
2026-09-30T17:32:53.945836Z celld-0 /cell/h2-565 stored
2026-09-30T17:32:53.945854Z celld-0 /cell/h2-565 facet
2026-09-30T17:32:54.191735Z celld-0 /cell/h2-567 start
2026-09-30T17:32:54.191865Z celld-0 /cell/h2-567 stored
2026-09-30T17:32:54.191892Z celld-0 /cell/h2-567 facet
2026-09-30T17:32:54.586842Z celld-0 /cell/h2-569 start
2026-09-30T17:32:54.586987Z celld-0 /cell/h2-569 stored
2026-09-30T17:32:54.587020Z celld-0 /cell/h2-569 facet
2026-09-30T17:32:55.256144Z celld-0 /cell/h2-573 start
2026-09-30T17:32:55.256286Z celld-0 /cell/h2-573 stored
2026-09-30T17:32:55.256308Z celld-0 /cell/h2-573 facet
2026-09-30T17:32:55.256732Z celld-0 /cell/h2-572 start
2026-09-30T17:32:55.256826Z celld-0 /cell/h2-572 stored
2026-09-30T17:32:55.256836Z celld-0 /cell/h2-572 facet
2026-09-30T17:32:55.261001Z celld-0 /cell/h2-571 start
2026-09-30T17:32:55.261361Z celld-0 /cell/h2-571 stored
2026-09-30T17:32:55.261376Z celld-0 /cell/h2-571 facet
2026-09-30T17:32:55.297666Z celld-0 /cell/h2-565 done
2026-09-30T17:32:55.310452Z celld-0 /cell/h2-575 start
2026-09-30T17:32:55.310709Z celld-0 /cell/h2-575 stored
2026-09-30T17:32:55.310745Z celld-0 /cell/h2-575 facet
2026-09-30T17:32:55.310790Z celld-0 /cell/h2-575 load
2026-09-30T17:32:55.317779Z celld-0 /cell/h2-575 loaded
2026-09-30T17:32:55.521474Z celld-0 /cell/h2-567 done
2026-09-30T17:32:55.891868Z celld-0 /cell/h2-569 done
2026-09-30T17:32:56.267093Z celld-0 /cell/h2-576 start
2026-09-30T17:32:56.267318Z celld-0 /cell/h2-576 stored
2026-09-30T17:32:56.267335Z celld-0 /cell/h2-576 facet
2026-09-30T17:32:56.563005Z celld-0 /cell/h2-578 start
2026-09-30T17:32:56.563171Z celld-0 /cell/h2-578 stored
2026-09-30T17:32:56.563234Z celld-0 /cell/h2-578 facet
2026-09-30T17:32:56.606858Z celld-0 /cell/h2-582 start
2026-09-30T17:32:56.607142Z celld-0 /cell/h2-582 stored
2026-09-30T17:32:56.607248Z celld-0 /cell/h2-582 facet
2026-09-30T17:32:56.634309Z celld-0 /cell/h2-580 start
2026-09-30T17:32:56.634736Z celld-0 /cell/h2-580 stored
2026-09-30T17:32:56.634800Z celld-0 /cell/h2-580 facet
2026-09-30T17:32:56.648896Z celld-0 /cell/h2-581 start
2026-09-30T17:32:56.649187Z celld-0 /cell/h2-581 stored
2026-09-30T17:32:56.649238Z celld-0 /cell/h2-581 facet
2026-09-30T17:32:57.134167Z celld-0 /cell/h2-572 done
2026-09-30T17:32:57.180182Z celld-0 /cell/h2-575 done
2026-09-30T17:32:57.255856Z celld-0 /cell/h2-583 start
2026-09-30T17:32:57.255989Z celld-0 /cell/h2-583 stored
2026-09-30T17:32:57.256034Z celld-0 /cell/h2-583 facet
2026-09-30T17:32:57.502575Z celld-0 /cell/h2-585 start
2026-09-30T17:32:57.502764Z celld-0 /cell/h2-585 stored
2026-09-30T17:32:57.502781Z celld-0 /cell/h2-585 facet
2026-09-30T17:32:57.505258Z celld-0 /cell/h2-584 start
2026-09-30T17:32:57.505396Z celld-0 /cell/h2-584 stored
2026-09-30T17:32:57.505418Z celld-0 /cell/h2-584 facet
2026-09-30T17:32:57.585430Z celld-0 /cell/h2-571 done
2026-09-30T17:32:57.687192Z celld-0 /cell/h2-573 done
2026-09-30T17:32:57.871036Z celld-0 /cell/h2-589 start
2026-09-30T17:32:57.871232Z celld-0 /cell/h2-589 stored
2026-09-30T17:32:57.871280Z celld-0 /cell/h2-589 facet
2026-09-30T17:32:57.976872Z celld-0 /cell/h2-592 start
2026-09-30T17:32:57.977226Z celld-0 /cell/h2-592 stored
2026-09-30T17:32:57.977275Z celld-0 /cell/h2-592 facet
2026-09-30T17:32:58.024500Z celld-0 /cell/h2-576 done
2026-09-30T17:32:58.248790Z celld-0 /cell/h2-578 done
2026-09-30T17:32:58.537479Z celld-0 /cell/h2-582 done
2026-09-30T17:32:58.540061Z celld-0 /cell/h2-594 start
2026-09-30T17:32:58.540175Z celld-0 /cell/h2-594 stored
2026-09-30T17:32:58.540191Z celld-0 /cell/h2-594 facet
2026-09-30T17:32:58.567948Z celld-0 /cell/h2-581 done
2026-09-30T17:32:58.590780Z celld-0 /cell/h2-580 done
2026-09-30T17:32:58.794345Z celld-0 /cell/h2-583 done
2026-09-30T17:32:58.797685Z celld-0 /cell/h2-595 start
2026-09-30T17:32:58.797845Z celld-0 /cell/h2-595 stored
2026-09-30T17:32:58.797861Z celld-0 /cell/h2-595 facet
2026-09-30T17:32:58.986077Z celld-0 /cell/h2-584 done
2026-09-30T17:32:59.057702Z celld-0 /cell/h2-598 start
2026-09-30T17:32:59.057815Z celld-0 /cell/h2-598 stored
2026-09-30T17:32:59.057832Z celld-0 /cell/h2-598 facet
2026-09-30T17:32:59.244555Z celld-0 /cell/h2-589 done
2026-09-30T17:32:59.347222Z celld-0 /cell/h2-592 done
2026-09-30T17:32:59.360190Z celld-0 /cell/h2-585 done
2026-09-30T17:32:59.919581Z celld-0 /cell/h2-600 start
2026-09-30T17:32:59.919710Z celld-0 /cell/h2-600 stored
2026-09-30T17:32:59.919730Z celld-0 /cell/h2-600 facet
2026-09-30T17:33:00.274605Z celld-0 /cell/h2-603 start
2026-09-30T17:33:00.274724Z celld-0 /cell/h2-603 stored
2026-09-30T17:33:00.274760Z celld-0 /cell/h2-603 facet
2026-09-30T17:33:00.275256Z celld-0 /cell/h2-601 start
2026-09-30T17:33:00.275374Z celld-0 /cell/h2-601 stored
2026-09-30T17:33:00.275395Z celld-0 /cell/h2-601 facet
2026-09-30T17:33:00.504497Z celld-0 /cell/h2-594 done
2026-09-30T17:33:00.532234Z celld-0 /cell/h2-606 start
2026-09-30T17:33:00.532360Z celld-0 /cell/h2-606 stored
2026-09-30T17:33:00.532378Z celld-0 /cell/h2-606 facet
2026-09-30T17:33:00.667517Z celld-0 /cell/h2-608 start
2026-09-30T17:33:00.667809Z celld-0 /cell/h2-608 stored
2026-09-30T17:33:00.667841Z celld-0 /cell/h2-608 facet
2026-09-30T17:33:00.748719Z celld-0 /cell/h2-595 done
2026-09-30T17:33:00.754297Z celld-0 /cell/h2-598 done
2026-09-30T17:33:01.651380Z celld-0 /cell/h2-600 done
2026-09-30T17:33:01.715025Z celld-0 /cell/h2-614 start
2026-09-30T17:33:01.715138Z celld-0 /cell/h2-614 stored
2026-09-30T17:33:01.715152Z celld-0 /cell/h2-614 facet
2026-09-30T17:33:01.759390Z celld-0 /cell/h2-615 start
2026-09-30T17:33:01.759590Z celld-0 /cell/h2-615 stored
2026-09-30T17:33:01.759635Z celld-0 /cell/h2-615 facet
2026-09-30T17:33:02.004764Z celld-0 /cell/h2-603 done
2026-09-30T17:33:02.009915Z celld-0 /cell/h2-601 done
2026-09-30T17:33:02.128564Z celld-0 /cell/h2-606 done
2026-09-30T17:33:02.385754Z celld-0 /cell/h2-608 done
2026-09-30T17:33:02.725461Z celld-0 /cell/h2-622 start
2026-09-30T17:33:02.725689Z celld-0 /cell/h2-622 stored
2026-09-30T17:33:02.725710Z celld-0 /cell/h2-622 facet
2026-09-30T17:33:02.945879Z celld-0 /cell/h2-615 done
2026-09-30T17:33:03.040340Z celld-0 /cell/h2-614 done
2026-09-30T17:33:03.172360Z celld-0 /cell/h2-624 start
2026-09-30T17:33:03.172556Z celld-0 /cell/h2-624 stored
2026-09-30T17:33:03.172568Z celld-0 /cell/h2-624 facet
2026-09-30T17:33:03.615296Z celld-0 /cell/h2-627 start
2026-09-30T17:33:03.615441Z celld-0 /cell/h2-627 stored
2026-09-30T17:33:03.615457Z celld-0 /cell/h2-627 facet
2026-09-30T17:33:03.632947Z celld-0 /cell/h2-626 start
2026-09-30T17:33:03.633102Z celld-0 /cell/h2-626 stored
2026-09-30T17:33:03.633128Z celld-0 /cell/h2-626 facet
2026-09-30T17:33:04.125516Z celld-0 /cell/h2-630 start
2026-09-30T17:33:04.125755Z celld-0 /cell/h2-630 stored
2026-09-30T17:33:04.125845Z celld-0 /cell/h2-630 facet
2026-09-30T17:33:04.150276Z celld-0 /cell/h2-622 done
2026-09-30T17:33:04.515478Z celld-0 /cell/h2-631 start
2026-09-30T17:33:04.515641Z celld-0 /cell/h2-631 stored
2026-09-30T17:33:04.515666Z celld-0 /cell/h2-631 facet
2026-09-30T17:33:04.625333Z celld-0 /cell/h2-635 start
2026-09-30T17:33:04.625449Z celld-0 /cell/h2-635 stored
2026-09-30T17:33:04.625477Z celld-0 /cell/h2-635 facet
2026-09-30T17:33:04.657271Z celld-0 /cell/h2-634 start
2026-09-30T17:33:04.657554Z celld-0 /cell/h2-634 stored
2026-09-30T17:33:04.657578Z celld-0 /cell/h2-634 facet
2026-09-30T17:33:04.897962Z celld-0 /cell/h2-624 done
2026-09-30T17:33:04.957913Z celld-0 /cell/h2-627 done
2026-09-30T17:33:05.074719Z celld-0 /cell/h2-626 done
2026-09-30T17:33:05.502433Z celld-0 /cell/h2-640 start
2026-09-30T17:33:05.502560Z celld-0 /cell/h2-640 stored
2026-09-30T17:33:05.502579Z celld-0 /cell/h2-640 facet
2026-09-30T17:33:05.505306Z celld-0 /cell/h2-638 start
2026-09-30T17:33:05.505502Z celld-0 /cell/h2-638 stored
2026-09-30T17:33:05.505564Z celld-0 /cell/h2-638 facet
2026-09-30T17:33:06.137425Z celld-0 /cell/h2-630 done
2026-09-30T17:33:06.513113Z celld-0 /cell/h2-635 done
2026-09-30T17:33:06.531690Z celld-0 /cell/h2-634 done
2026-09-30T17:33:06.571567Z celld-0 /cell/h2-643 start
2026-09-30T17:33:06.571679Z celld-0 /cell/h2-643 stored
2026-09-30T17:33:06.571696Z celld-0 /cell/h2-643 facet
2026-09-30T17:33:06.598845Z celld-0 /cell/h2-644 start
2026-09-30T17:33:06.598953Z celld-0 /cell/h2-644 stored
2026-09-30T17:33:06.598985Z celld-0 /cell/h2-644 facet
2026-09-30T17:33:06.726766Z celld-0 /cell/h2-631 done
2026-09-30T17:33:06.763800Z celld-0 /cell/h2-645 start
2026-09-30T17:33:06.763910Z celld-0 /cell/h2-645 stored
2026-09-30T17:33:06.763923Z celld-0 /cell/h2-645 facet
2026-09-30T17:33:07.232065Z celld-0 /cell/h2-646 start
2026-09-30T17:33:07.232226Z celld-0 /cell/h2-646 stored
2026-09-30T17:33:07.232279Z celld-0 /cell/h2-646 facet
2026-09-30T17:33:07.436167Z celld-0 /cell/h2-638 done
2026-09-30T17:33:07.467630Z celld-0 /cell/h2-640 done
2026-09-30T17:33:07.789289Z celld-0 /cell/h2-650 start
2026-09-30T17:33:07.789419Z celld-0 /cell/h2-650 stored
2026-09-30T17:33:07.789465Z celld-0 /cell/h2-650 facet
2026-09-30T17:33:08.175167Z celld-0 /cell/h2-653 start
2026-09-30T17:33:08.175273Z celld-0 /cell/h2-653 stored
2026-09-30T17:33:08.175301Z celld-0 /cell/h2-653 facet
2026-09-30T17:33:08.175713Z celld-0 /cell/h2-652 start
2026-09-30T17:33:08.176021Z celld-0 /cell/h2-652 stored
2026-09-30T17:33:08.176044Z celld-0 /cell/h2-652 facet
2026-09-30T17:33:08.201720Z celld-0 /cell/h2-644 done
2026-09-30T17:33:08.202304Z celld-0 /cell/h2-643 done
2026-09-30T17:33:08.335440Z celld-0 /cell/h2-645 done
2026-09-30T17:33:08.796830Z celld-0 /cell/h2-656 start
2026-09-30T17:33:08.796953Z celld-0 /cell/h2-656 stored
2026-09-30T17:33:08.796971Z celld-0 /cell/h2-656 facet
2026-09-30T17:33:08.909153Z celld-0 /cell/h2-658 start
2026-09-30T17:33:08.909446Z celld-0 /cell/h2-658 stored
2026-09-30T17:33:08.909478Z celld-0 /cell/h2-658 facet
2026-09-30T17:33:08.953731Z celld-0 /cell/h2-646 done
2026-09-30T17:33:09.087924Z celld-0 /cell/h2-650 done
2026-09-30T17:33:09.428683Z celld-0 /cell/h2-652 done
2026-09-30T17:33:09.428967Z celld-0 /cell/h2-653 done
2026-09-30T17:33:09.718728Z celld-0 /cell/h2-662 start
2026-09-30T17:33:09.718840Z celld-0 /cell/h2-662 stored
2026-09-30T17:33:09.718857Z celld-0 /cell/h2-662 facet
2026-09-30T17:33:09.884338Z celld-0 /cell/h2-656 done
2026-09-30T17:33:09.972215Z celld-0 /cell/h2-658 done
2026-09-30T17:33:10.013091Z celld-0 /cell/h2-664 start
2026-09-30T17:33:10.013256Z celld-0 /cell/h2-664 stored
2026-09-30T17:33:10.013356Z celld-0 /cell/h2-664 facet
2026-09-30T17:33:10.632010Z celld-0 /cell/h2-662 done
2026-09-30T17:33:10.861485Z celld-0 /cell/h2-664 done
2026-09-30T17:33:11.067992Z celld-0 /cell/h2-672 start
2026-09-30T17:33:11.068154Z celld-0 /cell/h2-672 stored
2026-09-30T17:33:11.068203Z celld-0 /cell/h2-672 facet
2026-09-30T17:33:12.229072Z celld-0 /cell/h2-675 start
2026-09-30T17:33:12.229218Z celld-0 /cell/h2-675 stored
2026-09-30T17:33:12.229255Z celld-0 /cell/h2-675 facet
2026-09-30T17:33:12.865494Z celld-0 /cell/h2-672 done
2026-09-30T17:33:13.229215Z celld-0 /cell/h2-681 start
2026-09-30T17:33:13.229354Z celld-0 /cell/h2-681 stored
2026-09-30T17:33:13.229374Z celld-0 /cell/h2-681 facet
2026-09-30T17:33:13.288387Z celld-0 /cell/h2-678 start
2026-09-30T17:33:13.288495Z celld-0 /cell/h2-678 stored
2026-09-30T17:33:13.288522Z celld-0 /cell/h2-678 facet
2026-09-30T17:33:13.290394Z celld-0 /cell/h2-680 start
2026-09-30T17:33:13.290499Z celld-0 /cell/h2-680 stored
2026-09-30T17:33:13.290511Z celld-0 /cell/h2-680 facet
2026-09-30T17:33:14.198764Z celld-0 /cell/h2-675 done
2026-09-30T17:33:14.427110Z celld-0 /cell/h2-688 start
2026-09-30T17:33:14.427248Z celld-0 /cell/h2-688 stored
2026-09-30T17:33:14.427280Z celld-0 /cell/h2-688 facet
2026-09-30T17:33:14.567861Z celld-0 /cell/h2-691 start
2026-09-30T17:33:14.567986Z celld-0 /cell/h2-691 stored
2026-09-30T17:33:14.568013Z celld-0 /cell/h2-691 facet
2026-09-30T17:33:14.673013Z celld-0 /cell/h2-681 done
2026-09-30T17:33:14.676018Z celld-0 /cell/h2-678 done
2026-09-30T17:33:14.680962Z celld-0 /cell/h2-680 done
2026-09-30T17:33:15.490367Z celld-0 /cell/h2-688 done
2026-09-30T17:33:15.793030Z celld-0 /cell/h2-691 done
2026-09-30T17:33:16.498628Z celld-0 /cell/h2-697 start
2026-09-30T17:33:16.498766Z celld-0 /cell/h2-697 stored
2026-09-30T17:33:16.498791Z celld-0 /cell/h2-697 facet
2026-09-30T17:33:16.523859Z celld-0 /cell/h2-698 start
2026-09-30T17:33:16.523949Z celld-0 /cell/h2-698 stored
2026-09-30T17:33:16.523974Z celld-0 /cell/h2-698 facet
2026-09-30T17:33:16.698723Z celld-0 /cell/h2-702 start
2026-09-30T17:33:16.698865Z celld-0 /cell/h2-702 stored
2026-09-30T17:33:16.698881Z celld-0 /cell/h2-702 facet
2026-09-30T17:33:17.852710Z celld-0 /cell/h2-706 start
2026-09-30T17:33:17.852880Z celld-0 /cell/h2-706 stored
2026-09-30T17:33:17.852905Z celld-0 /cell/h2-706 facet
2026-09-30T17:33:17.963087Z celld-0 /cell/h2-709 start
2026-09-30T17:33:17.963295Z celld-0 /cell/h2-709 stored
2026-09-30T17:33:17.963324Z celld-0 /cell/h2-709 facet
2026-09-30T17:33:17.964067Z celld-0 /cell/h2-707 start
2026-09-30T17:33:17.964337Z celld-0 /cell/h2-707 stored
2026-09-30T17:33:17.964379Z celld-0 /cell/h2-707 facet
2026-09-30T17:33:18.045862Z celld-0 /cell/h2-710 start
2026-09-30T17:33:18.046024Z celld-0 /cell/h2-710 stored
2026-09-30T17:33:18.046057Z celld-0 /cell/h2-710 facet
2026-09-30T17:33:18.137252Z celld-0 /cell/h2-711 start
2026-09-30T17:33:18.137496Z celld-0 /cell/h2-711 stored
2026-09-30T17:33:18.137536Z celld-0 /cell/h2-711 facet
2026-09-30T17:33:18.218503Z celld-0 /cell/h2-698 done
2026-09-30T17:33:18.254968Z celld-0 /cell/h2-697 done
2026-09-30T17:33:18.273873Z celld-0 /cell/h2-702 done
2026-09-30T17:33:19.009536Z celld-0 /cell/h2-716 start
2026-09-30T17:33:19.009704Z celld-0 /cell/h2-716 stored
2026-09-30T17:33:19.022575Z celld-0 /cell/h2-716 facet
2026-09-30T17:33:19.025329Z celld-0 /cell/h2-715 start
2026-09-30T17:33:19.025430Z celld-0 /cell/h2-715 stored
2026-09-30T17:33:19.025443Z celld-0 /cell/h2-715 facet
2026-09-30T17:33:19.194869Z celld-0 /cell/h2-706 done
2026-09-30T17:33:19.245766Z celld-0 /cell/h2-707 done
2026-09-30T17:33:19.251146Z celld-0 /cell/h2-709 done
2026-09-30T17:33:19.265837Z celld-0 /cell/h2-710 done
2026-09-30T17:33:19.281280Z celld-0 /cell/h2-711 done
2026-09-30T17:33:19.868494Z celld-0 /cell/h2-720 start
2026-09-30T17:33:19.868696Z celld-0 /cell/h2-720 stored
2026-09-30T17:33:19.868758Z celld-0 /cell/h2-720 facet
2026-09-30T17:33:20.682181Z celld-0 /cell/h2-715 done
2026-09-30T17:33:20.682835Z celld-0 /cell/h2-716 done
2026-09-30T17:33:20.686907Z celld-0 /cell/h2-725 start
2026-09-30T17:33:20.687018Z celld-0 /cell/h2-725 stored
2026-09-30T17:33:20.687036Z celld-0 /cell/h2-725 facet
2026-09-30T17:33:20.950819Z celld-0 /cell/h2-729 start
2026-09-30T17:33:20.950981Z celld-0 /cell/h2-729 stored
2026-09-30T17:33:20.951002Z celld-0 /cell/h2-729 facet
2026-09-30T17:33:21.239857Z celld-0 /cell/h2-720 done
2026-09-30T17:33:21.739236Z celld-0 /cell/h2-732 start
2026-09-30T17:33:21.739552Z celld-0 /cell/h2-732 stored
2026-09-30T17:33:21.739584Z celld-0 /cell/h2-732 facet
2026-09-30T17:33:22.107152Z celld-0 /cell/h2-725 done
2026-09-30T17:33:22.268138Z celld-0 /cell/h2-729 done
2026-09-30T17:33:22.410440Z celld-0 /cell/h2-736 start
2026-09-30T17:33:22.410583Z celld-0 /cell/h2-736 stored
2026-09-30T17:33:22.410598Z celld-0 /cell/h2-736 facet
2026-09-30T17:33:22.838412Z celld-0 /cell/h2-738 start
2026-09-30T17:33:22.838619Z celld-0 /cell/h2-738 stored
2026-09-30T17:33:22.838655Z celld-0 /cell/h2-738 facet
2026-09-30T17:33:22.997163Z celld-0 /cell/h2-741 start
2026-09-30T17:33:22.997320Z celld-0 /cell/h2-741 stored
2026-09-30T17:33:22.997341Z celld-0 /cell/h2-741 facet
2026-09-30T17:33:23.095544Z celld-0 /cell/h2-732 done
2026-09-30T17:33:23.627483Z celld-0 /cell/h2-744 start
2026-09-30T17:33:23.627614Z celld-0 /cell/h2-744 stored
2026-09-30T17:33:23.627635Z celld-0 /cell/h2-744 facet
2026-09-30T17:33:23.629415Z celld-0 /cell/h2-743 start
2026-09-30T17:33:23.629522Z celld-0 /cell/h2-743 stored
2026-09-30T17:33:23.629542Z celld-0 /cell/h2-743 facet
2026-09-30T17:33:24.193063Z celld-0 /cell/h2-736 done
2026-09-30T17:33:24.554980Z celld-0 /cell/h2-738 done
2026-09-30T17:33:24.572830Z celld-0 /cell/h2-747 start
2026-09-30T17:33:24.573011Z celld-0 /cell/h2-747 stored
2026-09-30T17:33:24.573033Z celld-0 /cell/h2-747 facet
2026-09-30T17:33:24.592211Z celld-0 /cell/h2-741 done
2026-09-30T17:33:24.787703Z celld-0 /cell/h2-749 start
2026-09-30T17:33:24.787815Z celld-0 /cell/h2-749 stored
2026-09-30T17:33:24.787831Z celld-0 /cell/h2-749 facet
2026-09-30T17:33:24.957607Z celld-0 /cell/h2-744 done
2026-09-30T17:33:24.964791Z celld-0 /cell/h2-743 done
2026-09-30T17:33:25.754967Z celld-0 /cell/h2-755 start
2026-09-30T17:33:25.755117Z celld-0 /cell/h2-755 stored
2026-09-30T17:33:25.755130Z celld-0 /cell/h2-755 facet
2026-09-30T17:33:25.948933Z celld-0 /cell/h2-749 done
2026-09-30T17:33:26.167153Z celld-0 /cell/h2-757 start
2026-09-30T17:33:26.167308Z celld-0 /cell/h2-757 stored
2026-09-30T17:33:26.167333Z celld-0 /cell/h2-757 facet
2026-09-30T17:33:26.335659Z celld-0 /cell/h2-747 done
2026-09-30T17:33:26.523887Z celld-0 /cell/h2-759 start
2026-09-30T17:33:26.524132Z celld-0 /cell/h2-759 stored
2026-09-30T17:33:26.524195Z celld-0 /cell/h2-759 facet
2026-09-30T17:33:27.620162Z celld-0 /cell/h2-755 done
2026-09-30T17:33:27.807923Z celld-0 /cell/h2-767 start
2026-09-30T17:33:27.808093Z celld-0 /cell/h2-767 stored
2026-09-30T17:33:27.808153Z celld-0 /cell/h2-767 facet
2026-09-30T17:33:27.820939Z celld-0 /cell/h2-757 done
2026-09-30T17:33:27.850706Z celld-0 /cell/h2-766 start
2026-09-30T17:33:27.850895Z celld-0 /cell/h2-766 stored
2026-09-30T17:33:27.850971Z celld-0 /cell/h2-766 facet
2026-09-30T17:33:28.394359Z celld-0 /cell/h2-769 start
2026-09-30T17:33:28.394521Z celld-0 /cell/h2-769 stored
2026-09-30T17:33:28.394553Z celld-0 /cell/h2-769 facet
2026-09-30T17:33:28.475686Z celld-0 /cell/h2-759 done
2026-09-30T17:33:29.340420Z celld-0 /cell/h2-767 done
2026-09-30T17:33:29.380467Z celld-0 /cell/h2-766 done
2026-09-30T17:33:29.826922Z celld-0 /cell/h2-778 start
2026-09-30T17:33:29.827126Z celld-0 /cell/h2-778 stored
2026-09-30T17:33:29.827157Z celld-0 /cell/h2-778 facet
2026-09-30T17:33:29.895140Z celld-0 /cell/h2-777 start
2026-09-30T17:33:29.895357Z celld-0 /cell/h2-777 stored
2026-09-30T17:33:29.895387Z celld-0 /cell/h2-777 facet
2026-09-30T17:33:30.173323Z celld-0 /cell/h2-769 done
2026-09-30T17:33:30.726624Z celld-0 /cell/h2-781 start
2026-09-30T17:33:30.726791Z celld-0 /cell/h2-781 stored
2026-09-30T17:33:30.726821Z celld-0 /cell/h2-781 facet
2026-09-30T17:33:31.791271Z celld-0 /cell/h2-778 done
2026-09-30T17:33:31.794281Z celld-0 /cell/h2-789 start
2026-09-30T17:33:31.794443Z celld-0 /cell/h2-789 stored
2026-09-30T17:33:31.794471Z celld-0 /cell/h2-789 facet
2026-09-30T17:33:31.826948Z celld-0 /cell/h2-777 done
2026-09-30T17:33:32.328214Z celld-0 /cell/h2-790 start
2026-09-30T17:33:32.328372Z celld-0 /cell/h2-790 stored
2026-09-30T17:33:32.328394Z celld-0 /cell/h2-790 facet
2026-09-30T17:33:32.360966Z celld-0 /cell/h2-791 start
2026-09-30T17:33:32.361103Z celld-0 /cell/h2-791 stored
2026-09-30T17:33:32.361119Z celld-0 /cell/h2-791 facet
2026-09-30T17:33:32.914745Z celld-0 /cell/h2-793 start
2026-09-30T17:33:32.914861Z celld-0 /cell/h2-793 stored
2026-09-30T17:33:32.914877Z celld-0 /cell/h2-793 facet
2026-09-30T17:33:33.455412Z celld-0 /cell/h2-781 done
2026-09-30T17:33:33.551279Z celld-0 /cell/h2-794 start
2026-09-30T17:33:33.551440Z celld-0 /cell/h2-794 stored
2026-09-30T17:33:33.551456Z celld-0 /cell/h2-794 facet
2026-09-30T17:33:33.562610Z celld-0 /cell/h2-789 done
2026-09-30T17:33:33.766276Z celld-0 /cell/h2-797 start
2026-09-30T17:33:33.766407Z celld-0 /cell/h2-797 stored
2026-09-30T17:33:33.766425Z celld-0 /cell/h2-797 facet
2026-09-30T17:33:33.787427Z celld-0 /cell/h2-791 done
2026-09-30T17:33:34.198405Z celld-0 /cell/h2-790 done
2026-09-30T17:33:34.301402Z celld-0 /cell/h2-798 start
2026-09-30T17:33:34.301633Z celld-0 /cell/h2-798 stored
2026-09-30T17:33:34.301667Z celld-0 /cell/h2-798 facet
2026-09-30T17:33:34.388178Z celld-0 /cell/h2-793 done
2026-09-30T17:33:35.157669Z celld-0 /cell/h2-794 done
2026-09-30T17:33:35.372351Z celld-0 /cell/h2-797 done
2026-09-30T17:33:35.699373Z celld-0 /cell/h2-803 start
2026-09-30T17:33:35.699500Z celld-0 /cell/h2-803 stored
2026-09-30T17:33:35.699516Z celld-0 /cell/h2-803 facet
2026-09-30T17:33:35.738831Z celld-0 /cell/h2-809 start
2026-09-30T17:33:35.738954Z celld-0 /cell/h2-809 stored
2026-09-30T17:33:35.738977Z celld-0 /cell/h2-809 facet
2026-09-30T17:33:35.820468Z celld-0 /cell/h2-811 start
2026-09-30T17:33:35.820605Z celld-0 /cell/h2-811 stored
2026-09-30T17:33:35.820629Z celld-0 /cell/h2-811 facet
2026-09-30T17:33:35.821111Z celld-0 /cell/h2-812 start
2026-09-30T17:33:35.821238Z celld-0 /cell/h2-812 stored
2026-09-30T17:33:35.821254Z celld-0 /cell/h2-812 facet
2026-09-30T17:33:35.852218Z celld-0 /cell/h2-798 done
2026-09-30T17:33:36.925894Z celld-0 /cell/h2-818 start
2026-09-30T17:33:36.926110Z celld-0 /cell/h2-818 stored
2026-09-30T17:33:36.926142Z celld-0 /cell/h2-818 facet
2026-09-30T17:33:37.069858Z celld-0 /cell/h2-809 done
2026-09-30T17:33:37.075754Z celld-0 /cell/h2-803 done
2026-09-30T17:33:37.197639Z celld-0 /cell/h2-821 start
2026-09-30T17:33:37.197811Z celld-0 /cell/h2-821 stored
2026-09-30T17:33:37.197845Z celld-0 /cell/h2-821 facet
2026-09-30T17:33:37.239521Z celld-0 /cell/h2-812 done
2026-09-30T17:33:37.261203Z celld-0 /cell/h2-811 done
2026-09-30T17:33:38.292918Z celld-0 /cell/h2-824 start
2026-09-30T17:33:38.293144Z celld-0 /cell/h2-824 stored
2026-09-30T17:33:38.293181Z celld-0 /cell/h2-824 facet
2026-09-30T17:33:38.364875Z celld-0 /cell/h2-818 done
2026-09-30T17:33:38.985187Z celld-0 /cell/h2-821 done
2026-09-30T17:33:39.391515Z celld-0 /cell/h2-835 start
2026-09-30T17:33:39.391665Z celld-0 /cell/h2-835 stored
2026-09-30T17:33:39.391717Z celld-0 /cell/h2-835 facet
2026-09-30T17:33:39.407968Z celld-0 /cell/h2-834 start
2026-09-30T17:33:39.408150Z celld-0 /cell/h2-834 stored
2026-09-30T17:33:39.408187Z celld-0 /cell/h2-834 facet
2026-09-30T17:33:40.050775Z celld-0 /cell/h2-824 done
2026-09-30T17:33:40.758625Z celld-0 /cell/h2-835 done
2026-09-30T17:33:41.044440Z celld-0 /cell/h2-834 done
2026-09-30T17:33:41.312261Z celld-0 /cell/h2-841 start
2026-09-30T17:33:41.312387Z celld-0 /cell/h2-841 stored
2026-09-30T17:33:41.312403Z celld-0 /cell/h2-841 facet
2026-09-30T17:33:42.373108Z celld-0 /cell/h2-845 start
2026-09-30T17:33:42.373245Z celld-0 /cell/h2-845 stored
2026-09-30T17:33:42.373257Z celld-0 /cell/h2-845 facet
2026-09-30T17:33:42.969681Z celld-0 /cell/h2-841 done
2026-09-30T17:33:43.650258Z celld-0 /cell/h2-857 start
2026-09-30T17:33:43.650416Z celld-0 /cell/h2-857 stored
2026-09-30T17:33:43.650439Z celld-0 /cell/h2-857 facet
2026-09-30T17:33:43.676245Z celld-0 /cell/h2-854 start
2026-09-30T17:33:43.676392Z celld-0 /cell/h2-854 stored
2026-09-30T17:33:43.676413Z celld-0 /cell/h2-854 facet
2026-09-30T17:33:43.771486Z celld-0 /cell/h2-845 done
2026-09-30T17:33:43.834801Z celld-0 /cell/h2-858 start
2026-09-30T17:33:43.834942Z celld-0 /cell/h2-858 stored
2026-09-30T17:33:43.834976Z celld-0 /cell/h2-858 facet
2026-09-30T17:33:44.715511Z celld-0 /cell/h2-857 done
2026-09-30T17:33:44.758815Z celld-0 /cell/h2-854 done
2026-09-30T17:33:45.008492Z celld-0 /cell/h2-858 done
2026-09-30T17:33:46.240123Z celld-0 /cell/h2-866 start
2026-09-30T17:33:46.240506Z celld-0 /cell/h2-866 stored
2026-09-30T17:33:46.240544Z celld-0 /cell/h2-866 facet
2026-09-30T17:33:46.375485Z celld-0 /cell/h2-869 start
2026-09-30T17:33:46.375730Z celld-0 /cell/h2-869 stored
2026-09-30T17:33:46.375759Z celld-0 /cell/h2-869 facet
2026-09-30T17:33:46.415121Z celld-0 /cell/h2-874 start
2026-09-30T17:33:46.415668Z celld-0 /cell/h2-874 stored
2026-09-30T17:33:46.415700Z celld-0 /cell/h2-874 facet
2026-09-30T17:33:46.416746Z celld-0 /cell/h2-871 start
2026-09-30T17:33:46.417066Z celld-0 /cell/h2-871 stored
2026-09-30T17:33:46.417084Z celld-0 /cell/h2-871 facet
2026-09-30T17:33:47.906371Z celld-0 /cell/h2-866 done
2026-09-30T17:33:47.948167Z celld-0 /cell/h2-874 done
2026-09-30T17:33:47.952488Z celld-0 /cell/h2-871 done
2026-09-30T17:33:47.975440Z celld-0 /cell/h2-869 done
2026-09-30T17:33:47.991549Z celld-0 /cell/h2-877 start
2026-09-30T17:33:47.991675Z celld-0 /cell/h2-877 stored
2026-09-30T17:33:47.991697Z celld-0 /cell/h2-877 facet
2026-09-30T17:33:48.531077Z celld-0 /cell/h2-877 done
2026-09-30T17:33:49.760271Z celld-0 /cell/h2-887 start
2026-09-30T17:33:49.760393Z celld-0 /cell/h2-887 stored
2026-09-30T17:33:49.760407Z celld-0 /cell/h2-887 facet
2026-09-30T17:33:49.761649Z celld-0 /cell/h2-886 start
2026-09-30T17:33:49.762253Z celld-0 /cell/h2-886 stored
2026-09-30T17:33:49.762273Z celld-0 /cell/h2-886 facet
2026-09-30T17:33:49.765013Z celld-0 /cell/h2-888 start
2026-09-30T17:33:49.765121Z celld-0 /cell/h2-888 stored
2026-09-30T17:33:49.765135Z celld-0 /cell/h2-888 facet
2026-09-30T17:33:49.766842Z celld-0 /cell/h2-889 start
2026-09-30T17:33:49.766939Z celld-0 /cell/h2-889 stored
2026-09-30T17:33:49.766952Z celld-0 /cell/h2-889 facet
2026-09-30T17:33:50.333115Z celld-0 /cell/h2-891 start
2026-09-30T17:33:50.333238Z celld-0 /cell/h2-891 stored
2026-09-30T17:33:50.333276Z celld-0 /cell/h2-891 facet
2026-09-30T17:33:50.335083Z celld-0 /cell/h2-890 start
2026-09-30T17:33:50.335251Z celld-0 /cell/h2-890 stored
2026-09-30T17:33:50.335265Z celld-0 /cell/h2-890 facet
2026-09-30T17:33:50.433508Z celld-0 /cell/h2-892 start
2026-09-30T17:33:50.433692Z celld-0 /cell/h2-892 stored
2026-09-30T17:33:50.433731Z celld-0 /cell/h2-892 facet
2026-09-30T17:33:50.805949Z celld-0 /cell/h2-893 start
2026-09-30T17:33:50.806201Z celld-0 /cell/h2-893 stored
2026-09-30T17:33:50.806226Z celld-0 /cell/h2-893 facet
2026-09-30T17:33:51.195384Z celld-0 /cell/h2-896 start
2026-09-30T17:33:51.195531Z celld-0 /cell/h2-896 stored
2026-09-30T17:33:51.195584Z celld-0 /cell/h2-896 facet
2026-09-30T17:33:51.198734Z celld-0 /cell/h2-895 start
2026-09-30T17:33:51.198816Z celld-0 /cell/h2-895 stored
2026-09-30T17:33:51.198824Z celld-0 /cell/h2-895 facet
2026-09-30T17:33:51.199465Z celld-0 /cell/h2-897 start
2026-09-30T17:33:51.199617Z celld-0 /cell/h2-897 stored
2026-09-30T17:33:51.199651Z celld-0 /cell/h2-897 facet
2026-09-30T17:33:51.254373Z celld-0 /cell/h2-886 done
2026-09-30T17:33:51.274666Z celld-0 /cell/h2-888 done
2026-09-30T17:33:51.276965Z celld-0 /cell/h2-887 done
2026-09-30T17:33:51.338868Z celld-0 /cell/h2-889 done
2026-09-30T17:33:51.342179Z celld-0 /cell/h2-898 start
2026-09-30T17:33:51.342374Z celld-0 /cell/h2-898 stored
2026-09-30T17:33:51.342405Z celld-0 /cell/h2-898 facet
2026-09-30T17:33:51.519147Z celld-0 /cell/h2-899 start
2026-09-30T17:33:51.519278Z celld-0 /cell/h2-899 stored
2026-09-30T17:33:51.519292Z celld-0 /cell/h2-899 facet
2026-09-30T17:33:51.713393Z celld-0 /cell/h2-890 done
2026-09-30T17:33:51.719126Z celld-0 /cell/h2-891 done
2026-09-30T17:33:51.727073Z celld-0 /cell/h2-892 done
2026-09-30T17:33:52.556389Z celld-0 /cell/h2-893 done
2026-09-30T17:33:52.586795Z celld-0 /cell/h2-896 done
2026-09-30T17:33:52.709558Z celld-0 /cell/h2-895 done
2026-09-30T17:33:52.710311Z celld-0 /cell/h2-897 done
2026-09-30T17:33:53.099435Z celld-0 /cell/h2-899 done
2026-09-30T17:33:53.121769Z celld-0 /cell/h2-898 done
2026-09-30T17:31:26.462718Z celld-1 /cell/h2-24 start
2026-09-30T17:31:26.462888Z celld-1 /cell/h2-24 stored
2026-09-30T17:31:26.462968Z celld-1 /cell/h2-24 facet
2026-09-30T17:31:26.523565Z celld-1 /cell/h2-10 start
2026-09-30T17:31:26.523829Z celld-1 /cell/h2-10 stored
2026-09-30T17:31:26.523857Z celld-1 /cell/h2-10 facet
2026-09-30T17:31:26.527772Z celld-1 /cell/h2-17 start
2026-09-30T17:31:26.527905Z celld-1 /cell/h2-17 stored
2026-09-30T17:31:26.527925Z celld-1 /cell/h2-17 facet
2026-09-30T17:31:26.529981Z celld-1 /cell/h2-11 start
2026-09-30T17:31:26.530233Z celld-1 /cell/h2-11 stored
2026-09-30T17:31:26.530277Z celld-1 /cell/h2-11 facet
2026-09-30T17:31:26.533363Z celld-1 /cell/h2-3 start
2026-09-30T17:31:26.533494Z celld-1 /cell/h2-3 stored
2026-09-30T17:31:26.533525Z celld-1 /cell/h2-3 facet
2026-09-30T17:31:26.535657Z celld-1 /cell/h2-5 start
2026-09-30T17:31:26.535829Z celld-1 /cell/h2-5 stored
2026-09-30T17:31:26.535852Z celld-1 /cell/h2-5 facet
2026-09-30T17:31:26.537536Z celld-1 /cell/h2-15 start
2026-09-30T17:31:26.537656Z celld-1 /cell/h2-15 stored
2026-09-30T17:31:26.537681Z celld-1 /cell/h2-15 facet
2026-09-30T17:31:26.539499Z celld-1 /cell/h2-6 start
2026-09-30T17:31:26.539625Z celld-1 /cell/h2-6 stored
2026-09-30T17:31:26.539661Z celld-1 /cell/h2-6 facet
2026-09-30T17:31:26.539920Z celld-1 /cell/h2-1 start
2026-09-30T17:31:26.540086Z celld-1 /cell/h2-1 stored
2026-09-30T17:31:26.540103Z celld-1 /cell/h2-1 facet
2026-09-30T17:31:26.676823Z celld-1 /cell/h2-18 start
2026-09-30T17:31:26.677196Z celld-1 /cell/h2-18 stored
2026-09-30T17:31:26.677245Z celld-1 /cell/h2-18 facet
2026-09-30T17:31:27.805090Z celld-1 /cell/h2-24 done
2026-09-30T17:31:27.918062Z celld-1 /cell/h2-1 done
2026-09-30T17:31:27.918356Z celld-1 /cell/h2-15 done
2026-09-30T17:31:27.940917Z celld-1 /cell/h2-17 done
2026-09-30T17:31:27.960857Z celld-1 /cell/h2-3 done
2026-09-30T17:31:27.961209Z celld-1 /cell/h2-5 done
2026-09-30T17:31:27.962166Z celld-1 /cell/h2-10 done
2026-09-30T17:31:27.970185Z celld-1 /cell/h2-6 done
2026-09-30T17:31:27.974385Z celld-1 /cell/h2-11 done
2026-09-30T17:31:27.977212Z celld-1 /cell/h2-18 done
2026-09-30T17:31:29.188286Z celld-1 /cell/h2-28 start
2026-09-30T17:31:29.188412Z celld-1 /cell/h2-28 stored
2026-09-30T17:31:29.188436Z celld-1 /cell/h2-28 facet
2026-09-30T17:31:29.450164Z celld-1 /cell/h2-29 start
2026-09-30T17:31:29.450352Z celld-1 /cell/h2-29 stored
2026-09-30T17:31:29.450382Z celld-1 /cell/h2-29 facet
2026-09-30T17:31:29.620427Z celld-1 /cell/h2-39 start
2026-09-30T17:31:29.620535Z celld-1 /cell/h2-39 stored
2026-09-30T17:31:29.620557Z celld-1 /cell/h2-39 facet
2026-09-30T17:31:29.622228Z celld-1 /cell/h2-38 start
2026-09-30T17:31:29.622319Z celld-1 /cell/h2-38 stored
2026-09-30T17:31:29.622335Z celld-1 /cell/h2-38 facet
2026-09-30T17:31:29.622806Z celld-1 /cell/h2-34 start
2026-09-30T17:31:29.623007Z celld-1 /cell/h2-34 stored
2026-09-30T17:31:29.623021Z celld-1 /cell/h2-34 facet
2026-09-30T17:31:30.150057Z celld-1 /cell/h2-48 start
2026-09-30T17:31:30.150161Z celld-1 /cell/h2-48 stored
2026-09-30T17:31:30.150176Z celld-1 /cell/h2-48 facet
2026-09-30T17:31:30.394973Z celld-1 /cell/h2-28 done
2026-09-30T17:31:30.659216Z celld-1 /cell/h2-29 done
2026-09-30T17:31:30.662200Z celld-1 /cell/h2-34 done
2026-09-30T17:31:30.669942Z celld-1 /cell/h2-38 done
2026-09-30T17:31:30.680640Z celld-1 /cell/h2-39 done
2026-09-30T17:31:31.069187Z celld-1 /cell/h2-48 done
2026-09-30T17:31:31.453153Z celld-1 /cell/h2-50 start
2026-09-30T17:31:31.453257Z celld-1 /cell/h2-50 stored
2026-09-30T17:31:31.453271Z celld-1 /cell/h2-50 facet
2026-09-30T17:31:31.495134Z celld-1 /cell/h2-52 start
2026-09-30T17:31:31.495237Z celld-1 /cell/h2-52 stored
2026-09-30T17:31:31.495253Z celld-1 /cell/h2-52 facet
2026-09-30T17:31:31.742905Z celld-1 /cell/h2-54 start
2026-09-30T17:31:31.743086Z celld-1 /cell/h2-54 stored
2026-09-30T17:31:31.743106Z celld-1 /cell/h2-54 facet
2026-09-30T17:31:31.743914Z celld-1 /cell/h2-57 start
2026-09-30T17:31:31.744205Z celld-1 /cell/h2-57 stored
2026-09-30T17:31:31.744215Z celld-1 /cell/h2-57 facet
2026-09-30T17:31:32.106829Z celld-1 /cell/h2-50 done
2026-09-30T17:31:32.158318Z celld-1 /cell/h2-58 start
2026-09-30T17:31:32.158451Z celld-1 /cell/h2-58 stored
2026-09-30T17:31:32.158481Z celld-1 /cell/h2-58 facet
2026-09-30T17:31:32.338358Z celld-1 /cell/h2-52 done
2026-09-30T17:31:32.604153Z celld-1 /cell/h2-54 done
2026-09-30T17:31:32.783474Z celld-1 /cell/h2-57 done
2026-09-30T17:31:33.114551Z celld-1 /cell/h2-58 done
2026-09-30T17:31:33.235034Z celld-1 /cell/h2-61 start
2026-09-30T17:31:33.235166Z celld-1 /cell/h2-61 stored
2026-09-30T17:31:33.235189Z celld-1 /cell/h2-61 facet
2026-09-30T17:31:33.849042Z celld-1 /cell/h2-69 start
2026-09-30T17:31:33.849171Z celld-1 /cell/h2-69 stored
2026-09-30T17:31:33.849198Z celld-1 /cell/h2-69 facet
2026-09-30T17:31:34.094415Z celld-1 /cell/h2-61 done
2026-09-30T17:31:34.588254Z celld-1 /cell/h2-69 done
2026-09-30T17:31:35.571443Z celld-1 /cell/h2-83 start
2026-09-30T17:31:35.571613Z celld-1 /cell/h2-83 stored
2026-09-30T17:31:35.571639Z celld-1 /cell/h2-83 facet
2026-09-30T17:31:36.081867Z celld-1 /cell/h2-84 start
2026-09-30T17:31:36.082140Z celld-1 /cell/h2-84 stored
2026-09-30T17:31:36.082174Z celld-1 /cell/h2-84 facet
2026-09-30T17:31:36.187490Z celld-1 /cell/h2-83 done
2026-09-30T17:31:36.949982Z celld-1 /cell/h2-89 start
2026-09-30T17:31:36.950073Z celld-1 /cell/h2-89 stored
2026-09-30T17:31:36.950086Z celld-1 /cell/h2-89 facet
2026-09-30T17:31:36.972503Z celld-1 /cell/h2-84 done
2026-09-30T17:31:37.783382Z celld-1 /cell/h2-94 start
2026-09-30T17:31:37.783501Z celld-1 /cell/h2-94 stored
2026-09-30T17:31:37.783536Z celld-1 /cell/h2-94 facet
2026-09-30T17:31:37.828772Z celld-1 /cell/h2-89 done
2026-09-30T17:31:38.696017Z celld-1 /cell/h2-104 start
2026-09-30T17:31:38.696157Z celld-1 /cell/h2-104 stored
2026-09-30T17:31:38.696185Z celld-1 /cell/h2-104 facet
2026-09-30T17:31:38.833499Z celld-1 /cell/h2-94 done
2026-09-30T17:31:39.812636Z celld-1 /cell/h2-107 start
2026-09-30T17:31:39.812842Z celld-1 /cell/h2-107 stored
2026-09-30T17:31:39.812858Z celld-1 /cell/h2-107 facet
2026-09-30T17:31:39.887111Z celld-1 /cell/h2-110 start
2026-09-30T17:31:39.887233Z celld-1 /cell/h2-110 stored
2026-09-30T17:31:39.887258Z celld-1 /cell/h2-110 facet
2026-09-30T17:31:39.974717Z celld-1 /cell/h2-104 done
2026-09-30T17:31:40.218167Z celld-1 /cell/h2-113 start
2026-09-30T17:31:40.218428Z celld-1 /cell/h2-113 stored
2026-09-30T17:31:40.218449Z celld-1 /cell/h2-113 facet
2026-09-30T17:31:40.227936Z celld-1 /cell/h2-114 start
2026-09-30T17:31:40.228495Z celld-1 /cell/h2-114 stored
2026-09-30T17:31:40.228598Z celld-1 /cell/h2-114 facet
2026-09-30T17:31:40.228697Z celld-1 /cell/h2-114 load
2026-09-30T17:31:40.236378Z celld-1 /cell/h2-114 loaded
2026-09-30T17:31:40.984105Z celld-1 /cell/h2-117 start
2026-09-30T17:31:40.984284Z celld-1 /cell/h2-117 stored
2026-09-30T17:31:40.984310Z celld-1 /cell/h2-117 facet
2026-09-30T17:31:41.016883Z celld-1 /cell/h2-107 done
2026-09-30T17:31:41.017432Z celld-1 /cell/h2-110 done
2026-09-30T17:31:41.337587Z celld-1 /cell/h2-113 done
2026-09-30T17:31:41.416485Z celld-1 /cell/h2-114 done
2026-09-30T17:31:41.725837Z celld-1 /cell/h2-122 start
2026-09-30T17:31:41.725976Z celld-1 /cell/h2-122 stored
2026-09-30T17:31:41.726006Z celld-1 /cell/h2-122 facet
2026-09-30T17:31:42.164400Z celld-1 /cell/h2-117 done
2026-09-30T17:31:42.429912Z celld-1 /cell/h2-125 start
2026-09-30T17:31:42.430150Z celld-1 /cell/h2-125 stored
2026-09-30T17:31:42.430204Z celld-1 /cell/h2-125 facet
2026-09-30T17:31:42.585727Z celld-1 /cell/h2-127 start
2026-09-30T17:31:42.585931Z celld-1 /cell/h2-127 stored
2026-09-30T17:31:42.585957Z celld-1 /cell/h2-127 facet
2026-09-30T17:31:42.606097Z celld-1 /cell/h2-128 start
2026-09-30T17:31:42.606277Z celld-1 /cell/h2-128 stored
2026-09-30T17:31:42.606332Z celld-1 /cell/h2-128 facet
2026-09-30T17:31:42.791211Z celld-1 /cell/h2-130 start
2026-09-30T17:31:42.791350Z celld-1 /cell/h2-130 stored
2026-09-30T17:31:42.791381Z celld-1 /cell/h2-130 facet
2026-09-30T17:31:43.086828Z celld-1 /cell/h2-122 done
2026-09-30T17:31:43.652944Z celld-1 /cell/h2-127 done
2026-09-30T17:31:43.654344Z celld-1 /cell/h2-125 done
2026-09-30T17:31:43.684293Z celld-1 /cell/h2-128 done
2026-09-30T17:31:43.952553Z celld-1 /cell/h2-130 done
2026-09-30T17:31:44.340735Z celld-1 /cell/h2-137 start
2026-09-30T17:31:44.340928Z celld-1 /cell/h2-137 stored
2026-09-30T17:31:44.340983Z celld-1 /cell/h2-137 facet
2026-09-30T17:31:44.485958Z celld-1 /cell/h2-134 start
2026-09-30T17:31:44.486125Z celld-1 /cell/h2-134 stored
2026-09-30T17:31:44.486189Z celld-1 /cell/h2-134 facet
2026-09-30T17:31:45.233162Z celld-1 /cell/h2-144 start
2026-09-30T17:31:45.233561Z celld-1 /cell/h2-144 stored
2026-09-30T17:31:45.233612Z celld-1 /cell/h2-144 facet
2026-09-30T17:31:45.236669Z celld-1 /cell/h2-146 start
2026-09-30T17:31:45.236785Z celld-1 /cell/h2-146 stored
2026-09-30T17:31:45.236822Z celld-1 /cell/h2-146 facet
2026-09-30T17:31:45.487773Z celld-1 /cell/h2-137 done
2026-09-30T17:31:45.498452Z celld-1 /cell/h2-150 start
2026-09-30T17:31:45.498644Z celld-1 /cell/h2-150 stored
2026-09-30T17:31:45.498716Z celld-1 /cell/h2-150 facet
2026-09-30T17:31:45.520728Z celld-1 /cell/h2-134 done
2026-09-30T17:31:46.291060Z celld-1 /cell/h2-157 start
2026-09-30T17:31:46.291283Z celld-1 /cell/h2-157 stored
2026-09-30T17:31:46.291329Z celld-1 /cell/h2-157 facet
2026-09-30T17:31:46.344373Z celld-1 /cell/h2-144 done
2026-09-30T17:31:46.795434Z celld-1 /cell/h2-158 start
2026-09-30T17:31:46.795626Z celld-1 /cell/h2-158 stored
2026-09-30T17:31:46.795645Z celld-1 /cell/h2-158 facet
2026-09-30T17:31:46.823197Z celld-1 /cell/h2-146 done
2026-09-30T17:31:46.931961Z celld-1 /cell/h2-150 done
2026-09-30T17:31:46.934771Z celld-1 /cell/h2-160 start
2026-09-30T17:31:46.934885Z celld-1 /cell/h2-160 stored
2026-09-30T17:31:46.934910Z celld-1 /cell/h2-160 facet
2026-09-30T17:31:47.792727Z celld-1 /cell/h2-157 done
2026-09-30T17:31:48.346836Z celld-1 /cell/h2-163 start
2026-09-30T17:31:48.346952Z celld-1 /cell/h2-163 stored
2026-09-30T17:31:48.346983Z celld-1 /cell/h2-163 facet
2026-09-30T17:31:48.466120Z celld-1 /cell/h2-164 start
2026-09-30T17:31:48.466222Z celld-1 /cell/h2-164 stored
2026-09-30T17:31:48.466329Z celld-1 /cell/h2-164 facet
2026-09-30T17:31:48.498347Z celld-1 /cell/h2-158 done
2026-09-30T17:31:48.501475Z celld-1 /cell/h2-160 done
2026-09-30T17:31:48.688110Z celld-1 /cell/h2-172 start
2026-09-30T17:31:48.688288Z celld-1 /cell/h2-172 stored
2026-09-30T17:31:48.688327Z celld-1 /cell/h2-172 facet
2026-09-30T17:31:49.265027Z celld-1 /cell/h2-163 done
2026-09-30T17:31:49.543109Z celld-1 /cell/h2-176 start
2026-09-30T17:31:49.543308Z celld-1 /cell/h2-176 stored
2026-09-30T17:31:49.543357Z celld-1 /cell/h2-176 facet
2026-09-30T17:31:49.557697Z celld-1 /cell/h2-164 done
2026-09-30T17:31:49.810394Z celld-1 /cell/h2-172 done
2026-09-30T17:31:49.994949Z celld-1 /cell/h2-178 start
2026-09-30T17:31:49.995916Z celld-1 /cell/h2-178 stored
2026-09-30T17:31:49.995946Z celld-1 /cell/h2-178 facet
2026-09-30T17:31:50.478363Z celld-1 /cell/h2-180 start
2026-09-30T17:31:50.478538Z celld-1 /cell/h2-180 stored
2026-09-30T17:31:50.478589Z celld-1 /cell/h2-180 facet
2026-09-30T17:31:50.914980Z celld-1 /cell/h2-176 done
2026-09-30T17:31:50.920960Z celld-1 /cell/h2-187 start
2026-09-30T17:31:50.921136Z celld-1 /cell/h2-187 stored
2026-09-30T17:31:50.921165Z celld-1 /cell/h2-187 facet
2026-09-30T17:31:50.948789Z celld-1 /cell/h2-186 start
2026-09-30T17:31:50.948926Z celld-1 /cell/h2-186 stored
2026-09-30T17:31:50.948947Z celld-1 /cell/h2-186 facet
2026-09-30T17:31:51.130946Z celld-1 /cell/h2-178 done
2026-09-30T17:31:51.132541Z celld-1 /cell/h2-188 start
2026-09-30T17:31:51.132815Z celld-1 /cell/h2-188 stored
2026-09-30T17:31:51.132837Z celld-1 /cell/h2-188 facet
2026-09-30T17:31:51.175182Z celld-1 /cell/h2-190 start
2026-09-30T17:31:51.175428Z celld-1 /cell/h2-190 stored
2026-09-30T17:31:51.175462Z celld-1 /cell/h2-190 facet
2026-09-30T17:31:51.618713Z celld-1 /cell/h2-180 done
2026-09-30T17:31:52.016632Z celld-1 /cell/h2-186 done
2026-09-30T17:31:52.191808Z celld-1 /cell/h2-187 done
2026-09-30T17:31:52.414158Z celld-1 /cell/h2-188 done
2026-09-30T17:31:52.516768Z celld-1 /cell/h2-190 done
2026-09-30T17:31:52.566278Z celld-1 /cell/h2-193 start
2026-09-30T17:31:52.566412Z celld-1 /cell/h2-193 stored
2026-09-30T17:31:52.566456Z celld-1 /cell/h2-193 facet
2026-09-30T17:31:52.567114Z celld-1 /cell/h2-194 start
2026-09-30T17:31:52.567284Z celld-1 /cell/h2-194 stored
2026-09-30T17:31:52.567311Z celld-1 /cell/h2-194 facet
2026-09-30T17:31:52.581118Z celld-1 /cell/h2-196 start
2026-09-30T17:31:52.581262Z celld-1 /cell/h2-196 stored
2026-09-30T17:31:52.581278Z celld-1 /cell/h2-196 facet
2026-09-30T17:31:52.756722Z celld-1 /cell/h2-200 start
2026-09-30T17:31:52.756897Z celld-1 /cell/h2-200 stored
2026-09-30T17:31:52.756927Z celld-1 /cell/h2-200 facet
2026-09-30T17:31:52.974990Z celld-1 /cell/h2-201 start
2026-09-30T17:31:52.975164Z celld-1 /cell/h2-201 stored
2026-09-30T17:31:52.975195Z celld-1 /cell/h2-201 facet
2026-09-30T17:31:53.061224Z celld-1 /cell/h2-202 start
2026-09-30T17:31:53.061391Z celld-1 /cell/h2-202 stored
2026-09-30T17:31:53.061417Z celld-1 /cell/h2-202 facet
2026-09-30T17:31:53.382427Z celld-1 /cell/h2-208 start
2026-09-30T17:31:53.382539Z celld-1 /cell/h2-208 stored
2026-09-30T17:31:53.382559Z celld-1 /cell/h2-208 facet
2026-09-30T17:31:53.511102Z celld-1 /cell/h2-205 start
2026-09-30T17:31:53.511208Z celld-1 /cell/h2-205 stored
2026-09-30T17:31:53.511226Z celld-1 /cell/h2-205 facet
2026-09-30T17:31:53.553255Z celld-1 /cell/h2-207 start
2026-09-30T17:31:53.553512Z celld-1 /cell/h2-207 stored
2026-09-30T17:31:53.553560Z celld-1 /cell/h2-207 facet
2026-09-30T17:31:53.553615Z celld-1 /cell/h2-207 load
2026-09-30T17:31:53.561978Z celld-1 /cell/h2-207 loaded
2026-09-30T17:31:53.588272Z celld-1 /cell/h2-194 done
2026-09-30T17:31:53.590075Z celld-1 /cell/h2-196 done
2026-09-30T17:31:53.593927Z celld-1 /cell/h2-193 done
2026-09-30T17:31:54.229120Z celld-1 /cell/h2-200 done
2026-09-30T17:31:54.321489Z celld-1 /cell/h2-210 start
2026-09-30T17:31:54.321728Z celld-1 /cell/h2-210 stored
2026-09-30T17:31:54.321781Z celld-1 /cell/h2-210 facet
2026-09-30T17:31:54.463693Z celld-1 /cell/h2-201 done
2026-09-30T17:31:54.585215Z celld-1 /cell/h2-202 done
2026-09-30T17:31:55.142601Z celld-1 /cell/h2-208 done
2026-09-30T17:31:55.225047Z celld-1 /cell/h2-205 done
2026-09-30T17:31:55.275808Z celld-1 /cell/h2-207 done
2026-09-30T17:31:55.758732Z celld-1 /cell/h2-213 start
2026-09-30T17:31:55.759014Z celld-1 /cell/h2-213 stored
2026-09-30T17:31:55.759053Z celld-1 /cell/h2-213 facet
2026-09-30T17:31:55.759532Z celld-1 /cell/h2-215 start
2026-09-30T17:31:55.759820Z celld-1 /cell/h2-215 stored
2026-09-30T17:31:55.759959Z celld-1 /cell/h2-215 facet
2026-09-30T17:31:55.846109Z celld-1 /cell/h2-217 start
2026-09-30T17:31:55.846258Z celld-1 /cell/h2-217 stored
2026-09-30T17:31:55.846284Z celld-1 /cell/h2-217 facet
2026-09-30T17:31:56.116277Z celld-1 /cell/h2-210 done
2026-09-30T17:31:56.118504Z celld-1 /cell/h2-219 start
2026-09-30T17:31:56.118648Z celld-1 /cell/h2-219 stored
2026-09-30T17:31:56.118676Z celld-1 /cell/h2-219 facet
2026-09-30T17:31:56.212449Z celld-1 /cell/h2-223 start
2026-09-30T17:31:56.212646Z celld-1 /cell/h2-223 stored
2026-09-30T17:31:56.212708Z celld-1 /cell/h2-223 facet
2026-09-30T17:31:56.216048Z celld-1 /cell/h2-222 start
2026-09-30T17:31:56.216171Z celld-1 /cell/h2-222 stored
2026-09-30T17:31:56.216197Z celld-1 /cell/h2-222 facet
2026-09-30T17:31:56.216642Z celld-1 /cell/h2-221 start
2026-09-30T17:31:56.217439Z celld-1 /cell/h2-221 stored
2026-09-30T17:31:56.217478Z celld-1 /cell/h2-221 facet
2026-09-30T17:31:56.286450Z celld-1 /cell/h2-224 start
2026-09-30T17:31:56.286724Z celld-1 /cell/h2-224 stored
2026-09-30T17:31:56.286768Z celld-1 /cell/h2-224 facet
2026-09-30T17:31:56.504734Z celld-1 /cell/h2-225 start
2026-09-30T17:31:56.504893Z celld-1 /cell/h2-225 stored
2026-09-30T17:31:56.504933Z celld-1 /cell/h2-225 facet
2026-09-30T17:31:56.821834Z celld-1 /cell/h2-227 start
2026-09-30T17:31:56.821968Z celld-1 /cell/h2-227 stored
2026-09-30T17:31:56.822004Z celld-1 /cell/h2-227 facet
2026-09-30T17:31:57.294202Z celld-1 /cell/h2-213 done
2026-09-30T17:31:57.295108Z celld-1 /cell/h2-215 done
2026-09-30T17:31:57.325803Z celld-1 /cell/h2-217 done
2026-09-30T17:31:57.712101Z celld-1 /cell/h2-219 done
2026-09-30T17:31:57.849469Z celld-1 /cell/h2-221 done
2026-09-30T17:31:57.854136Z celld-1 /cell/h2-224 done
2026-09-30T17:31:57.860571Z celld-1 /cell/h2-223 done
2026-09-30T17:31:57.864159Z celld-1 /cell/h2-222 done
2026-09-30T17:31:58.186490Z celld-1 /cell/h2-225 done
2026-09-30T17:31:58.404259Z celld-1 /cell/h2-234 start
2026-09-30T17:31:58.404424Z celld-1 /cell/h2-234 stored
2026-09-30T17:31:58.404475Z celld-1 /cell/h2-234 facet
2026-09-30T17:31:59.005076Z celld-1 /cell/h2-235 start
2026-09-30T17:31:59.005197Z celld-1 /cell/h2-235 stored
2026-09-30T17:31:59.005225Z celld-1 /cell/h2-235 facet
2026-09-30T17:31:59.167007Z celld-1 /cell/h2-227 done
2026-09-30T17:31:59.169035Z celld-1 /cell/h2-237 start
2026-09-30T17:31:59.169215Z celld-1 /cell/h2-237 stored
2026-09-30T17:31:59.169252Z celld-1 /cell/h2-237 facet
2026-09-30T17:31:59.285454Z celld-1 /cell/h2-238 start
2026-09-30T17:31:59.285616Z celld-1 /cell/h2-238 stored
2026-09-30T17:31:59.285637Z celld-1 /cell/h2-238 facet
2026-09-30T17:31:59.744609Z celld-1 /cell/h2-244 start
2026-09-30T17:31:59.744793Z celld-1 /cell/h2-244 stored
2026-09-30T17:31:59.744831Z celld-1 /cell/h2-244 facet
2026-09-30T17:32:00.031277Z celld-1 /cell/h2-245 start
2026-09-30T17:32:00.031407Z celld-1 /cell/h2-245 stored
2026-09-30T17:32:00.031427Z celld-1 /cell/h2-245 facet
2026-09-30T17:32:00.768534Z celld-1 /cell/h2-234 done
2026-09-30T17:32:00.827686Z celld-1 /cell/h2-235 done
2026-09-30T17:32:01.105515Z celld-1 /cell/h2-238 done
2026-09-30T17:32:01.172367Z celld-1 /cell/h2-237 done
2026-09-30T17:32:01.319381Z celld-1 /cell/h2-244 done
2026-09-30T17:32:01.555819Z celld-1 /cell/h2-245 done
2026-09-30T17:32:02.497725Z celld-1 /cell/h2-257 start
2026-09-30T17:32:02.497854Z celld-1 /cell/h2-257 stored
2026-09-30T17:32:02.497884Z celld-1 /cell/h2-257 facet
2026-09-30T17:32:02.498907Z celld-1 /cell/h2-255 start
2026-09-30T17:32:02.499115Z celld-1 /cell/h2-255 stored
2026-09-30T17:32:02.499157Z celld-1 /cell/h2-255 facet
2026-09-30T17:32:02.664531Z celld-1 /cell/h2-259 start
2026-09-30T17:32:02.664661Z celld-1 /cell/h2-259 stored
2026-09-30T17:32:02.664679Z celld-1 /cell/h2-259 facet
2026-09-30T17:32:02.924702Z celld-1 /cell/h2-261 start
2026-09-30T17:32:02.924869Z celld-1 /cell/h2-261 stored
2026-09-30T17:32:02.924894Z celld-1 /cell/h2-261 facet
2026-09-30T17:32:03.107595Z celld-1 /cell/h2-262 start
2026-09-30T17:32:03.107746Z celld-1 /cell/h2-262 stored
2026-09-30T17:32:03.107791Z celld-1 /cell/h2-262 facet
2026-09-30T17:32:03.292735Z celld-1 /cell/h2-266 start
2026-09-30T17:32:03.292982Z celld-1 /cell/h2-266 stored
2026-09-30T17:32:03.293018Z celld-1 /cell/h2-266 facet
2026-09-30T17:32:03.480216Z celld-1 /cell/h2-265 start
2026-09-30T17:32:03.480333Z celld-1 /cell/h2-265 stored
2026-09-30T17:32:03.480354Z celld-1 /cell/h2-265 facet
2026-09-30T17:32:03.956114Z celld-1 /cell/h2-257 done
2026-09-30T17:32:04.092945Z celld-1 /cell/h2-255 done
2026-09-30T17:32:04.141752Z celld-1 /cell/h2-259 done
2026-09-30T17:32:04.211828Z celld-1 /cell/h2-274 start
2026-09-30T17:32:04.212076Z celld-1 /cell/h2-274 stored
2026-09-30T17:32:04.212097Z celld-1 /cell/h2-274 facet
2026-09-30T17:32:04.255974Z celld-1 /cell/h2-261 done
2026-09-30T17:32:04.302085Z celld-1 /cell/h2-262 done
2026-09-30T17:32:04.315877Z celld-1 /cell/h2-266 done
2026-09-30T17:32:04.704033Z celld-1 /cell/h2-277 start
2026-09-30T17:32:04.704192Z celld-1 /cell/h2-277 stored
2026-09-30T17:32:04.704219Z celld-1 /cell/h2-277 facet
2026-09-30T17:32:04.748368Z celld-1 /cell/h2-265 done
2026-09-30T17:32:05.518397Z celld-1 /cell/h2-274 done
2026-09-30T17:32:05.713151Z celld-1 /cell/h2-281 start
2026-09-30T17:32:05.713269Z celld-1 /cell/h2-281 stored
2026-09-30T17:32:05.713301Z celld-1 /cell/h2-281 facet
2026-09-30T17:32:05.983109Z celld-1 /cell/h2-288 start
2026-09-30T17:32:05.983234Z celld-1 /cell/h2-288 stored
2026-09-30T17:32:05.983252Z celld-1 /cell/h2-288 facet
2026-09-30T17:32:06.012643Z celld-1 /cell/h2-277 done
2026-09-30T17:32:06.635780Z celld-1 /cell/h2-281 done
2026-09-30T17:32:06.972984Z celld-1 /cell/h2-293 start
2026-09-30T17:32:06.973167Z celld-1 /cell/h2-293 stored
2026-09-30T17:32:06.973201Z celld-1 /cell/h2-293 facet
2026-09-30T17:32:07.291083Z celld-1 /cell/h2-288 done
2026-09-30T17:32:07.910684Z celld-1 /cell/h2-293 done
2026-09-30T17:32:08.306594Z celld-1 /cell/h2-300 start
2026-09-30T17:32:08.306896Z celld-1 /cell/h2-300 stored
2026-09-30T17:32:08.306921Z celld-1 /cell/h2-300 facet
2026-09-30T17:32:08.971099Z celld-1 /cell/h2-304 start
2026-09-30T17:32:08.971484Z celld-1 /cell/h2-304 stored
2026-09-30T17:32:08.971531Z celld-1 /cell/h2-304 facet
2026-09-30T17:32:09.495514Z celld-1 /cell/h2-300 done
2026-09-30T17:32:09.497194Z celld-1 /cell/h2-309 start
2026-09-30T17:32:09.497327Z celld-1 /cell/h2-309 stored
2026-09-30T17:32:09.497345Z celld-1 /cell/h2-309 facet
2026-09-30T17:32:10.443675Z celld-1 /cell/h2-304 done
2026-09-30T17:32:10.944315Z celld-1 /cell/h2-312 start
2026-09-30T17:32:10.944523Z celld-1 /cell/h2-312 stored
2026-09-30T17:32:10.944562Z celld-1 /cell/h2-312 facet
2026-09-30T17:32:11.133647Z celld-1 /cell/h2-319 start
2026-09-30T17:32:11.133804Z celld-1 /cell/h2-319 stored
2026-09-30T17:32:11.133829Z celld-1 /cell/h2-319 facet
2026-09-30T17:32:11.174462Z celld-1 /cell/h2-309 done
2026-09-30T17:32:12.009977Z celld-1 /cell/h2-312 done
2026-09-30T17:32:12.368515Z celld-1 /cell/h2-319 done
2026-09-30T17:32:13.186600Z celld-1 /cell/h2-325 start
2026-09-30T17:32:13.186776Z celld-1 /cell/h2-325 stored
2026-09-30T17:32:13.186802Z celld-1 /cell/h2-325 facet
2026-09-30T17:32:14.078850Z celld-1 /cell/h2-327 start
2026-09-30T17:32:14.078954Z celld-1 /cell/h2-327 stored
2026-09-30T17:32:14.078968Z celld-1 /cell/h2-327 facet
2026-09-30T17:32:14.706397Z celld-1 /cell/h2-330 start
2026-09-30T17:32:14.706612Z celld-1 /cell/h2-330 stored
2026-09-30T17:32:14.706648Z celld-1 /cell/h2-330 facet
2026-09-30T17:32:15.113403Z celld-1 /cell/h2-334 start
2026-09-30T17:32:15.113553Z celld-1 /cell/h2-334 stored
2026-09-30T17:32:15.113601Z celld-1 /cell/h2-334 facet
2026-09-30T17:32:15.117141Z celld-1 /cell/h2-333 start
2026-09-30T17:32:15.117292Z celld-1 /cell/h2-333 stored
2026-09-30T17:32:15.117304Z celld-1 /cell/h2-333 facet
2026-09-30T17:32:15.314724Z celld-1 /cell/h2-325 done
2026-09-30T17:32:15.889715Z celld-1 /cell/h2-338 start
2026-09-30T17:32:15.889843Z celld-1 /cell/h2-338 stored
2026-09-30T17:32:15.889858Z celld-1 /cell/h2-338 facet
2026-09-30T17:32:16.206352Z celld-1 /cell/h2-327 done
2026-09-30T17:32:16.279438Z celld-1 /cell/h2-341 start
2026-09-30T17:32:16.279781Z celld-1 /cell/h2-341 stored
2026-09-30T17:32:16.279816Z celld-1 /cell/h2-341 facet
2026-09-30T17:32:16.407119Z celld-1 /cell/h2-343 start
2026-09-30T17:32:16.407230Z celld-1 /cell/h2-343 stored
2026-09-30T17:32:16.407244Z celld-1 /cell/h2-343 facet
2026-09-30T17:32:16.407841Z celld-1 /cell/h2-342 start
2026-09-30T17:32:16.408006Z celld-1 /cell/h2-342 stored
2026-09-30T17:32:16.408037Z celld-1 /cell/h2-342 facet
2026-09-30T17:32:16.436024Z celld-1 /cell/h2-330 done
2026-09-30T17:32:16.595443Z celld-1 /cell/h2-333 done
2026-09-30T17:32:16.626910Z celld-1 /cell/h2-334 done
2026-09-30T17:32:16.645948Z celld-1 /cell/h2-344 start
2026-09-30T17:32:16.646163Z celld-1 /cell/h2-344 stored
2026-09-30T17:32:16.646194Z celld-1 /cell/h2-344 facet
2026-09-30T17:32:16.848279Z celld-1 /cell/h2-346 start
2026-09-30T17:32:16.848476Z celld-1 /cell/h2-346 stored
2026-09-30T17:32:16.848528Z celld-1 /cell/h2-346 facet
2026-09-30T17:32:17.426528Z celld-1 /cell/h2-338 done
2026-09-30T17:32:17.815477Z celld-1 /cell/h2-342 done
2026-09-30T17:32:17.858853Z celld-1 /cell/h2-343 done
2026-09-30T17:32:17.910113Z celld-1 /cell/h2-341 done
2026-09-30T17:32:18.033593Z celld-1 /cell/h2-344 done
2026-09-30T17:32:18.233818Z celld-1 /cell/h2-346 done
2026-09-30T17:32:18.300471Z celld-1 /cell/h2-354 start
2026-09-30T17:32:18.300629Z celld-1 /cell/h2-354 stored
2026-09-30T17:32:18.300663Z celld-1 /cell/h2-354 facet
2026-09-30T17:32:18.967365Z celld-1 /cell/h2-357 start
2026-09-30T17:32:18.967549Z celld-1 /cell/h2-357 stored
2026-09-30T17:32:18.967593Z celld-1 /cell/h2-357 facet
2026-09-30T17:32:19.312373Z celld-1 /cell/h2-358 start
2026-09-30T17:32:19.312514Z celld-1 /cell/h2-358 stored
2026-09-30T17:32:19.312533Z celld-1 /cell/h2-358 facet
2026-09-30T17:32:19.314332Z celld-1 /cell/h2-359 start
2026-09-30T17:32:19.314476Z celld-1 /cell/h2-359 stored
2026-09-30T17:32:19.314501Z celld-1 /cell/h2-359 facet
2026-09-30T17:32:19.557609Z celld-1 /cell/h2-361 start
2026-09-30T17:32:19.557762Z celld-1 /cell/h2-361 stored
2026-09-30T17:32:19.557797Z celld-1 /cell/h2-361 facet
2026-09-30T17:32:19.600898Z celld-1 /cell/h2-363 start
2026-09-30T17:32:19.601114Z celld-1 /cell/h2-363 stored
2026-09-30T17:32:19.601140Z celld-1 /cell/h2-363 facet
2026-09-30T17:32:19.619570Z celld-1 /cell/h2-362 start
2026-09-30T17:32:19.619722Z celld-1 /cell/h2-362 stored
2026-09-30T17:32:19.619767Z celld-1 /cell/h2-362 facet
2026-09-30T17:32:19.799763Z celld-1 /cell/h2-366 start
2026-09-30T17:32:19.799891Z celld-1 /cell/h2-366 stored
2026-09-30T17:32:19.799920Z celld-1 /cell/h2-366 facet
2026-09-30T17:32:19.820315Z celld-1 /cell/h2-354 done
2026-09-30T17:32:21.184931Z celld-1 /cell/h2-357 done
2026-09-30T17:32:21.340236Z celld-1 /cell/h2-359 done
2026-09-30T17:32:21.396031Z celld-1 /cell/h2-358 done
2026-09-30T17:32:21.513206Z celld-1 /cell/h2-362 done
2026-09-30T17:32:21.661221Z celld-1 /cell/h2-363 done
2026-09-30T17:32:21.662523Z celld-1 /cell/h2-370 start
2026-09-30T17:32:21.662653Z celld-1 /cell/h2-370 stored
2026-09-30T17:32:21.662683Z celld-1 /cell/h2-370 facet
2026-09-30T17:32:21.706629Z celld-1 /cell/h2-361 done
2026-09-30T17:32:21.914375Z celld-1 /cell/h2-372 start
2026-09-30T17:32:21.914524Z celld-1 /cell/h2-372 stored
2026-09-30T17:32:21.914540Z celld-1 /cell/h2-372 facet
2026-09-30T17:32:22.220526Z celld-1 /cell/h2-375 start
2026-09-30T17:32:22.220695Z celld-1 /cell/h2-375 stored
2026-09-30T17:32:22.220709Z celld-1 /cell/h2-375 facet
2026-09-30T17:32:22.220976Z celld-1 /cell/h2-366 done
2026-09-30T17:32:22.221420Z celld-1 /cell/h2-376 start
2026-09-30T17:32:22.221606Z celld-1 /cell/h2-376 stored
2026-09-30T17:32:22.221617Z celld-1 /cell/h2-376 facet
2026-09-30T17:32:22.673524Z celld-1 /cell/h2-377 start
2026-09-30T17:32:22.673661Z celld-1 /cell/h2-377 stored
2026-09-30T17:32:22.673678Z celld-1 /cell/h2-377 facet
2026-09-30T17:32:23.067985Z celld-1 /cell/h2-370 done
2026-09-30T17:32:23.104610Z celld-1 /cell/h2-383 start
2026-09-30T17:32:23.104744Z celld-1 /cell/h2-383 stored
2026-09-30T17:32:23.104763Z celld-1 /cell/h2-383 facet
2026-09-30T17:32:23.130648Z celld-1 /cell/h2-382 start
2026-09-30T17:32:23.130796Z celld-1 /cell/h2-382 stored
2026-09-30T17:32:23.130824Z celld-1 /cell/h2-382 facet
2026-09-30T17:32:23.577606Z celld-1 /cell/h2-387 start
2026-09-30T17:32:23.577865Z celld-1 /cell/h2-387 stored
2026-09-30T17:32:23.577898Z celld-1 /cell/h2-387 facet
2026-09-30T17:32:23.799180Z celld-1 /cell/h2-375 done
2026-09-30T17:32:23.852812Z celld-1 /cell/h2-372 done
2026-09-30T17:32:24.163393Z celld-1 /cell/h2-376 done
2026-09-30T17:32:24.173617Z celld-1 /cell/h2-377 done
2026-09-30T17:32:24.221647Z celld-1 /cell/h2-390 start
2026-09-30T17:32:24.221815Z celld-1 /cell/h2-390 stored
2026-09-30T17:32:24.221899Z celld-1 /cell/h2-390 facet
2026-09-30T17:32:24.633760Z celld-1 /cell/h2-382 done
2026-09-30T17:32:24.840788Z celld-1 /cell/h2-383 done
2026-09-30T17:32:24.844160Z celld-1 /cell/h2-393 start
2026-09-30T17:32:24.844294Z celld-1 /cell/h2-393 stored
2026-09-30T17:32:24.844334Z celld-1 /cell/h2-393 facet
2026-09-30T17:32:24.905130Z celld-1 /cell/h2-387 done
2026-09-30T17:32:25.962698Z celld-1 /cell/h2-390 done
2026-09-30T17:32:26.021439Z celld-1 /cell/h2-399 start
2026-09-30T17:32:26.021617Z celld-1 /cell/h2-399 stored
2026-09-30T17:32:26.021654Z celld-1 /cell/h2-399 facet
2026-09-30T17:32:26.165268Z celld-1 /cell/h2-401 start
2026-09-30T17:32:26.165403Z celld-1 /cell/h2-401 stored
2026-09-30T17:32:26.165425Z celld-1 /cell/h2-401 facet
2026-09-30T17:32:26.449931Z celld-1 /cell/h2-393 done
2026-09-30T17:32:26.975628Z celld-1 /cell/h2-408 start
2026-09-30T17:32:26.975843Z celld-1 /cell/h2-408 stored
2026-09-30T17:32:26.975908Z celld-1 /cell/h2-408 facet
2026-09-30T17:32:27.145075Z celld-1 /cell/h2-399 done
2026-09-30T17:32:27.145326Z celld-1 /cell/h2-401 done
2026-09-30T17:32:27.243204Z celld-1 /cell/h2-411 start
2026-09-30T17:32:27.243402Z celld-1 /cell/h2-411 stored
2026-09-30T17:32:27.243434Z celld-1 /cell/h2-411 facet
2026-09-30T17:32:28.838091Z celld-1 /cell/h2-419 start
2026-09-30T17:32:28.838211Z celld-1 /cell/h2-419 stored
2026-09-30T17:32:28.838241Z celld-1 /cell/h2-419 facet
2026-09-30T17:32:28.839903Z celld-1 /cell/h2-417 start
2026-09-30T17:32:28.840034Z celld-1 /cell/h2-417 stored
2026-09-30T17:32:28.840051Z celld-1 /cell/h2-417 facet
2026-09-30T17:32:28.840696Z celld-1 /cell/h2-418 start
2026-09-30T17:32:28.840823Z celld-1 /cell/h2-418 stored
2026-09-30T17:32:28.840855Z celld-1 /cell/h2-418 facet
2026-09-30T17:32:28.890262Z celld-1 /cell/h2-408 done
2026-09-30T17:32:29.123343Z celld-1 /cell/h2-411 done
2026-09-30T17:32:29.829049Z celld-1 /cell/h2-420 start
2026-09-30T17:32:29.829631Z celld-1 /cell/h2-420 stored
2026-09-30T17:32:29.829661Z celld-1 /cell/h2-420 facet
2026-09-30T17:32:29.833507Z celld-1 /cell/h2-424 start
2026-09-30T17:32:29.833627Z celld-1 /cell/h2-424 stored
2026-09-30T17:32:29.833647Z celld-1 /cell/h2-424 facet
2026-09-30T17:32:29.835310Z celld-1 /cell/h2-422 start
2026-09-30T17:32:29.835418Z celld-1 /cell/h2-422 stored
2026-09-30T17:32:29.835443Z celld-1 /cell/h2-422 facet
2026-09-30T17:32:30.725483Z celld-1 /cell/h2-419 done
2026-09-30T17:32:30.981556Z celld-1 /cell/h2-418 done
2026-09-30T17:32:31.069201Z celld-1 /cell/h2-417 done
2026-09-30T17:32:31.718794Z celld-1 /cell/h2-422 done
2026-09-30T17:32:32.010800Z celld-1 /cell/h2-420 done
2026-09-30T17:32:32.124089Z celld-1 /cell/h2-424 done
2026-09-30T17:32:32.951334Z celld-1 /cell/h2-438 start
2026-09-30T17:32:32.951536Z celld-1 /cell/h2-438 stored
2026-09-30T17:32:32.951590Z celld-1 /cell/h2-438 facet
2026-09-30T17:32:32.962634Z celld-1 /cell/h2-437 start
2026-09-30T17:32:32.962894Z celld-1 /cell/h2-437 stored
2026-09-30T17:32:32.962923Z celld-1 /cell/h2-437 facet
2026-09-30T17:32:33.029058Z celld-1 /cell/h2-443 start
2026-09-30T17:32:33.029179Z celld-1 /cell/h2-443 stored
2026-09-30T17:32:33.029231Z celld-1 /cell/h2-443 facet
2026-09-30T17:32:33.948572Z celld-1 /cell/h2-438 done
2026-09-30T17:32:33.989267Z celld-1 /cell/h2-443 done
2026-09-30T17:32:33.998922Z celld-1 /cell/h2-437 done
2026-09-30T17:32:34.598922Z celld-1 /cell/h2-453 start
2026-09-30T17:32:34.599095Z celld-1 /cell/h2-453 stored
2026-09-30T17:32:34.599127Z celld-1 /cell/h2-453 facet
2026-09-30T17:32:34.861527Z celld-1 /cell/h2-454 start
2026-09-30T17:32:34.861654Z celld-1 /cell/h2-454 stored
2026-09-30T17:32:34.861674Z celld-1 /cell/h2-454 facet
2026-09-30T17:32:34.970827Z celld-1 /cell/h2-455 start
2026-09-30T17:32:34.970957Z celld-1 /cell/h2-455 stored
2026-09-30T17:32:34.970976Z celld-1 /cell/h2-455 facet
2026-09-30T17:32:35.256045Z celld-1 /cell/h2-458 start
2026-09-30T17:32:35.256195Z celld-1 /cell/h2-458 stored
2026-09-30T17:32:35.256211Z celld-1 /cell/h2-458 facet
2026-09-30T17:32:36.150834Z celld-1 /cell/h2-454 done
2026-09-30T17:32:36.319051Z celld-1 /cell/h2-453 done
2026-09-30T17:32:36.586551Z celld-1 /cell/h2-455 done
2026-09-30T17:32:37.144916Z celld-1 /cell/h2-464 start
2026-09-30T17:32:37.145065Z celld-1 /cell/h2-464 stored
2026-09-30T17:32:37.145091Z celld-1 /cell/h2-464 facet
2026-09-30T17:32:37.178730Z celld-1 /cell/h2-458 done
2026-09-30T17:32:38.221969Z celld-1 /cell/h2-468 start
2026-09-30T17:32:38.222154Z celld-1 /cell/h2-468 stored
2026-09-30T17:32:38.222187Z celld-1 /cell/h2-468 facet
2026-09-30T17:32:38.448355Z celld-1 /cell/h2-470 start
2026-09-30T17:32:38.448527Z celld-1 /cell/h2-470 stored
2026-09-30T17:32:38.448572Z celld-1 /cell/h2-470 facet
2026-09-30T17:32:38.692427Z celld-1 /cell/h2-473 start
2026-09-30T17:32:38.692663Z celld-1 /cell/h2-473 stored
2026-09-30T17:32:38.692701Z celld-1 /cell/h2-473 facet
2026-09-30T17:32:38.997769Z celld-1 /cell/h2-464 done
2026-09-30T17:32:39.289565Z celld-1 /cell/h2-478 start
2026-09-30T17:32:39.289796Z celld-1 /cell/h2-478 stored
2026-09-30T17:32:39.289844Z celld-1 /cell/h2-478 facet
2026-09-30T17:32:39.331019Z celld-1 /cell/h2-481 start
2026-09-30T17:32:39.331171Z celld-1 /cell/h2-481 stored
2026-09-30T17:32:39.331199Z celld-1 /cell/h2-481 facet
2026-09-30T17:32:39.336598Z celld-1 /cell/h2-479 start
2026-09-30T17:32:39.336794Z celld-1 /cell/h2-479 stored
2026-09-30T17:32:39.336806Z celld-1 /cell/h2-479 facet
2026-09-30T17:32:39.478296Z celld-1 /cell/h2-468 done
2026-09-30T17:32:39.719113Z celld-1 /cell/h2-470 done
2026-09-30T17:32:39.824721Z celld-1 /cell/h2-473 done
2026-09-30T17:32:39.976414Z celld-1 /cell/h2-483 start
2026-09-30T17:32:39.976687Z celld-1 /cell/h2-483 stored
2026-09-30T17:32:39.976728Z celld-1 /cell/h2-483 facet
2026-09-30T17:32:40.802882Z celld-1 /cell/h2-481 done
2026-09-30T17:32:40.807558Z celld-1 /cell/h2-478 done
2026-09-30T17:32:41.050435Z celld-1 /cell/h2-487 start
2026-09-30T17:32:41.050568Z celld-1 /cell/h2-487 stored
2026-09-30T17:32:41.050590Z celld-1 /cell/h2-487 facet
2026-09-30T17:32:41.075046Z celld-1 /cell/h2-479 done
2026-09-30T17:32:41.512020Z celld-1 /cell/h2-488 start
2026-09-30T17:32:41.512196Z celld-1 /cell/h2-488 stored
2026-09-30T17:32:41.512217Z celld-1 /cell/h2-488 facet
2026-09-30T17:32:41.655387Z celld-1 /cell/h2-483 done
2026-09-30T17:32:41.822042Z celld-1 /cell/h2-491 start
2026-09-30T17:32:41.822209Z celld-1 /cell/h2-491 stored
2026-09-30T17:32:41.822248Z celld-1 /cell/h2-491 facet
2026-09-30T17:32:41.917393Z celld-1 /cell/h2-492 start
2026-09-30T17:32:41.917602Z celld-1 /cell/h2-492 stored
2026-09-30T17:32:41.917642Z celld-1 /cell/h2-492 facet
2026-09-30T17:32:42.120384Z celld-1 /cell/h2-494 start
2026-09-30T17:32:42.120520Z celld-1 /cell/h2-494 stored
2026-09-30T17:32:42.120538Z celld-1 /cell/h2-494 facet
2026-09-30T17:32:42.122933Z celld-1 /cell/h2-497 start
2026-09-30T17:32:42.123048Z celld-1 /cell/h2-497 stored
2026-09-30T17:32:42.123064Z celld-1 /cell/h2-497 facet
2026-09-30T17:32:42.173425Z celld-1 /cell/h2-495 start
2026-09-30T17:32:42.173572Z celld-1 /cell/h2-495 stored
2026-09-30T17:32:42.173618Z celld-1 /cell/h2-495 facet
2026-09-30T17:32:42.377772Z celld-1 /cell/h2-487 done
2026-09-30T17:32:42.547451Z celld-1 /cell/h2-500 start
2026-09-30T17:32:42.547584Z celld-1 /cell/h2-500 stored
2026-09-30T17:32:42.547592Z celld-1 /cell/h2-500 facet
2026-09-30T17:32:42.740194Z celld-1 /cell/h2-504 start
2026-09-30T17:32:42.740501Z celld-1 /cell/h2-504 stored
2026-09-30T17:32:42.740546Z celld-1 /cell/h2-504 facet
2026-09-30T17:32:42.740598Z celld-1 /cell/h2-504 load
2026-09-30T17:32:42.740979Z celld-1 /cell/h2-503 start
2026-09-30T17:32:42.741107Z celld-1 /cell/h2-503 stored
2026-09-30T17:32:42.741133Z celld-1 /cell/h2-503 facet
2026-09-30T17:32:42.748869Z celld-1 /cell/h2-504 loaded
2026-09-30T17:32:42.937738Z celld-1 /cell/h2-488 done
2026-09-30T17:32:43.208080Z celld-1 /cell/h2-506 start
2026-09-30T17:32:43.208306Z celld-1 /cell/h2-506 stored
2026-09-30T17:32:43.208347Z celld-1 /cell/h2-506 facet
2026-09-30T17:32:43.398958Z celld-1 /cell/h2-491 done
2026-09-30T17:32:43.623780Z celld-1 /cell/h2-494 done
2026-09-30T17:32:43.624424Z celld-1 /cell/h2-497 done
2026-09-30T17:32:43.760000Z celld-1 /cell/h2-492 done
2026-09-30T17:32:43.818135Z celld-1 /cell/h2-495 done
2026-09-30T17:32:44.187187Z celld-1 /cell/h2-500 done
2026-09-30T17:32:44.339003Z celld-1 /cell/h2-510 start
2026-09-30T17:32:44.339178Z celld-1 /cell/h2-510 stored
2026-09-30T17:32:44.339204Z celld-1 /cell/h2-510 facet
2026-09-30T17:32:44.373515Z celld-1 /cell/h2-503 done
2026-09-30T17:32:44.428458Z celld-1 /cell/h2-504 done
2026-09-30T17:32:44.805026Z celld-1 /cell/h2-506 done
2026-09-30T17:32:45.128473Z celld-1 /cell/h2-515 start
2026-09-30T17:32:45.128664Z celld-1 /cell/h2-515 stored
2026-09-30T17:32:45.128724Z celld-1 /cell/h2-515 facet
2026-09-30T17:32:45.378380Z celld-1 /cell/h2-517 start
2026-09-30T17:32:45.378567Z celld-1 /cell/h2-517 stored
2026-09-30T17:32:45.378618Z celld-1 /cell/h2-517 facet
2026-09-30T17:32:45.459112Z celld-1 /cell/h2-519 start
2026-09-30T17:32:45.459291Z celld-1 /cell/h2-519 stored
2026-09-30T17:32:45.459323Z celld-1 /cell/h2-519 facet
2026-09-30T17:32:45.767647Z celld-1 /cell/h2-522 start
2026-09-30T17:32:45.767792Z celld-1 /cell/h2-522 stored
2026-09-30T17:32:45.767818Z celld-1 /cell/h2-522 facet
2026-09-30T17:32:45.802403Z celld-1 /cell/h2-510 done
2026-09-30T17:32:46.239757Z celld-1 /cell/h2-525 start
2026-09-30T17:32:46.239946Z celld-1 /cell/h2-525 stored
2026-09-30T17:32:46.239996Z celld-1 /cell/h2-525 facet
2026-09-30T17:32:47.039214Z celld-1 /cell/h2-526 start
2026-09-30T17:32:47.039387Z celld-1 /cell/h2-526 stored
2026-09-30T17:32:47.039419Z celld-1 /cell/h2-526 facet
2026-09-30T17:32:47.066260Z celld-1 /cell/h2-517 done
2026-09-30T17:32:47.160519Z celld-1 /cell/h2-515 done
2026-09-30T17:32:47.244628Z celld-1 /cell/h2-519 done
2026-09-30T17:32:47.572559Z celld-1 /cell/h2-522 done
2026-09-30T17:32:47.824800Z celld-1 /cell/h2-525 done
2026-09-30T17:32:47.826944Z celld-1 /cell/h2-533 start
2026-09-30T17:32:47.827116Z celld-1 /cell/h2-533 stored
2026-09-30T17:32:47.827155Z celld-1 /cell/h2-533 facet
2026-09-30T17:32:48.640587Z celld-1 /cell/h2-526 done
2026-09-30T17:32:48.829458Z celld-1 /cell/h2-535 start
2026-09-30T17:32:48.829619Z celld-1 /cell/h2-535 stored
2026-09-30T17:32:48.829641Z celld-1 /cell/h2-535 facet
2026-09-30T17:32:49.258066Z celld-1 /cell/h2-536 start
2026-09-30T17:32:49.258539Z celld-1 /cell/h2-536 stored
2026-09-30T17:32:49.258583Z celld-1 /cell/h2-536 facet
2026-09-30T17:32:49.662733Z celld-1 /cell/h2-539 start
2026-09-30T17:32:49.662987Z celld-1 /cell/h2-539 stored
2026-09-30T17:32:49.663028Z celld-1 /cell/h2-539 facet
2026-09-30T17:32:49.701482Z celld-1 /cell/h2-533 done
2026-09-30T17:32:50.498269Z celld-1 /cell/h2-535 done
2026-09-30T17:32:50.504408Z celld-1 /cell/h2-547 start
2026-09-30T17:32:50.504553Z celld-1 /cell/h2-547 stored
2026-09-30T17:32:50.504590Z celld-1 /cell/h2-547 facet
2026-09-30T17:32:51.020851Z celld-1 /cell/h2-546 start
2026-09-30T17:32:51.021044Z celld-1 /cell/h2-546 stored
2026-09-30T17:32:51.021126Z celld-1 /cell/h2-546 facet
2026-09-30T17:32:51.355561Z celld-1 /cell/h2-536 done
2026-09-30T17:32:51.387435Z celld-1 /cell/h2-539 done
2026-09-30T17:32:51.429117Z celld-1 /cell/h2-552 start
2026-09-30T17:32:51.429223Z celld-1 /cell/h2-552 stored
2026-09-30T17:32:51.429239Z celld-1 /cell/h2-552 facet
2026-09-30T17:32:51.915354Z celld-1 /cell/h2-555 start
2026-09-30T17:32:51.915662Z celld-1 /cell/h2-555 stored
2026-09-30T17:32:51.915685Z celld-1 /cell/h2-555 facet
2026-09-30T17:32:52.207288Z celld-1 /cell/h2-547 done
2026-09-30T17:32:52.431790Z celld-1 /cell/h2-546 done
2026-09-30T17:32:52.958946Z celld-1 /cell/h2-560 start
2026-09-30T17:32:52.959157Z celld-1 /cell/h2-560 stored
2026-09-30T17:32:52.959178Z celld-1 /cell/h2-560 facet
2026-09-30T17:32:52.959733Z celld-1 /cell/h2-561 start
2026-09-30T17:32:52.959963Z celld-1 /cell/h2-561 stored
2026-09-30T17:32:52.959977Z celld-1 /cell/h2-561 facet
2026-09-30T17:32:53.106651Z celld-1 /cell/h2-562 start
2026-09-30T17:32:53.106857Z celld-1 /cell/h2-562 stored
2026-09-30T17:32:53.106894Z celld-1 /cell/h2-562 facet
2026-09-30T17:32:53.156381Z celld-1 /cell/h2-552 done
2026-09-30T17:32:53.512971Z celld-1 /cell/h2-555 done
2026-09-30T17:32:53.624251Z celld-1 /cell/h2-563 start
2026-09-30T17:32:53.624374Z celld-1 /cell/h2-563 stored
2026-09-30T17:32:53.624406Z celld-1 /cell/h2-563 facet
2026-09-30T17:32:54.205966Z celld-1 /cell/h2-568 start
2026-09-30T17:32:54.206109Z celld-1 /cell/h2-568 stored
2026-09-30T17:32:54.206119Z celld-1 /cell/h2-568 facet
2026-09-30T17:32:54.326862Z celld-1 /cell/h2-560 done
2026-09-30T17:32:54.331555Z celld-1 /cell/h2-566 start
2026-09-30T17:32:54.331681Z celld-1 /cell/h2-566 stored
2026-09-30T17:32:54.331698Z celld-1 /cell/h2-566 facet
2026-09-30T17:32:54.457117Z celld-1 /cell/h2-561 done
2026-09-30T17:32:54.467448Z celld-1 /cell/h2-562 done
2026-09-30T17:32:55.012306Z celld-1 /cell/h2-570 start
2026-09-30T17:32:55.012540Z celld-1 /cell/h2-570 stored
2026-09-30T17:32:55.012569Z celld-1 /cell/h2-570 facet
2026-09-30T17:32:55.098637Z celld-1 /cell/h2-563 done
2026-09-30T17:32:55.216240Z celld-1 /cell/h2-574 start
2026-09-30T17:32:55.216407Z celld-1 /cell/h2-574 stored
2026-09-30T17:32:55.216428Z celld-1 /cell/h2-574 facet
2026-09-30T17:32:55.479803Z celld-1 /cell/h2-566 done
2026-09-30T17:32:55.569073Z celld-1 /cell/h2-568 done
2026-09-30T17:32:56.963785Z celld-1 /cell/h2-579 start
2026-09-30T17:32:56.963933Z celld-1 /cell/h2-579 stored
2026-09-30T17:32:56.963965Z celld-1 /cell/h2-579 facet
2026-09-30T17:32:56.964367Z celld-1 /cell/h2-570 done
2026-09-30T17:32:57.039945Z celld-1 /cell/h2-574 done
2026-09-30T17:32:57.401470Z celld-1 /cell/h2-587 start
2026-09-30T17:32:57.401610Z celld-1 /cell/h2-587 stored
2026-09-30T17:32:57.401631Z celld-1 /cell/h2-587 facet
2026-09-30T17:32:57.403744Z celld-1 /cell/h2-586 start
2026-09-30T17:32:57.403843Z celld-1 /cell/h2-586 stored
2026-09-30T17:32:57.403874Z celld-1 /cell/h2-586 facet
2026-09-30T17:32:57.495288Z celld-1 /cell/h2-588 start
2026-09-30T17:32:57.495401Z celld-1 /cell/h2-588 stored
2026-09-30T17:32:57.495423Z celld-1 /cell/h2-588 facet
2026-09-30T17:32:57.622645Z celld-1 /cell/h2-590 start
2026-09-30T17:32:57.622837Z celld-1 /cell/h2-590 stored
2026-09-30T17:32:57.622881Z celld-1 /cell/h2-590 facet
2026-09-30T17:32:58.345066Z celld-1 /cell/h2-593 start
2026-09-30T17:32:58.345182Z celld-1 /cell/h2-593 stored
2026-09-30T17:32:58.345211Z celld-1 /cell/h2-593 facet
2026-09-30T17:32:58.394296Z celld-1 /cell/h2-579 done
2026-09-30T17:32:58.604110Z celld-1 /cell/h2-587 done
2026-09-30T17:32:58.722797Z celld-1 /cell/h2-586 done
2026-09-30T17:32:58.766672Z celld-1 /cell/h2-588 done
2026-09-30T17:32:58.932994Z celld-1 /cell/h2-590 done
2026-09-30T17:32:59.043682Z celld-1 /cell/h2-596 start
2026-09-30T17:32:59.043860Z celld-1 /cell/h2-596 stored
2026-09-30T17:32:59.043899Z celld-1 /cell/h2-596 facet
2026-09-30T17:32:59.212788Z celld-1 /cell/h2-599 start
2026-09-30T17:32:59.213202Z celld-1 /cell/h2-599 stored
2026-09-30T17:32:59.213264Z celld-1 /cell/h2-599 facet
2026-09-30T17:32:59.748531Z celld-1 /cell/h2-593 done
2026-09-30T17:33:00.193589Z celld-1 /cell/h2-609 start
2026-09-30T17:33:00.193895Z celld-1 /cell/h2-609 stored
2026-09-30T17:33:00.193928Z celld-1 /cell/h2-609 facet
2026-09-30T17:33:00.197741Z celld-1 /cell/h2-604 start
2026-09-30T17:33:00.197883Z celld-1 /cell/h2-604 stored
2026-09-30T17:33:00.197904Z celld-1 /cell/h2-604 facet
2026-09-30T17:33:00.198607Z celld-1 /cell/h2-605 start
2026-09-30T17:33:00.198980Z celld-1 /cell/h2-605 stored
2026-09-30T17:33:00.198992Z celld-1 /cell/h2-605 facet
2026-09-30T17:33:00.469413Z celld-1 /cell/h2-599 done
2026-09-30T17:33:00.471451Z celld-1 /cell/h2-610 start
2026-09-30T17:33:00.471739Z celld-1 /cell/h2-610 stored
2026-09-30T17:33:00.471764Z celld-1 /cell/h2-610 facet
2026-09-30T17:33:00.667942Z celld-1 /cell/h2-596 done
2026-09-30T17:33:01.498368Z celld-1 /cell/h2-616 start
2026-09-30T17:33:01.498541Z celld-1 /cell/h2-616 stored
2026-09-30T17:33:01.498587Z celld-1 /cell/h2-616 facet
2026-09-30T17:33:01.572635Z celld-1 /cell/h2-617 start
2026-09-30T17:33:01.572769Z celld-1 /cell/h2-617 stored
2026-09-30T17:33:01.572795Z celld-1 /cell/h2-617 facet
2026-09-30T17:33:01.740143Z celld-1 /cell/h2-604 done
2026-09-30T17:33:01.754700Z celld-1 /cell/h2-605 done
2026-09-30T17:33:01.777956Z celld-1 /cell/h2-609 done
2026-09-30T17:33:02.116138Z celld-1 /cell/h2-610 done
2026-09-30T17:33:02.286226Z celld-1 /cell/h2-621 start
2026-09-30T17:33:02.286359Z celld-1 /cell/h2-621 stored
2026-09-30T17:33:02.286378Z celld-1 /cell/h2-621 facet
2026-09-30T17:33:02.778035Z celld-1 /cell/h2-617 done
2026-09-30T17:33:02.864519Z celld-1 /cell/h2-616 done
2026-09-30T17:33:03.246050Z celld-1 /cell/h2-623 start
2026-09-30T17:33:03.246200Z celld-1 /cell/h2-623 stored
2026-09-30T17:33:03.246237Z celld-1 /cell/h2-623 facet
2026-09-30T17:33:03.531871Z celld-1 /cell/h2-625 start
2026-09-30T17:33:03.532151Z celld-1 /cell/h2-625 stored
2026-09-30T17:33:03.532181Z celld-1 /cell/h2-625 facet
2026-09-30T17:33:03.702467Z celld-1 /cell/h2-629 start
2026-09-30T17:33:03.702684Z celld-1 /cell/h2-629 stored
2026-09-30T17:33:03.702719Z celld-1 /cell/h2-629 facet
2026-09-30T17:33:03.738327Z celld-1 /cell/h2-621 done
2026-09-30T17:33:04.363582Z celld-1 /cell/h2-632 start
2026-09-30T17:33:04.363737Z celld-1 /cell/h2-632 stored
2026-09-30T17:33:04.363758Z celld-1 /cell/h2-632 facet
2026-09-30T17:33:04.480696Z celld-1 /cell/h2-623 done
2026-09-30T17:33:04.685335Z celld-1 /cell/h2-625 done
2026-09-30T17:33:04.773455Z celld-1 /cell/h2-629 done
2026-09-30T17:33:05.383752Z celld-1 /cell/h2-632 done
2026-09-30T17:33:06.264942Z celld-1 /cell/h2-648 start
2026-09-30T17:33:06.265051Z celld-1 /cell/h2-648 stored
2026-09-30T17:33:06.265064Z celld-1 /cell/h2-648 facet
2026-09-30T17:33:06.727193Z celld-1 /cell/h2-649 start
2026-09-30T17:33:06.727330Z celld-1 /cell/h2-649 stored
2026-09-30T17:33:06.727354Z celld-1 /cell/h2-649 facet
2026-09-30T17:33:07.493870Z celld-1 /cell/h2-648 done
2026-09-30T17:33:07.777430Z celld-1 /cell/h2-654 start
2026-09-30T17:33:07.777636Z celld-1 /cell/h2-654 stored
2026-09-30T17:33:07.777674Z celld-1 /cell/h2-654 facet
2026-09-30T17:33:07.900011Z celld-1 /cell/h2-649 done
2026-09-30T17:33:08.215120Z celld-1 /cell/h2-657 start
2026-09-30T17:33:08.215249Z celld-1 /cell/h2-657 stored
2026-09-30T17:33:08.215268Z celld-1 /cell/h2-657 facet
2026-09-30T17:33:08.720275Z celld-1 /cell/h2-654 done
2026-09-30T17:33:08.818437Z celld-1 /cell/h2-660 start
2026-09-30T17:33:08.818619Z celld-1 /cell/h2-660 stored
2026-09-30T17:33:08.818673Z celld-1 /cell/h2-660 facet
2026-09-30T17:33:09.052097Z celld-1 /cell/h2-657 done
2026-09-30T17:33:09.588107Z celld-1 /cell/h2-660 done
2026-09-30T17:33:10.014173Z celld-1 /cell/h2-665 start
2026-09-30T17:33:10.014503Z celld-1 /cell/h2-665 stored
2026-09-30T17:33:10.014554Z celld-1 /cell/h2-665 facet
2026-09-30T17:33:10.261214Z celld-1 /cell/h2-666 start
2026-09-30T17:33:10.261384Z celld-1 /cell/h2-666 stored
2026-09-30T17:33:10.261437Z celld-1 /cell/h2-666 facet
2026-09-30T17:33:10.521590Z celld-1 /cell/h2-668 start
2026-09-30T17:33:10.521795Z celld-1 /cell/h2-668 stored
2026-09-30T17:33:10.521830Z celld-1 /cell/h2-668 facet
2026-09-30T17:33:10.753974Z celld-1 /cell/h2-669 start
2026-09-30T17:33:10.754082Z celld-1 /cell/h2-669 stored
2026-09-30T17:33:10.754100Z celld-1 /cell/h2-669 facet
2026-09-30T17:33:11.446849Z celld-1 /cell/h2-665 done
2026-09-30T17:33:11.886308Z celld-1 /cell/h2-673 start
2026-09-30T17:33:11.886406Z celld-1 /cell/h2-673 stored
2026-09-30T17:33:11.886417Z celld-1 /cell/h2-673 facet
2026-09-30T17:33:12.054265Z celld-1 /cell/h2-666 done
2026-09-30T17:33:12.531297Z celld-1 /cell/h2-669 done
2026-09-30T17:33:12.531494Z celld-1 /cell/h2-668 done
2026-09-30T17:33:13.093975Z celld-1 /cell/h2-682 start
2026-09-30T17:33:13.094087Z celld-1 /cell/h2-682 stored
2026-09-30T17:33:13.094105Z celld-1 /cell/h2-682 facet
2026-09-30T17:33:13.147057Z celld-1 /cell/h2-677 start
2026-09-30T17:33:13.147179Z celld-1 /cell/h2-677 stored
2026-09-30T17:33:13.147210Z celld-1 /cell/h2-677 facet
2026-09-30T17:33:13.180451Z celld-1 /cell/h2-673 done
2026-09-30T17:33:13.589554Z celld-1 /cell/h2-685 start
2026-09-30T17:33:13.589693Z celld-1 /cell/h2-685 stored
2026-09-30T17:33:13.589711Z celld-1 /cell/h2-685 facet
2026-09-30T17:33:13.603874Z celld-1 /cell/h2-687 start
2026-09-30T17:33:13.604030Z celld-1 /cell/h2-687 stored
2026-09-30T17:33:13.604051Z celld-1 /cell/h2-687 facet
2026-09-30T17:33:14.148537Z celld-1 /cell/h2-690 start
2026-09-30T17:33:14.148682Z celld-1 /cell/h2-690 stored
2026-09-30T17:33:14.148704Z celld-1 /cell/h2-690 facet
2026-09-30T17:33:14.443736Z celld-1 /cell/h2-693 start
2026-09-30T17:33:14.443882Z celld-1 /cell/h2-693 stored
2026-09-30T17:33:14.443906Z celld-1 /cell/h2-693 facet
2026-09-30T17:33:14.472931Z celld-1 /cell/h2-677 done
2026-09-30T17:33:14.514882Z celld-1 /cell/h2-692 start
2026-09-30T17:33:14.515041Z celld-1 /cell/h2-692 stored
2026-09-30T17:33:14.515075Z celld-1 /cell/h2-692 facet
2026-09-30T17:33:14.711966Z celld-1 /cell/h2-682 done
2026-09-30T17:33:14.905634Z celld-1 /cell/h2-685 done
2026-09-30T17:33:15.003885Z celld-1 /cell/h2-687 done
2026-09-30T17:33:15.918447Z celld-1 /cell/h2-690 done
2026-09-30T17:33:15.950802Z celld-1 /cell/h2-692 done
2026-09-30T17:33:15.951538Z celld-1 /cell/h2-693 done
2026-09-30T17:33:16.449818Z celld-1 /cell/h2-701 start
2026-09-30T17:33:16.449989Z celld-1 /cell/h2-701 stored
2026-09-30T17:33:16.450029Z celld-1 /cell/h2-701 facet
2026-09-30T17:33:16.452819Z celld-1 /cell/h2-700 start
2026-09-30T17:33:16.452979Z celld-1 /cell/h2-700 stored
2026-09-30T17:33:16.453023Z celld-1 /cell/h2-700 facet
2026-09-30T17:33:16.935798Z celld-1 /cell/h2-704 start
2026-09-30T17:33:16.936036Z celld-1 /cell/h2-704 stored
2026-09-30T17:33:16.936096Z celld-1 /cell/h2-704 facet
2026-09-30T17:33:17.997356Z celld-1 /cell/h2-712 start
2026-09-30T17:33:17.997533Z celld-1 /cell/h2-712 stored
2026-09-30T17:33:17.997589Z celld-1 /cell/h2-712 facet
2026-09-30T17:33:18.172715Z celld-1 /cell/h2-700 done
2026-09-30T17:33:18.329708Z celld-1 /cell/h2-704 done
2026-09-30T17:33:18.412465Z celld-1 /cell/h2-701 done
2026-09-30T17:33:18.598927Z celld-1 /cell/h2-713 start
2026-09-30T17:33:18.599100Z celld-1 /cell/h2-713 stored
2026-09-30T17:33:18.599134Z celld-1 /cell/h2-713 facet
2026-09-30T17:33:19.066084Z celld-1 /cell/h2-714 start
2026-09-30T17:33:19.066243Z celld-1 /cell/h2-714 stored
2026-09-30T17:33:19.066268Z celld-1 /cell/h2-714 facet
2026-09-30T17:33:19.604934Z celld-1 /cell/h2-712 done
2026-09-30T17:33:19.719044Z celld-1 /cell/h2-717 start
2026-09-30T17:33:19.719221Z celld-1 /cell/h2-717 stored
2026-09-30T17:33:19.719257Z celld-1 /cell/h2-717 facet
2026-09-30T17:33:20.010073Z celld-1 /cell/h2-719 start
2026-09-30T17:33:20.010176Z celld-1 /cell/h2-719 stored
2026-09-30T17:33:20.010198Z celld-1 /cell/h2-719 facet
2026-09-30T17:33:20.390997Z celld-1 /cell/h2-723 start
2026-09-30T17:33:20.391153Z celld-1 /cell/h2-723 stored
2026-09-30T17:33:20.391204Z celld-1 /cell/h2-723 facet
2026-09-30T17:33:20.430445Z celld-1 /cell/h2-713 done
2026-09-30T17:33:20.940128Z celld-1 /cell/h2-714 done
2026-09-30T17:33:21.331016Z celld-1 /cell/h2-717 done
2026-09-30T17:33:21.372067Z celld-1 /cell/h2-726 start
2026-09-30T17:33:21.372241Z celld-1 /cell/h2-726 stored
2026-09-30T17:33:21.372269Z celld-1 /cell/h2-726 facet
2026-09-30T17:33:21.372775Z celld-1 /cell/h2-727 start
2026-09-30T17:33:21.372886Z celld-1 /cell/h2-727 stored
2026-09-30T17:33:21.372894Z celld-1 /cell/h2-727 facet
2026-09-30T17:33:21.617670Z celld-1 /cell/h2-730 start
2026-09-30T17:33:21.617832Z celld-1 /cell/h2-730 stored
2026-09-30T17:33:21.617862Z celld-1 /cell/h2-730 facet
2026-09-30T17:33:21.926924Z celld-1 /cell/h2-731 start
2026-09-30T17:33:21.927088Z celld-1 /cell/h2-731 stored
2026-09-30T17:33:21.927114Z celld-1 /cell/h2-731 facet
2026-09-30T17:33:22.022726Z celld-1 /cell/h2-719 done
2026-09-30T17:33:22.406467Z celld-1 /cell/h2-723 done
2026-09-30T17:33:22.829942Z celld-1 /cell/h2-739 start
2026-09-30T17:33:22.830054Z celld-1 /cell/h2-739 stored
2026-09-30T17:33:22.830066Z celld-1 /cell/h2-739 facet
2026-09-30T17:33:22.946382Z celld-1 /cell/h2-726 done
2026-09-30T17:33:23.064314Z celld-1 /cell/h2-727 done
2026-09-30T17:33:23.064762Z celld-1 /cell/h2-730 done
2026-09-30T17:33:23.074117Z celld-1 /cell/h2-740 start
2026-09-30T17:33:23.074298Z celld-1 /cell/h2-740 stored
2026-09-30T17:33:23.074344Z celld-1 /cell/h2-740 facet
2026-09-30T17:33:23.364758Z celld-1 /cell/h2-731 done
2026-09-30T17:33:23.904303Z celld-1 /cell/h2-745 start
2026-09-30T17:33:23.904459Z celld-1 /cell/h2-745 stored
2026-09-30T17:33:23.904514Z celld-1 /cell/h2-745 facet
2026-09-30T17:33:24.425067Z celld-1 /cell/h2-739 done
2026-09-30T17:33:24.893662Z celld-1 /cell/h2-748 start
2026-09-30T17:33:24.893804Z celld-1 /cell/h2-748 stored
2026-09-30T17:33:24.893827Z celld-1 /cell/h2-748 facet
2026-09-30T17:33:24.918495Z celld-1 /cell/h2-750 start
2026-09-30T17:33:24.918682Z celld-1 /cell/h2-750 stored
2026-09-30T17:33:24.918715Z celld-1 /cell/h2-750 facet
2026-09-30T17:33:24.925064Z celld-1 /cell/h2-740 done
2026-09-30T17:33:25.747304Z celld-1 /cell/h2-752 start
2026-09-30T17:33:25.747477Z celld-1 /cell/h2-752 stored
2026-09-30T17:33:25.747499Z celld-1 /cell/h2-752 facet
2026-09-30T17:33:25.751555Z celld-1 /cell/h2-754 start
2026-09-30T17:33:25.751662Z celld-1 /cell/h2-754 stored
2026-09-30T17:33:25.751673Z celld-1 /cell/h2-754 facet
2026-09-30T17:33:26.014462Z celld-1 /cell/h2-745 done
2026-09-30T17:33:26.015487Z celld-1 /cell/h2-753 start
2026-09-30T17:33:26.015700Z celld-1 /cell/h2-753 stored
2026-09-30T17:33:26.015744Z celld-1 /cell/h2-753 facet
2026-09-30T17:33:26.743337Z celld-1 /cell/h2-750 done
2026-09-30T17:33:27.278086Z celld-1 /cell/h2-748 done
2026-09-30T17:33:27.715170Z celld-1 /cell/h2-754 done
2026-09-30T17:33:27.726306Z celld-1 /cell/h2-752 done
2026-09-30T17:33:27.763962Z celld-1 /cell/h2-763 start
2026-09-30T17:33:27.764137Z celld-1 /cell/h2-763 stored
2026-09-30T17:33:27.764199Z celld-1 /cell/h2-763 facet
2026-09-30T17:33:27.791975Z celld-1 /cell/h2-762 start
2026-09-30T17:33:27.792080Z celld-1 /cell/h2-762 stored
2026-09-30T17:33:27.792092Z celld-1 /cell/h2-762 facet
2026-09-30T17:33:27.931956Z celld-1 /cell/h2-753 done
2026-09-30T17:33:28.710111Z celld-1 /cell/h2-763 done
2026-09-30T17:33:28.736687Z celld-1 /cell/h2-762 done
2026-09-30T17:33:29.164820Z celld-1 /cell/h2-780 start
2026-09-30T17:33:29.165691Z celld-1 /cell/h2-780 stored
2026-09-30T17:33:29.165719Z celld-1 /cell/h2-780 facet
2026-09-30T17:33:30.316356Z celld-1 /cell/h2-782 start
2026-09-30T17:33:30.316609Z celld-1 /cell/h2-782 stored
2026-09-30T17:33:30.316661Z celld-1 /cell/h2-782 facet
2026-09-30T17:33:30.360826Z celld-1 /cell/h2-783 start
2026-09-30T17:33:30.361025Z celld-1 /cell/h2-783 stored
2026-09-30T17:33:30.361063Z celld-1 /cell/h2-783 facet
2026-09-30T17:33:30.361732Z celld-1 /cell/h2-784 start
2026-09-30T17:33:30.361975Z celld-1 /cell/h2-784 stored
2026-09-30T17:33:30.362004Z celld-1 /cell/h2-784 facet
2026-09-30T17:33:30.792507Z celld-1 /cell/h2-780 done
2026-09-30T17:33:31.494294Z celld-1 /cell/h2-788 start
2026-09-30T17:33:31.494412Z celld-1 /cell/h2-788 stored
2026-09-30T17:33:31.494426Z celld-1 /cell/h2-788 facet
2026-09-30T17:33:31.835722Z celld-1 /cell/h2-784 done
2026-09-30T17:33:31.835949Z celld-1 /cell/h2-783 done
2026-09-30T17:33:31.836113Z celld-1 /cell/h2-782 done
2026-09-30T17:33:32.819156Z celld-1 /cell/h2-792 start
2026-09-30T17:33:32.819280Z celld-1 /cell/h2-792 stored
2026-09-30T17:33:32.819295Z celld-1 /cell/h2-792 facet
2026-09-30T17:33:33.323971Z celld-1 /cell/h2-788 done
2026-09-30T17:33:33.732462Z celld-1 /cell/h2-796 start
2026-09-30T17:33:33.732582Z celld-1 /cell/h2-796 stored
2026-09-30T17:33:33.732601Z celld-1 /cell/h2-796 facet
2026-09-30T17:33:34.201516Z celld-1 /cell/h2-792 done
2026-09-30T17:33:34.316357Z celld-1 /cell/h2-799 start
2026-09-30T17:33:34.316540Z celld-1 /cell/h2-799 stored
2026-09-30T17:33:34.316572Z celld-1 /cell/h2-799 facet
2026-09-30T17:33:35.135511Z celld-1 /cell/h2-801 start
2026-09-30T17:33:35.135656Z celld-1 /cell/h2-801 stored
2026-09-30T17:33:35.135684Z celld-1 /cell/h2-801 facet
2026-09-30T17:33:35.369913Z celld-1 /cell/h2-796 done
2026-09-30T17:33:35.375605Z celld-1 /cell/h2-802 start
2026-09-30T17:33:35.375760Z celld-1 /cell/h2-802 stored
2026-09-30T17:33:35.375778Z celld-1 /cell/h2-802 facet
2026-09-30T17:33:35.487531Z celld-1 /cell/h2-804 start
2026-09-30T17:33:35.487676Z celld-1 /cell/h2-804 stored
2026-09-30T17:33:35.487703Z celld-1 /cell/h2-804 facet
2026-09-30T17:33:35.489716Z celld-1 /cell/h2-806 start
2026-09-30T17:33:35.489816Z celld-1 /cell/h2-806 stored
2026-09-30T17:33:35.489831Z celld-1 /cell/h2-806 facet
2026-09-30T17:33:35.490486Z celld-1 /cell/h2-808 start
2026-09-30T17:33:35.490630Z celld-1 /cell/h2-808 stored
2026-09-30T17:33:35.490640Z celld-1 /cell/h2-808 facet
2026-09-30T17:33:35.662070Z celld-1 /cell/h2-799 done
2026-09-30T17:33:35.752308Z celld-1 /cell/h2-813 start
2026-09-30T17:33:35.752479Z celld-1 /cell/h2-813 stored
2026-09-30T17:33:35.752505Z celld-1 /cell/h2-813 facet
2026-09-30T17:33:35.936300Z celld-1 /cell/h2-814 start
2026-09-30T17:33:35.936445Z celld-1 /cell/h2-814 stored
2026-09-30T17:33:35.936467Z celld-1 /cell/h2-814 facet
2026-09-30T17:33:36.636813Z celld-1 /cell/h2-808 done
2026-09-30T17:33:36.934230Z celld-1 /cell/h2-801 done
2026-09-30T17:33:36.972442Z celld-1 /cell/h2-806 done
2026-09-30T17:33:37.251602Z celld-1 /cell/h2-802 done
2026-09-30T17:33:37.359119Z celld-1 /cell/h2-816 start
2026-09-30T17:33:37.359299Z celld-1 /cell/h2-816 stored
2026-09-30T17:33:37.359318Z celld-1 /cell/h2-816 facet
2026-09-30T17:33:37.360171Z celld-1 /cell/h2-819 start
2026-09-30T17:33:37.360473Z celld-1 /cell/h2-819 stored
2026-09-30T17:33:37.360493Z celld-1 /cell/h2-819 facet
2026-09-30T17:33:37.459798Z celld-1 /cell/h2-804 done
2026-09-30T17:33:37.664444Z celld-1 /cell/h2-813 done
2026-09-30T17:33:37.688719Z celld-1 /cell/h2-814 done
2026-09-30T17:33:38.059249Z celld-1 /cell/h2-822 start
2026-09-30T17:33:38.059394Z celld-1 /cell/h2-822 stored
2026-09-30T17:33:38.059413Z celld-1 /cell/h2-822 facet
2026-09-30T17:33:38.461485Z celld-1 /cell/h2-823 start
2026-09-30T17:33:38.461643Z celld-1 /cell/h2-823 stored
2026-09-30T17:33:38.461667Z celld-1 /cell/h2-823 facet
2026-09-30T17:33:39.199482Z celld-1 /cell/h2-816 done
2026-09-30T17:33:39.242083Z celld-1 /cell/h2-829 start
2026-09-30T17:33:39.242226Z celld-1 /cell/h2-829 stored
2026-09-30T17:33:39.242252Z celld-1 /cell/h2-829 facet
2026-09-30T17:33:39.270009Z celld-1 /cell/h2-819 done
2026-09-30T17:33:39.343177Z celld-1 /cell/h2-832 start
2026-09-30T17:33:39.343358Z celld-1 /cell/h2-832 stored
2026-09-30T17:33:39.343396Z celld-1 /cell/h2-832 facet
2026-09-30T17:33:39.466410Z celld-1 /cell/h2-833 start
2026-09-30T17:33:39.466679Z celld-1 /cell/h2-833 stored
2026-09-30T17:33:39.466718Z celld-1 /cell/h2-833 facet
2026-09-30T17:33:39.678651Z celld-1 /cell/h2-822 done
2026-09-30T17:33:40.159203Z celld-1 /cell/h2-823 done
2026-09-30T17:33:40.991314Z celld-1 /cell/h2-832 done
2026-09-30T17:33:41.062260Z celld-1 /cell/h2-829 done
2026-09-30T17:33:41.099763Z celld-1 /cell/h2-833 done
2026-09-30T17:33:41.401537Z celld-1 /cell/h2-839 start
2026-09-30T17:33:41.401721Z celld-1 /cell/h2-839 stored
2026-09-30T17:33:41.401748Z celld-1 /cell/h2-839 facet
2026-09-30T17:33:42.758968Z celld-1 /cell/h2-846 start
2026-09-30T17:33:42.759085Z celld-1 /cell/h2-846 stored
2026-09-30T17:33:42.759109Z celld-1 /cell/h2-846 facet
2026-09-30T17:33:42.916807Z celld-1 /cell/h2-848 start
2026-09-30T17:33:42.916909Z celld-1 /cell/h2-848 stored
2026-09-30T17:33:42.916921Z celld-1 /cell/h2-848 facet
2026-09-30T17:33:43.075130Z celld-1 /cell/h2-849 start
2026-09-30T17:33:43.075275Z celld-1 /cell/h2-849 stored
2026-09-30T17:33:43.075299Z celld-1 /cell/h2-849 facet
2026-09-30T17:33:43.076376Z celld-1 /cell/h2-847 start
2026-09-30T17:33:43.076492Z celld-1 /cell/h2-847 stored
2026-09-30T17:33:43.076518Z celld-1 /cell/h2-847 facet
2026-09-30T17:33:43.098298Z celld-1 /cell/h2-839 done
2026-09-30T17:33:43.205437Z celld-1 /cell/h2-851 start
2026-09-30T17:33:43.205588Z celld-1 /cell/h2-851 stored
2026-09-30T17:33:43.205607Z celld-1 /cell/h2-851 facet
2026-09-30T17:33:43.289659Z celld-1 /cell/h2-852 start
2026-09-30T17:33:43.289794Z celld-1 /cell/h2-852 stored
2026-09-30T17:33:43.289825Z celld-1 /cell/h2-852 facet
2026-09-30T17:33:43.291887Z celld-1 /cell/h2-850 start
2026-09-30T17:33:43.291988Z celld-1 /cell/h2-850 stored
2026-09-30T17:33:43.291996Z celld-1 /cell/h2-850 facet
2026-09-30T17:33:44.188487Z celld-1 /cell/h2-859 start
2026-09-30T17:33:44.188770Z celld-1 /cell/h2-859 stored
2026-09-30T17:33:44.188799Z celld-1 /cell/h2-859 facet
2026-09-30T17:33:44.286510Z celld-1 /cell/h2-855 start
2026-09-30T17:33:44.286688Z celld-1 /cell/h2-855 stored
2026-09-30T17:33:44.286705Z celld-1 /cell/h2-855 facet
2026-09-30T17:33:44.584233Z celld-1 /cell/h2-846 done
2026-09-30T17:33:44.708492Z celld-1 /cell/h2-848 done
2026-09-30T17:33:44.832362Z celld-1 /cell/h2-849 done
2026-09-30T17:33:44.858733Z celld-1 /cell/h2-847 done
2026-09-30T17:33:44.933757Z celld-1 /cell/h2-852 done
2026-09-30T17:33:44.933969Z celld-1 /cell/h2-851 done
2026-09-30T17:33:44.987361Z celld-1 /cell/h2-861 start
2026-09-30T17:33:44.987495Z celld-1 /cell/h2-861 stored
2026-09-30T17:33:44.987519Z celld-1 /cell/h2-861 facet
2026-09-30T17:33:44.992520Z celld-1 /cell/h2-850 done
2026-09-30T17:33:45.327915Z celld-1 /cell/h2-862 start
2026-09-30T17:33:45.328025Z celld-1 /cell/h2-862 stored
2026-09-30T17:33:45.328055Z celld-1 /cell/h2-862 facet
2026-09-30T17:33:45.530077Z celld-1 /cell/h2-855 done
2026-09-30T17:33:45.537799Z celld-1 /cell/h2-859 done
2026-09-30T17:33:46.360731Z celld-1 /cell/h2-864 start
2026-09-30T17:33:46.360938Z celld-1 /cell/h2-864 stored
2026-09-30T17:33:46.360977Z celld-1 /cell/h2-864 facet
2026-09-30T17:33:46.552677Z celld-1 /cell/h2-861 done
2026-09-30T17:33:46.667917Z celld-1 /cell/h2-867 start
2026-09-30T17:33:46.668045Z celld-1 /cell/h2-867 stored
2026-09-30T17:33:46.668066Z celld-1 /cell/h2-867 facet
2026-09-30T17:33:46.818896Z celld-1 /cell/h2-873 start
2026-09-30T17:33:46.819061Z celld-1 /cell/h2-873 stored
2026-09-30T17:33:46.819092Z celld-1 /cell/h2-873 facet
2026-09-30T17:33:46.825058Z celld-1 /cell/h2-872 start
2026-09-30T17:33:46.825199Z celld-1 /cell/h2-872 stored
2026-09-30T17:33:46.825209Z celld-1 /cell/h2-872 facet
2026-09-30T17:33:47.556989Z celld-1 /cell/h2-875 start
2026-09-30T17:33:47.557110Z celld-1 /cell/h2-875 stored
2026-09-30T17:33:47.557128Z celld-1 /cell/h2-875 facet
2026-09-30T17:33:47.600177Z celld-1 /cell/h2-862 done
2026-09-30T17:33:48.090500Z celld-1 /cell/h2-864 done
2026-09-30T17:33:48.094770Z celld-1 /cell/h2-879 start
2026-09-30T17:33:48.094910Z celld-1 /cell/h2-879 stored
2026-09-30T17:33:48.094936Z celld-1 /cell/h2-879 facet
2026-09-30T17:33:48.185571Z celld-1 /cell/h2-880 start
2026-09-30T17:33:48.185743Z celld-1 /cell/h2-880 stored
2026-09-30T17:33:48.185771Z celld-1 /cell/h2-880 facet
2026-09-30T17:33:48.396053Z celld-1 /cell/h2-867 done
2026-09-30T17:33:48.675299Z celld-1 /cell/h2-872 done
2026-09-30T17:33:48.707239Z celld-1 /cell/h2-873 done
2026-09-30T17:33:49.159193Z celld-1 /cell/h2-875 done
2026-09-30T17:33:49.189364Z celld-1 /cell/h2-883 start
2026-09-30T17:33:49.189470Z celld-1 /cell/h2-883 stored
2026-09-30T17:33:49.189487Z celld-1 /cell/h2-883 facet
2026-09-30T17:33:49.591671Z celld-1 /cell/h2-879 done
2026-09-30T17:33:49.688359Z celld-1 /cell/h2-885 start
2026-09-30T17:33:49.688547Z celld-1 /cell/h2-885 stored
2026-09-30T17:33:49.688556Z celld-1 /cell/h2-885 facet
2026-09-30T17:33:50.065253Z celld-1 /cell/h2-880 done
2026-09-30T17:33:50.570847Z celld-1 /cell/h2-894 start
2026-09-30T17:33:50.571011Z celld-1 /cell/h2-894 stored
2026-09-30T17:33:50.571032Z celld-1 /cell/h2-894 facet
2026-09-30T17:33:50.635450Z celld-1 /cell/h2-883 done
2026-09-30T17:33:50.772850Z celld-1 /cell/h2-885 done
2026-09-30T17:33:51.335060Z celld-1 /cell/h2-894 done
2026-09-30T17:31:26.576883Z celld-2 /cell/h2-8 start
2026-09-30T17:31:26.577275Z celld-2 /cell/h2-8 stored
2026-09-30T17:31:26.577345Z celld-2 /cell/h2-8 facet
2026-09-30T17:31:26.577457Z celld-2 /cell/h2-8 load
2026-09-30T17:31:26.588680Z celld-2 /cell/h2-9 start
2026-09-30T17:31:26.588885Z celld-2 /cell/h2-9 stored
2026-09-30T17:31:26.588911Z celld-2 /cell/h2-9 facet
2026-09-30T17:31:26.588965Z celld-2 /cell/h2-8 loaded
2026-09-30T17:31:26.637472Z celld-2 /cell/h2-14 start
2026-09-30T17:31:26.637693Z celld-2 /cell/h2-14 stored
2026-09-30T17:31:26.637752Z celld-2 /cell/h2-14 facet
2026-09-30T17:31:26.734605Z celld-2 /cell/h2-23 start
2026-09-30T17:31:26.734848Z celld-2 /cell/h2-23 stored
2026-09-30T17:31:26.734883Z celld-2 /cell/h2-23 facet
2026-09-30T17:31:26.735696Z celld-2 /cell/h2-22 start
2026-09-30T17:31:26.735852Z celld-2 /cell/h2-22 stored
2026-09-30T17:31:26.735886Z celld-2 /cell/h2-22 facet
2026-09-30T17:31:28.294246Z celld-2 /cell/h2-9 done
2026-09-30T17:31:28.294572Z celld-2 /cell/h2-8 done
2026-09-30T17:31:28.294965Z celld-2 /cell/h2-23 done
2026-09-30T17:31:28.295283Z celld-2 /cell/h2-14 done
2026-09-30T17:31:28.295631Z celld-2 /cell/h2-22 done
2026-09-30T17:31:29.443285Z celld-2 /cell/h2-25 start
2026-09-30T17:31:29.443496Z celld-2 /cell/h2-25 stored
2026-09-30T17:31:29.443539Z celld-2 /cell/h2-25 facet
2026-09-30T17:31:29.477255Z celld-2 /cell/h2-26 start
2026-09-30T17:31:29.477531Z celld-2 /cell/h2-26 stored
2026-09-30T17:31:29.477557Z celld-2 /cell/h2-26 facet
2026-09-30T17:31:29.492358Z celld-2 /cell/h2-27 start
2026-09-30T17:31:29.492531Z celld-2 /cell/h2-27 stored
2026-09-30T17:31:29.492565Z celld-2 /cell/h2-27 facet
2026-09-30T17:31:29.797591Z celld-2 /cell/h2-36 start
2026-09-30T17:31:29.797825Z celld-2 /cell/h2-36 stored
2026-09-30T17:31:29.797901Z celld-2 /cell/h2-36 facet
2026-09-30T17:31:29.812955Z celld-2 /cell/h2-32 start
2026-09-30T17:31:29.813109Z celld-2 /cell/h2-32 stored
2026-09-30T17:31:29.813141Z celld-2 /cell/h2-32 facet
2026-09-30T17:31:29.821070Z celld-2 /cell/h2-31 start
2026-09-30T17:31:29.821190Z celld-2 /cell/h2-31 stored
2026-09-30T17:31:29.821206Z celld-2 /cell/h2-31 facet
2026-09-30T17:31:29.839836Z celld-2 /cell/h2-33 start
2026-09-30T17:31:29.839955Z celld-2 /cell/h2-33 stored
2026-09-30T17:31:29.839979Z celld-2 /cell/h2-33 facet
2026-09-30T17:31:29.840393Z celld-2 /cell/h2-30 start
2026-09-30T17:31:29.840573Z celld-2 /cell/h2-30 stored
2026-09-30T17:31:29.840588Z celld-2 /cell/h2-30 facet
2026-09-30T17:31:29.865444Z celld-2 /cell/h2-40 start
2026-09-30T17:31:29.865546Z celld-2 /cell/h2-40 stored
2026-09-30T17:31:29.865564Z celld-2 /cell/h2-40 facet
2026-09-30T17:31:29.866008Z celld-2 /cell/h2-41 start
2026-09-30T17:31:29.866225Z celld-2 /cell/h2-41 stored
2026-09-30T17:31:29.866247Z celld-2 /cell/h2-41 facet
2026-09-30T17:31:29.907856Z celld-2 /cell/h2-37 start
2026-09-30T17:31:29.908071Z celld-2 /cell/h2-37 stored
2026-09-30T17:31:29.908098Z celld-2 /cell/h2-37 facet
2026-09-30T17:31:30.288731Z celld-2 /cell/h2-44 start
2026-09-30T17:31:30.288960Z celld-2 /cell/h2-44 stored
2026-09-30T17:31:30.288977Z celld-2 /cell/h2-44 facet
2026-09-30T17:31:30.427252Z celld-2 /cell/h2-47 start
2026-09-30T17:31:30.427372Z celld-2 /cell/h2-47 stored
2026-09-30T17:31:30.427402Z celld-2 /cell/h2-47 facet
2026-09-30T17:31:30.427821Z celld-2 /cell/h2-45 start
2026-09-30T17:31:30.427981Z celld-2 /cell/h2-45 stored
2026-09-30T17:31:30.427995Z celld-2 /cell/h2-45 facet
2026-09-30T17:31:31.609756Z celld-2 /cell/h2-25 done
2026-09-30T17:31:31.790541Z celld-2 /cell/h2-49 start
2026-09-30T17:31:31.790642Z celld-2 /cell/h2-49 stored
2026-09-30T17:31:31.790663Z celld-2 /cell/h2-49 facet
2026-09-30T17:31:31.829193Z celld-2 /cell/h2-27 done
2026-09-30T17:31:31.829848Z celld-2 /cell/h2-26 done
2026-09-30T17:31:32.030858Z celld-2 /cell/h2-36 done
2026-09-30T17:31:32.034611Z celld-2 /cell/h2-51 start
2026-09-30T17:31:32.034832Z celld-2 /cell/h2-51 stored
2026-09-30T17:31:32.034859Z celld-2 /cell/h2-51 facet
2026-09-30T17:31:32.144661Z celld-2 /cell/h2-41 done
2026-09-30T17:31:32.164884Z celld-2 /cell/h2-53 start
2026-09-30T17:31:32.165012Z celld-2 /cell/h2-53 stored
2026-09-30T17:31:32.165040Z celld-2 /cell/h2-53 facet
2026-09-30T17:31:32.165610Z celld-2 /cell/h2-55 start
2026-09-30T17:31:32.165884Z celld-2 /cell/h2-55 stored
2026-09-30T17:31:32.165906Z celld-2 /cell/h2-55 facet
2026-09-30T17:31:32.484258Z celld-2 /cell/h2-40 done
2026-09-30T17:31:32.484591Z celld-2 /cell/h2-30 done
2026-09-30T17:31:32.484794Z celld-2 /cell/h2-32 done
2026-09-30T17:31:32.485062Z celld-2 /cell/h2-31 done
2026-09-30T17:31:32.485216Z celld-2 /cell/h2-37 done
2026-09-30T17:31:32.485382Z celld-2 /cell/h2-33 done
2026-09-30T17:31:32.665975Z celld-2 /cell/h2-47 done
2026-09-30T17:31:32.666333Z celld-2 /cell/h2-44 done
2026-09-30T17:31:32.803202Z celld-2 /cell/h2-45 done
2026-09-30T17:31:33.534260Z celld-2 /cell/h2-49 done
2026-09-30T17:31:33.796609Z celld-2 /cell/h2-63 start
2026-09-30T17:31:33.796724Z celld-2 /cell/h2-63 stored
2026-09-30T17:31:33.796751Z celld-2 /cell/h2-63 facet
2026-09-30T17:31:34.094649Z celld-2 /cell/h2-71 start
2026-09-30T17:31:34.094856Z celld-2 /cell/h2-71 stored
2026-09-30T17:31:34.094917Z celld-2 /cell/h2-71 facet
2026-09-30T17:31:34.095702Z celld-2 /cell/h2-67 start
2026-09-30T17:31:34.096024Z celld-2 /cell/h2-67 stored
2026-09-30T17:31:34.096041Z celld-2 /cell/h2-67 facet
2026-09-30T17:31:34.233693Z celld-2 /cell/h2-72 start
2026-09-30T17:31:34.233910Z celld-2 /cell/h2-72 stored
2026-09-30T17:31:34.233980Z celld-2 /cell/h2-72 facet
2026-09-30T17:31:34.234683Z celld-2 /cell/h2-73 start
2026-09-30T17:31:34.235866Z celld-2 /cell/h2-73 stored
2026-09-30T17:31:34.235898Z celld-2 /cell/h2-73 facet
2026-09-30T17:31:34.545527Z celld-2 /cell/h2-74 start
2026-09-30T17:31:34.545708Z celld-2 /cell/h2-74 stored
2026-09-30T17:31:34.545751Z celld-2 /cell/h2-74 facet
2026-09-30T17:31:34.678177Z celld-2 /cell/h2-53 done
2026-09-30T17:31:34.678483Z celld-2 /cell/h2-51 done
2026-09-30T17:31:34.678699Z celld-2 /cell/h2-55 done
2026-09-30T17:31:35.151325Z celld-2 /cell/h2-78 start
2026-09-30T17:31:35.151521Z celld-2 /cell/h2-78 stored
2026-09-30T17:31:35.151552Z celld-2 /cell/h2-78 facet
2026-09-30T17:31:35.622285Z celld-2 /cell/h2-80 start
2026-09-30T17:31:35.622450Z celld-2 /cell/h2-80 stored
2026-09-30T17:31:35.622491Z celld-2 /cell/h2-80 facet
2026-09-30T17:31:35.931993Z celld-2 /cell/h2-81 start
2026-09-30T17:31:35.932132Z celld-2 /cell/h2-81 stored
2026-09-30T17:31:35.932147Z celld-2 /cell/h2-81 facet
2026-09-30T17:31:35.966501Z celld-2 /cell/h2-82 start
2026-09-30T17:31:35.966777Z celld-2 /cell/h2-82 stored
2026-09-30T17:31:35.966810Z celld-2 /cell/h2-82 facet
2026-09-30T17:31:35.966846Z celld-2 /cell/h2-82 load
2026-09-30T17:31:35.974520Z celld-2 /cell/h2-82 loaded
2026-09-30T17:31:36.250466Z celld-2 /cell/h2-63 done
2026-09-30T17:31:36.510656Z celld-2 /cell/h2-71 done
2026-09-30T17:31:36.762566Z celld-2 /cell/h2-72 done
2026-09-30T17:31:36.762803Z celld-2 /cell/h2-67 done
2026-09-30T17:31:36.774529Z celld-2 /cell/h2-73 done
2026-09-30T17:31:36.774728Z celld-2 /cell/h2-74 done
2026-09-30T17:31:37.135196Z celld-2 /cell/h2-87 start
2026-09-30T17:31:37.135342Z celld-2 /cell/h2-87 stored
2026-09-30T17:31:37.135382Z celld-2 /cell/h2-87 facet
2026-09-30T17:31:37.292322Z celld-2 /cell/h2-78 done
2026-09-30T17:31:37.687968Z celld-2 /cell/h2-92 start
2026-09-30T17:31:37.688142Z celld-2 /cell/h2-92 stored
2026-09-30T17:31:37.688195Z celld-2 /cell/h2-92 facet
2026-09-30T17:31:37.753824Z celld-2 /cell/h2-82 done
2026-09-30T17:31:37.753889Z celld-2 /cell/h2-81 done
2026-09-30T17:31:37.754249Z celld-2 /cell/h2-80 done
2026-09-30T17:31:38.091704Z celld-2 /cell/h2-96 start
2026-09-30T17:31:38.092128Z celld-2 /cell/h2-96 stored
2026-09-30T17:31:38.092173Z celld-2 /cell/h2-96 facet
2026-09-30T17:31:38.261209Z celld-2 /cell/h2-98 start
2026-09-30T17:31:38.261489Z celld-2 /cell/h2-98 stored
2026-09-30T17:31:38.261546Z celld-2 /cell/h2-98 facet
2026-09-30T17:31:38.578337Z celld-2 /cell/h2-99 start
2026-09-30T17:31:38.578528Z celld-2 /cell/h2-99 stored
2026-09-30T17:31:38.578569Z celld-2 /cell/h2-99 facet
2026-09-30T17:31:38.612739Z celld-2 /cell/h2-100 start
2026-09-30T17:31:38.612956Z celld-2 /cell/h2-100 stored
2026-09-30T17:31:38.612989Z celld-2 /cell/h2-100 facet
2026-09-30T17:31:38.819379Z celld-2 /cell/h2-87 done
2026-09-30T17:31:38.982349Z celld-2 /cell/h2-103 start
2026-09-30T17:31:38.982576Z celld-2 /cell/h2-103 stored
2026-09-30T17:31:38.982620Z celld-2 /cell/h2-103 facet
2026-09-30T17:31:39.011365Z celld-2 /cell/h2-105 start
2026-09-30T17:31:39.011599Z celld-2 /cell/h2-105 stored
2026-09-30T17:31:39.011634Z celld-2 /cell/h2-105 facet
2026-09-30T17:31:39.978695Z celld-2 /cell/h2-92 done
2026-09-30T17:31:40.073316Z celld-2 /cell/h2-109 start
2026-09-30T17:31:40.073551Z celld-2 /cell/h2-109 stored
2026-09-30T17:31:40.073590Z celld-2 /cell/h2-109 facet
2026-09-30T17:31:40.186834Z celld-2 /cell/h2-96 done
2026-09-30T17:31:40.425787Z celld-2 /cell/h2-112 start
2026-09-30T17:31:40.425997Z celld-2 /cell/h2-112 stored
2026-09-30T17:31:40.426047Z celld-2 /cell/h2-112 facet
2026-09-30T17:31:40.762646Z celld-2 /cell/h2-115 start
2026-09-30T17:31:40.762819Z celld-2 /cell/h2-115 stored
2026-09-30T17:31:40.762838Z celld-2 /cell/h2-115 facet
2026-09-30T17:31:40.832399Z celld-2 /cell/h2-98 done
2026-09-30T17:31:40.935748Z celld-2 /cell/h2-116 start
2026-09-30T17:31:40.935968Z celld-2 /cell/h2-116 stored
2026-09-30T17:31:40.936003Z celld-2 /cell/h2-116 facet
2026-09-30T17:31:41.416968Z celld-2 /cell/h2-118 start
2026-09-30T17:31:41.417080Z celld-2 /cell/h2-118 stored
2026-09-30T17:31:41.417112Z celld-2 /cell/h2-118 facet
2026-09-30T17:31:41.711510Z celld-2 /cell/h2-120 start
2026-09-30T17:31:41.711650Z celld-2 /cell/h2-120 stored
2026-09-30T17:31:41.711684Z celld-2 /cell/h2-120 facet
2026-09-30T17:31:41.853623Z celld-2 /cell/h2-121 start
2026-09-30T17:31:41.853804Z celld-2 /cell/h2-121 stored
2026-09-30T17:31:41.853837Z celld-2 /cell/h2-121 facet
2026-09-30T17:31:42.123816Z celld-2 /cell/h2-105 done
2026-09-30T17:31:42.124034Z celld-2 /cell/h2-103 done
2026-09-30T17:31:42.124141Z celld-2 /cell/h2-100 done
2026-09-30T17:31:42.124386Z celld-2 /cell/h2-99 done
2026-09-30T17:31:42.827678Z celld-2 /cell/h2-112 done
2026-09-30T17:31:42.827922Z celld-2 /cell/h2-109 done
2026-09-30T17:31:43.331882Z celld-2 /cell/h2-135 start
2026-09-30T17:31:43.332136Z celld-2 /cell/h2-135 stored
2026-09-30T17:31:43.332162Z celld-2 /cell/h2-135 facet
2026-09-30T17:31:43.697371Z celld-2 /cell/h2-116 done
2026-09-30T17:31:43.697756Z celld-2 /cell/h2-115 done
2026-09-30T17:31:43.698002Z celld-2 /cell/h2-118 done
2026-09-30T17:31:43.698421Z celld-2 /cell/h2-121 done
2026-09-30T17:31:43.698778Z celld-2 /cell/h2-120 done
2026-09-30T17:31:44.342766Z celld-2 /cell/h2-139 start
2026-09-30T17:31:44.342972Z celld-2 /cell/h2-139 stored
2026-09-30T17:31:44.343005Z celld-2 /cell/h2-139 facet
2026-09-30T17:31:44.399693Z celld-2 /cell/h2-140 start
2026-09-30T17:31:44.399812Z celld-2 /cell/h2-140 stored
2026-09-30T17:31:44.399831Z celld-2 /cell/h2-140 facet
2026-09-30T17:31:44.770536Z celld-2 /cell/h2-135 done
2026-09-30T17:31:45.312251Z celld-2 /cell/h2-141 start
2026-09-30T17:31:45.312379Z celld-2 /cell/h2-141 stored
2026-09-30T17:31:45.312403Z celld-2 /cell/h2-141 facet
2026-09-30T17:31:45.735722Z celld-2 /cell/h2-147 start
2026-09-30T17:31:45.735894Z celld-2 /cell/h2-147 stored
2026-09-30T17:31:45.735926Z celld-2 /cell/h2-147 facet
2026-09-30T17:31:45.744085Z celld-2 /cell/h2-145 start
2026-09-30T17:31:45.744230Z celld-2 /cell/h2-145 stored
2026-09-30T17:31:45.744252Z celld-2 /cell/h2-145 facet
2026-09-30T17:31:45.772536Z celld-2 /cell/h2-148 start
2026-09-30T17:31:45.772648Z celld-2 /cell/h2-148 stored
2026-09-30T17:31:45.772677Z celld-2 /cell/h2-148 facet
2026-09-30T17:31:46.264502Z celld-2 /cell/h2-152 start
2026-09-30T17:31:46.264670Z celld-2 /cell/h2-152 stored
2026-09-30T17:31:46.264692Z celld-2 /cell/h2-152 facet
2026-09-30T17:31:46.395547Z celld-2 /cell/h2-155 start
2026-09-30T17:31:46.395713Z celld-2 /cell/h2-155 stored
2026-09-30T17:31:46.395746Z celld-2 /cell/h2-155 facet
2026-09-30T17:31:46.461129Z celld-2 /cell/h2-156 start
2026-09-30T17:31:46.461294Z celld-2 /cell/h2-156 stored
2026-09-30T17:31:46.461327Z celld-2 /cell/h2-156 facet
2026-09-30T17:31:46.473311Z celld-2 /cell/h2-139 done
2026-09-30T17:31:46.473637Z celld-2 /cell/h2-140 done
2026-09-30T17:31:48.460615Z celld-2 /cell/h2-166 start
2026-09-30T17:31:48.460814Z celld-2 /cell/h2-166 stored
2026-09-30T17:31:48.460857Z celld-2 /cell/h2-166 facet
2026-09-30T17:31:48.480263Z celld-2 /cell/h2-167 start
2026-09-30T17:31:48.480388Z celld-2 /cell/h2-167 stored
2026-09-30T17:31:48.480408Z celld-2 /cell/h2-167 facet
2026-09-30T17:31:48.506186Z celld-2 /cell/h2-168 start
2026-09-30T17:31:48.506292Z celld-2 /cell/h2-168 stored
2026-09-30T17:31:48.506311Z celld-2 /cell/h2-168 facet
2026-09-30T17:31:48.654903Z celld-2 /cell/h2-170 start
2026-09-30T17:31:48.655025Z celld-2 /cell/h2-170 stored
2026-09-30T17:31:48.655041Z celld-2 /cell/h2-170 facet
2026-09-30T17:31:48.662041Z celld-2 /cell/h2-147 done
2026-09-30T17:31:48.662249Z celld-2 /cell/h2-141 done
2026-09-30T17:31:48.662324Z celld-2 /cell/h2-148 done
2026-09-30T17:31:48.662471Z celld-2 /cell/h2-145 done
2026-09-30T17:31:48.662584Z celld-2 /cell/h2-155 done
2026-09-30T17:31:48.808563Z celld-2 /cell/h2-171 start
2026-09-30T17:31:48.808737Z celld-2 /cell/h2-171 stored
2026-09-30T17:31:48.808780Z celld-2 /cell/h2-171 facet
2026-09-30T17:31:49.010837Z celld-2 /cell/h2-156 done
2026-09-30T17:31:49.011169Z celld-2 /cell/h2-152 done
2026-09-30T17:31:49.925285Z celld-2 /cell/h2-174 start
2026-09-30T17:31:49.925505Z celld-2 /cell/h2-174 stored
2026-09-30T17:31:49.925545Z celld-2 /cell/h2-174 facet
2026-09-30T17:31:50.474967Z celld-2 /cell/h2-181 start
2026-09-30T17:31:50.475228Z celld-2 /cell/h2-181 stored
2026-09-30T17:31:50.475270Z celld-2 /cell/h2-181 facet
2026-09-30T17:31:50.475310Z celld-2 /cell/h2-181 load
2026-09-30T17:31:50.483198Z celld-2 /cell/h2-181 loaded
2026-09-30T17:31:50.644666Z celld-2 /cell/h2-166 done
2026-09-30T17:31:50.644874Z celld-2 /cell/h2-168 done
2026-09-30T17:31:50.645044Z celld-2 /cell/h2-167 done
2026-09-30T17:31:50.778840Z celld-2 /cell/h2-183 start
2026-09-30T17:31:50.779077Z celld-2 /cell/h2-183 stored
2026-09-30T17:31:50.779131Z celld-2 /cell/h2-183 facet
2026-09-30T17:31:50.854912Z celld-2 /cell/h2-184 start
2026-09-30T17:31:50.855101Z celld-2 /cell/h2-184 stored
2026-09-30T17:31:50.855134Z celld-2 /cell/h2-184 facet
2026-09-30T17:31:51.174219Z celld-2 /cell/h2-170 done
2026-09-30T17:31:51.174468Z celld-2 /cell/h2-171 done
2026-09-30T17:31:51.512986Z celld-2 /cell/h2-191 start
2026-09-30T17:31:51.513226Z celld-2 /cell/h2-191 stored
2026-09-30T17:31:51.513257Z celld-2 /cell/h2-191 facet
2026-09-30T17:31:51.585021Z celld-2 /cell/h2-192 start
2026-09-30T17:31:51.585175Z celld-2 /cell/h2-192 stored
2026-09-30T17:31:51.585235Z celld-2 /cell/h2-192 facet
2026-09-30T17:31:52.086211Z celld-2 /cell/h2-174 done
2026-09-30T17:31:52.460750Z celld-2 /cell/h2-195 start
2026-09-30T17:31:52.460967Z celld-2 /cell/h2-195 stored
2026-09-30T17:31:52.460988Z celld-2 /cell/h2-195 facet
2026-09-30T17:31:52.520745Z celld-2 /cell/h2-197 start
2026-09-30T17:31:52.520890Z celld-2 /cell/h2-197 stored
2026-09-30T17:31:52.520919Z celld-2 /cell/h2-197 facet
2026-09-30T17:31:52.660721Z celld-2 /cell/h2-181 done
2026-09-30T17:31:52.732660Z celld-2 /cell/h2-198 start
2026-09-30T17:31:52.732810Z celld-2 /cell/h2-198 stored
2026-09-30T17:31:52.732840Z celld-2 /cell/h2-198 facet
2026-09-30T17:31:53.079054Z celld-2 /cell/h2-204 start
2026-09-30T17:31:53.079267Z celld-2 /cell/h2-204 stored
2026-09-30T17:31:53.079307Z celld-2 /cell/h2-204 facet
2026-09-30T17:31:53.723043Z celld-2 /cell/h2-184 done
2026-09-30T17:31:53.723274Z celld-2 /cell/h2-183 done
2026-09-30T17:31:53.886496Z celld-2 /cell/h2-211 start
2026-09-30T17:31:53.886680Z celld-2 /cell/h2-211 stored
2026-09-30T17:31:53.886723Z celld-2 /cell/h2-211 facet
2026-09-30T17:31:54.111313Z celld-2 /cell/h2-191 done
2026-09-30T17:31:54.647459Z celld-2 /cell/h2-197 done
2026-09-30T17:31:54.647796Z celld-2 /cell/h2-192 done
2026-09-30T17:31:54.647955Z celld-2 /cell/h2-195 done
2026-09-30T17:31:55.134868Z celld-2 /cell/h2-212 start
2026-09-30T17:31:55.134997Z celld-2 /cell/h2-212 stored
2026-09-30T17:31:55.135023Z celld-2 /cell/h2-212 facet
2026-09-30T17:31:55.386173Z celld-2 /cell/h2-216 start
2026-09-30T17:31:55.386359Z celld-2 /cell/h2-216 stored
2026-09-30T17:31:55.386406Z celld-2 /cell/h2-216 facet
2026-09-30T17:31:55.873934Z celld-2 /cell/h2-204 done
2026-09-30T17:31:55.874364Z celld-2 /cell/h2-198 done
2026-09-30T17:31:56.507135Z celld-2 /cell/h2-228 start
2026-09-30T17:31:56.507343Z celld-2 /cell/h2-228 stored
2026-09-30T17:31:56.507377Z celld-2 /cell/h2-228 facet
2026-09-30T17:31:56.662762Z celld-2 /cell/h2-211 done
2026-09-30T17:31:56.918540Z celld-2 /cell/h2-231 start
2026-09-30T17:31:56.918725Z celld-2 /cell/h2-231 stored
2026-09-30T17:31:56.918757Z celld-2 /cell/h2-231 facet
2026-09-30T17:31:57.142819Z celld-2 /cell/h2-212 done
2026-09-30T17:31:57.143110Z celld-2 /cell/h2-216 done
2026-09-30T17:31:57.673683Z celld-2 /cell/h2-232 start
2026-09-30T17:31:57.673863Z celld-2 /cell/h2-232 stored
2026-09-30T17:31:57.673882Z celld-2 /cell/h2-232 facet
2026-09-30T17:31:58.982297Z celld-2 /cell/h2-240 start
2026-09-30T17:31:58.982415Z celld-2 /cell/h2-240 stored
2026-09-30T17:31:58.982433Z celld-2 /cell/h2-240 facet
2026-09-30T17:31:59.076421Z celld-2 /cell/h2-241 start
2026-09-30T17:31:59.076587Z celld-2 /cell/h2-241 stored
2026-09-30T17:31:59.076616Z celld-2 /cell/h2-241 facet
2026-09-30T17:31:59.108755Z celld-2 /cell/h2-242 start
2026-09-30T17:31:59.108930Z celld-2 /cell/h2-242 stored
2026-09-30T17:31:59.109008Z celld-2 /cell/h2-242 facet
2026-09-30T17:31:59.651297Z celld-2 /cell/h2-248 start
2026-09-30T17:31:59.651480Z celld-2 /cell/h2-248 stored
2026-09-30T17:31:59.651523Z celld-2 /cell/h2-248 facet
2026-09-30T17:31:59.741376Z celld-2 /cell/h2-231 done
2026-09-30T17:31:59.741821Z celld-2 /cell/h2-232 done
2026-09-30T17:31:59.742073Z celld-2 /cell/h2-228 done
2026-09-30T17:32:00.184578Z celld-2 /cell/h2-250 start
2026-09-30T17:32:00.184744Z celld-2 /cell/h2-250 stored
2026-09-30T17:32:00.184777Z celld-2 /cell/h2-250 facet
2026-09-30T17:32:00.988148Z celld-2 /cell/h2-251 start
2026-09-30T17:32:00.988323Z celld-2 /cell/h2-251 stored
2026-09-30T17:32:00.988353Z celld-2 /cell/h2-251 facet
2026-09-30T17:32:01.890203Z celld-2 /cell/h2-240 done
2026-09-30T17:32:01.890460Z celld-2 /cell/h2-241 done
2026-09-30T17:32:01.890655Z celld-2 /cell/h2-242 done
2026-09-30T17:32:02.496402Z celld-2 /cell/h2-260 start
2026-09-30T17:32:02.496576Z celld-2 /cell/h2-260 stored
2026-09-30T17:32:02.496610Z celld-2 /cell/h2-260 facet
2026-09-30T17:32:02.593671Z celld-2 /cell/h2-248 done
2026-09-30T17:32:02.877012Z celld-2 /cell/h2-251 done
2026-09-30T17:32:02.877238Z celld-2 /cell/h2-250 done
2026-09-30T17:32:02.953815Z celld-2 /cell/h2-264 start
2026-09-30T17:32:02.954116Z celld-2 /cell/h2-264 stored
2026-09-30T17:32:02.954138Z celld-2 /cell/h2-264 facet
2026-09-30T17:32:02.957035Z celld-2 /cell/h2-267 start
2026-09-30T17:32:02.957241Z celld-2 /cell/h2-267 stored
2026-09-30T17:32:02.957311Z celld-2 /cell/h2-267 facet
2026-09-30T17:32:03.239962Z celld-2 /cell/h2-269 start
2026-09-30T17:32:03.240136Z celld-2 /cell/h2-269 stored
2026-09-30T17:32:03.240168Z celld-2 /cell/h2-269 facet
2026-09-30T17:32:04.168139Z celld-2 /cell/h2-270 start
2026-09-30T17:32:04.168266Z celld-2 /cell/h2-270 stored
2026-09-30T17:32:04.168293Z celld-2 /cell/h2-270 facet
2026-09-30T17:32:04.182943Z celld-2 /cell/h2-260 done
2026-09-30T17:32:04.249171Z celld-2 /cell/h2-272 start
2026-09-30T17:32:04.249398Z celld-2 /cell/h2-272 stored
2026-09-30T17:32:04.249440Z celld-2 /cell/h2-272 facet
2026-09-30T17:32:04.407826Z celld-2 /cell/h2-264 done
2026-09-30T17:32:04.877299Z celld-2 /cell/h2-267 done
2026-09-30T17:32:05.373410Z celld-2 /cell/h2-278 start
2026-09-30T17:32:05.373568Z celld-2 /cell/h2-278 stored
2026-09-30T17:32:05.373586Z celld-2 /cell/h2-278 facet
2026-09-30T17:32:05.741823Z celld-2 /cell/h2-282 start
2026-09-30T17:32:05.741923Z celld-2 /cell/h2-282 stored
2026-09-30T17:32:05.741941Z celld-2 /cell/h2-282 facet
2026-09-30T17:32:05.899593Z celld-2 /cell/h2-269 done
2026-09-30T17:32:06.060483Z celld-2 /cell/h2-286 start
2026-09-30T17:32:06.060662Z celld-2 /cell/h2-286 stored
2026-09-30T17:32:06.060692Z celld-2 /cell/h2-286 facet
2026-09-30T17:32:06.130830Z celld-2 /cell/h2-285 start
2026-09-30T17:32:06.130929Z celld-2 /cell/h2-285 stored
2026-09-30T17:32:06.130938Z celld-2 /cell/h2-285 facet
2026-09-30T17:32:06.648659Z celld-2 /cell/h2-291 start
2026-09-30T17:32:06.648812Z celld-2 /cell/h2-291 stored
2026-09-30T17:32:06.648838Z celld-2 /cell/h2-291 facet
2026-09-30T17:32:06.826172Z celld-2 /cell/h2-270 done
2026-09-30T17:32:06.826500Z celld-2 /cell/h2-272 done
2026-09-30T17:32:07.674761Z celld-2 /cell/h2-278 done
2026-09-30T17:32:07.844031Z celld-2 /cell/h2-294 start
2026-09-30T17:32:07.844223Z celld-2 /cell/h2-294 stored
2026-09-30T17:32:07.844254Z celld-2 /cell/h2-294 facet
2026-09-30T17:32:07.903220Z celld-2 /cell/h2-296 start
2026-09-30T17:32:07.903334Z celld-2 /cell/h2-296 stored
2026-09-30T17:32:07.903368Z celld-2 /cell/h2-296 facet
2026-09-30T17:32:07.938760Z celld-2 /cell/h2-297 start
2026-09-30T17:32:07.938992Z celld-2 /cell/h2-297 stored
2026-09-30T17:32:07.939034Z celld-2 /cell/h2-297 facet
2026-09-30T17:32:08.161955Z celld-2 /cell/h2-282 done
2026-09-30T17:32:08.481245Z celld-2 /cell/h2-299 start
2026-09-30T17:32:08.481360Z celld-2 /cell/h2-299 stored
2026-09-30T17:32:08.481377Z celld-2 /cell/h2-299 facet
2026-09-30T17:32:08.481850Z celld-2 /cell/h2-298 start
2026-09-30T17:32:08.482105Z celld-2 /cell/h2-298 stored
2026-09-30T17:32:08.482147Z celld-2 /cell/h2-298 facet
2026-09-30T17:32:08.784583Z celld-2 /cell/h2-286 done
2026-09-30T17:32:08.785278Z celld-2 /cell/h2-285 done
2026-09-30T17:32:08.855945Z celld-2 /cell/h2-291 done
2026-09-30T17:32:09.174954Z celld-2 /cell/h2-303 start
2026-09-30T17:32:09.175148Z celld-2 /cell/h2-303 stored
2026-09-30T17:32:09.175179Z celld-2 /cell/h2-303 facet
2026-09-30T17:32:09.198298Z celld-2 /cell/h2-302 start
2026-09-30T17:32:09.198428Z celld-2 /cell/h2-302 stored
2026-09-30T17:32:09.198438Z celld-2 /cell/h2-302 facet
2026-09-30T17:32:09.534375Z celld-2 /cell/h2-306 start
2026-09-30T17:32:09.534551Z celld-2 /cell/h2-306 stored
2026-09-30T17:32:09.534713Z celld-2 /cell/h2-306 facet
2026-09-30T17:32:09.593905Z celld-2 /cell/h2-307 start
2026-09-30T17:32:09.594175Z celld-2 /cell/h2-307 stored
2026-09-30T17:32:09.594209Z celld-2 /cell/h2-307 facet
2026-09-30T17:32:10.475732Z celld-2 /cell/h2-310 start
2026-09-30T17:32:10.475867Z celld-2 /cell/h2-310 stored
2026-09-30T17:32:10.475892Z celld-2 /cell/h2-310 facet
2026-09-30T17:32:10.476626Z celld-2 /cell/h2-308 start
2026-09-30T17:32:10.476735Z celld-2 /cell/h2-308 stored
2026-09-30T17:32:10.476749Z celld-2 /cell/h2-308 facet
2026-09-30T17:32:10.854437Z celld-2 /cell/h2-311 start
2026-09-30T17:32:10.854695Z celld-2 /cell/h2-311 stored
2026-09-30T17:32:10.854715Z celld-2 /cell/h2-311 facet
2026-09-30T17:32:10.854906Z celld-2 /cell/h2-296 done
2026-09-30T17:32:10.855158Z celld-2 /cell/h2-297 done
2026-09-30T17:32:10.855607Z celld-2 /cell/h2-294 done
2026-09-30T17:32:11.491211Z celld-2 /cell/h2-317 start
2026-09-30T17:32:11.491394Z celld-2 /cell/h2-317 stored
2026-09-30T17:32:11.491425Z celld-2 /cell/h2-317 facet
2026-09-30T17:32:11.839706Z celld-2 /cell/h2-298 done
2026-09-30T17:32:11.839846Z celld-2 /cell/h2-299 done
2026-09-30T17:32:12.646672Z celld-2 /cell/h2-322 start
2026-09-30T17:32:12.646804Z celld-2 /cell/h2-322 stored
2026-09-30T17:32:12.646833Z celld-2 /cell/h2-322 facet
2026-09-30T17:32:12.794174Z celld-2 /cell/h2-323 start
2026-09-30T17:32:12.794417Z celld-2 /cell/h2-323 stored
2026-09-30T17:32:12.794440Z celld-2 /cell/h2-323 facet
2026-09-30T17:32:12.839708Z celld-2 /cell/h2-302 done
2026-09-30T17:32:12.839882Z celld-2 /cell/h2-307 done
2026-09-30T17:32:12.840098Z celld-2 /cell/h2-303 done
2026-09-30T17:32:12.840253Z celld-2 /cell/h2-308 done
2026-09-30T17:32:12.840508Z celld-2 /cell/h2-306 done
2026-09-30T17:32:12.840639Z celld-2 /cell/h2-310 done
2026-09-30T17:32:13.961588Z celld-2 /cell/h2-311 done
2026-09-30T17:32:13.961878Z celld-2 /cell/h2-317 done
2026-09-30T17:32:14.206970Z celld-2 /cell/h2-329 start
2026-09-30T17:32:14.207247Z celld-2 /cell/h2-329 stored
2026-09-30T17:32:14.207301Z celld-2 /cell/h2-329 facet
2026-09-30T17:32:14.207341Z celld-2 /cell/h2-329 load
2026-09-30T17:32:14.214481Z celld-2 /cell/h2-329 loaded
2026-09-30T17:32:15.179251Z celld-2 /cell/h2-336 start
2026-09-30T17:32:15.179413Z celld-2 /cell/h2-336 stored
2026-09-30T17:32:15.179452Z celld-2 /cell/h2-336 facet
2026-09-30T17:32:15.194488Z celld-2 /cell/h2-322 done
2026-09-30T17:32:15.195070Z celld-2 /cell/h2-323 done
2026-09-30T17:32:15.276482Z celld-2 /cell/h2-339 start
2026-09-30T17:32:15.276698Z celld-2 /cell/h2-339 stored
2026-09-30T17:32:15.276732Z celld-2 /cell/h2-339 facet
2026-09-30T17:32:15.303590Z celld-2 /cell/h2-340 start
2026-09-30T17:32:15.303713Z celld-2 /cell/h2-340 stored
2026-09-30T17:32:15.303754Z celld-2 /cell/h2-340 facet
2026-09-30T17:32:16.288226Z celld-2 /cell/h2-329 done
2026-09-30T17:32:16.642454Z celld-2 /cell/h2-345 start
2026-09-30T17:32:16.642579Z celld-2 /cell/h2-345 stored
2026-09-30T17:32:16.642591Z celld-2 /cell/h2-345 facet
2026-09-30T17:32:17.426094Z celld-2 /cell/h2-347 start
2026-09-30T17:32:17.426272Z celld-2 /cell/h2-347 stored
2026-09-30T17:32:17.426328Z celld-2 /cell/h2-347 facet
2026-09-30T17:32:17.443708Z celld-2 /cell/h2-348 start
2026-09-30T17:32:17.443815Z celld-2 /cell/h2-348 stored
2026-09-30T17:32:17.443844Z celld-2 /cell/h2-348 facet
2026-09-30T17:32:17.493918Z celld-2 /cell/h2-336 done
2026-09-30T17:32:17.778659Z celld-2 /cell/h2-353 start
2026-09-30T17:32:17.778822Z celld-2 /cell/h2-353 stored
2026-09-30T17:32:17.778864Z celld-2 /cell/h2-353 facet
2026-09-30T17:32:18.042243Z celld-2 /cell/h2-339 done
2026-09-30T17:32:18.043081Z celld-2 /cell/h2-340 done
2026-09-30T17:32:19.172295Z celld-2 /cell/h2-365 start
2026-09-30T17:32:19.172419Z celld-2 /cell/h2-365 stored
2026-09-30T17:32:19.172438Z celld-2 /cell/h2-365 facet
2026-09-30T17:32:19.173981Z celld-2 /cell/h2-345 done
2026-09-30T17:32:19.581206Z celld-2 /cell/h2-367 start
2026-09-30T17:32:19.581360Z celld-2 /cell/h2-367 stored
2026-09-30T17:32:19.581384Z celld-2 /cell/h2-367 facet
2026-09-30T17:32:20.011539Z celld-2 /cell/h2-347 done
2026-09-30T17:32:20.011549Z celld-2 /cell/h2-353 done
2026-09-30T17:32:20.012199Z celld-2 /cell/h2-348 done
2026-09-30T17:32:20.866187Z celld-2 /cell/h2-369 start
2026-09-30T17:32:20.866325Z celld-2 /cell/h2-369 stored
2026-09-30T17:32:20.866366Z celld-2 /cell/h2-369 facet
2026-09-30T17:32:21.718945Z celld-2 /cell/h2-371 start
2026-09-30T17:32:21.719264Z celld-2 /cell/h2-371 stored
2026-09-30T17:32:21.719286Z celld-2 /cell/h2-371 facet
2026-09-30T17:32:21.880456Z celld-2 /cell/h2-373 start
2026-09-30T17:32:21.880551Z celld-2 /cell/h2-373 stored
2026-09-30T17:32:21.880565Z celld-2 /cell/h2-373 facet
2026-09-30T17:32:21.880813Z celld-2 /cell/h2-374 start
2026-09-30T17:32:21.880946Z celld-2 /cell/h2-374 stored
2026-09-30T17:32:21.880965Z celld-2 /cell/h2-374 facet
2026-09-30T17:32:22.137888Z celld-2 /cell/h2-365 done
2026-09-30T17:32:22.138309Z celld-2 /cell/h2-367 done
2026-09-30T17:32:22.578453Z celld-2 /cell/h2-369 done
2026-09-30T17:32:22.776769Z celld-2 /cell/h2-381 start
2026-09-30T17:32:22.776917Z celld-2 /cell/h2-381 stored
2026-09-30T17:32:22.776936Z celld-2 /cell/h2-381 facet
2026-09-30T17:32:22.801781Z celld-2 /cell/h2-379 start
2026-09-30T17:32:22.801935Z celld-2 /cell/h2-379 stored
2026-09-30T17:32:22.801958Z celld-2 /cell/h2-379 facet
2026-09-30T17:32:22.819672Z celld-2 /cell/h2-380 start
2026-09-30T17:32:22.819789Z celld-2 /cell/h2-380 stored
2026-09-30T17:32:22.819803Z celld-2 /cell/h2-380 facet
2026-09-30T17:32:23.451741Z celld-2 /cell/h2-386 start
2026-09-30T17:32:23.451842Z celld-2 /cell/h2-386 stored
2026-09-30T17:32:23.451854Z celld-2 /cell/h2-386 facet
2026-09-30T17:32:23.452801Z celld-2 /cell/h2-385 start
2026-09-30T17:32:23.453114Z celld-2 /cell/h2-385 stored
2026-09-30T17:32:23.453138Z celld-2 /cell/h2-385 facet
2026-09-30T17:32:23.626372Z celld-2 /cell/h2-371 done
2026-09-30T17:32:24.007508Z celld-2 /cell/h2-388 start
2026-09-30T17:32:24.007751Z celld-2 /cell/h2-388 stored
2026-09-30T17:32:24.007799Z celld-2 /cell/h2-388 facet
2026-09-30T17:32:24.181731Z celld-2 /cell/h2-373 done
2026-09-30T17:32:24.460213Z celld-2 /cell/h2-374 done
2026-09-30T17:32:25.109321Z celld-2 /cell/h2-394 start
2026-09-30T17:32:25.109547Z celld-2 /cell/h2-394 stored
2026-09-30T17:32:25.109581Z celld-2 /cell/h2-394 facet
2026-09-30T17:32:25.350492Z celld-2 /cell/h2-379 done
2026-09-30T17:32:25.351454Z celld-2 /cell/h2-380 done
2026-09-30T17:32:25.351780Z celld-2 /cell/h2-381 done
2026-09-30T17:32:25.947660Z celld-2 /cell/h2-385 done
2026-09-30T17:32:26.988208Z celld-2 /cell/h2-406 start
2026-09-30T17:32:26.988402Z celld-2 /cell/h2-406 stored
2026-09-30T17:32:26.988429Z celld-2 /cell/h2-406 facet
2026-09-30T17:32:27.024759Z celld-2 /cell/h2-388 done
2026-09-30T17:32:27.025357Z celld-2 /cell/h2-386 done
2026-09-30T17:32:27.030320Z celld-2 /cell/h2-405 start
2026-09-30T17:32:27.030430Z celld-2 /cell/h2-405 stored
2026-09-30T17:32:27.030446Z celld-2 /cell/h2-405 facet
2026-09-30T17:32:27.030860Z celld-2 /cell/h2-407 start
2026-09-30T17:32:27.031163Z celld-2 /cell/h2-407 stored
2026-09-30T17:32:27.031177Z celld-2 /cell/h2-407 facet
2026-09-30T17:32:27.182117Z celld-2 /cell/h2-409 start
2026-09-30T17:32:27.182235Z celld-2 /cell/h2-409 stored
2026-09-30T17:32:27.182254Z celld-2 /cell/h2-409 facet
2026-09-30T17:32:27.182653Z celld-2 /cell/h2-410 start
2026-09-30T17:32:27.182751Z celld-2 /cell/h2-410 stored
2026-09-30T17:32:27.182772Z celld-2 /cell/h2-410 facet
2026-09-30T17:32:27.389929Z celld-2 /cell/h2-412 start
2026-09-30T17:32:27.390157Z celld-2 /cell/h2-412 stored
2026-09-30T17:32:27.390207Z celld-2 /cell/h2-412 facet
2026-09-30T17:32:27.750407Z celld-2 /cell/h2-394 done
2026-09-30T17:32:28.140831Z celld-2 /cell/h2-413 start
2026-09-30T17:32:28.141061Z celld-2 /cell/h2-413 stored
2026-09-30T17:32:28.141104Z celld-2 /cell/h2-413 facet
2026-09-30T17:32:28.217832Z celld-2 /cell/h2-414 start
2026-09-30T17:32:28.217972Z celld-2 /cell/h2-414 stored
2026-09-30T17:32:28.218004Z celld-2 /cell/h2-414 facet
2026-09-30T17:32:28.821568Z celld-2 /cell/h2-415 start
2026-09-30T17:32:28.821762Z celld-2 /cell/h2-415 stored
2026-09-30T17:32:28.821797Z celld-2 /cell/h2-415 facet
2026-09-30T17:32:29.546904Z celld-2 /cell/h2-406 done
2026-09-30T17:32:29.819410Z celld-2 /cell/h2-425 start
2026-09-30T17:32:29.819555Z celld-2 /cell/h2-425 stored
2026-09-30T17:32:29.819584Z celld-2 /cell/h2-425 facet
2026-09-30T17:32:29.862852Z celld-2 /cell/h2-410 done
2026-09-30T17:32:29.863119Z celld-2 /cell/h2-409 done
2026-09-30T17:32:29.863331Z celld-2 /cell/h2-405 done
2026-09-30T17:32:29.863447Z celld-2 /cell/h2-407 done
2026-09-30T17:32:29.892472Z celld-2 /cell/h2-427 start
2026-09-30T17:32:29.892710Z celld-2 /cell/h2-427 stored
2026-09-30T17:32:29.892739Z celld-2 /cell/h2-427 facet
2026-09-30T17:32:30.936435Z celld-2 /cell/h2-414 done
2026-09-30T17:32:31.356866Z celld-2 /cell/h2-429 start
2026-09-30T17:32:31.357036Z celld-2 /cell/h2-429 stored
2026-09-30T17:32:31.357061Z celld-2 /cell/h2-429 facet
2026-09-30T17:32:31.415613Z celld-2 /cell/h2-412 done
2026-09-30T17:32:31.415911Z celld-2 /cell/h2-413 done
2026-09-30T17:32:31.760375Z celld-2 /cell/h2-415 done
2026-09-30T17:32:32.279381Z celld-2 /cell/h2-427 done
2026-09-30T17:32:32.578683Z celld-2 /cell/h2-425 done
2026-09-30T17:32:32.801074Z celld-2 /cell/h2-434 start
2026-09-30T17:32:32.801301Z celld-2 /cell/h2-434 stored
2026-09-30T17:32:32.801361Z celld-2 /cell/h2-434 facet
2026-09-30T17:32:33.212727Z celld-2 /cell/h2-439 start
2026-09-30T17:32:33.212940Z celld-2 /cell/h2-439 stored
2026-09-30T17:32:33.212970Z celld-2 /cell/h2-439 facet
2026-09-30T17:32:33.271833Z celld-2 /cell/h2-436 start
2026-09-30T17:32:33.272002Z celld-2 /cell/h2-436 stored
2026-09-30T17:32:33.272030Z celld-2 /cell/h2-436 facet
2026-09-30T17:32:33.399241Z celld-2 /cell/h2-442 start
2026-09-30T17:32:33.399406Z celld-2 /cell/h2-442 stored
2026-09-30T17:32:33.399438Z celld-2 /cell/h2-442 facet
2026-09-30T17:32:33.402000Z celld-2 /cell/h2-444 start
2026-09-30T17:32:33.402122Z celld-2 /cell/h2-444 stored
2026-09-30T17:32:33.402163Z celld-2 /cell/h2-444 facet
2026-09-30T17:32:33.564319Z celld-2 /cell/h2-429 done
2026-09-30T17:32:33.760626Z celld-2 /cell/h2-447 start
2026-09-30T17:32:33.760776Z celld-2 /cell/h2-447 stored
2026-09-30T17:32:33.760792Z celld-2 /cell/h2-447 facet
2026-09-30T17:32:33.762348Z celld-2 /cell/h2-446 start
2026-09-30T17:32:33.762545Z celld-2 /cell/h2-446 stored
2026-09-30T17:32:33.762611Z celld-2 /cell/h2-446 facet
2026-09-30T17:32:33.812426Z celld-2 /cell/h2-449 start
2026-09-30T17:32:33.812592Z celld-2 /cell/h2-449 stored
2026-09-30T17:32:33.812630Z celld-2 /cell/h2-449 facet
2026-09-30T17:32:33.813186Z celld-2 /cell/h2-448 start
2026-09-30T17:32:33.813425Z celld-2 /cell/h2-448 stored
2026-09-30T17:32:33.813453Z celld-2 /cell/h2-448 facet
2026-09-30T17:32:34.724105Z celld-2 /cell/h2-450 start
2026-09-30T17:32:34.724267Z celld-2 /cell/h2-450 stored
2026-09-30T17:32:34.724314Z celld-2 /cell/h2-450 facet
2026-09-30T17:32:34.724966Z celld-2 /cell/h2-451 start
2026-09-30T17:32:34.725165Z celld-2 /cell/h2-451 stored
2026-09-30T17:32:34.725275Z celld-2 /cell/h2-451 facet
2026-09-30T17:32:35.207782Z celld-2 /cell/h2-452 start
2026-09-30T17:32:35.207936Z celld-2 /cell/h2-452 stored
2026-09-30T17:32:35.207964Z celld-2 /cell/h2-452 facet
2026-09-30T17:32:35.767181Z celld-2 /cell/h2-434 done
2026-09-30T17:32:35.767539Z celld-2 /cell/h2-444 done
2026-09-30T17:32:35.767712Z celld-2 /cell/h2-436 done
2026-09-30T17:32:35.767922Z celld-2 /cell/h2-442 done
2026-09-30T17:32:35.768101Z celld-2 /cell/h2-439 done
2026-09-30T17:32:36.150682Z celld-2 /cell/h2-459 start
2026-09-30T17:32:36.150881Z celld-2 /cell/h2-459 stored
2026-09-30T17:32:36.150907Z celld-2 /cell/h2-459 facet
2026-09-30T17:32:36.160727Z celld-2 /cell/h2-457 start
2026-09-30T17:32:36.160931Z celld-2 /cell/h2-457 stored
2026-09-30T17:32:36.160970Z celld-2 /cell/h2-457 facet
2026-09-30T17:32:36.721135Z celld-2 /cell/h2-449 done
2026-09-30T17:32:36.721145Z celld-2 /cell/h2-447 done
2026-09-30T17:32:36.721528Z celld-2 /cell/h2-446 done
2026-09-30T17:32:36.721804Z celld-2 /cell/h2-448 done
2026-09-30T17:32:36.883663Z celld-2 /cell/h2-463 start
2026-09-30T17:32:36.883778Z celld-2 /cell/h2-463 stored
2026-09-30T17:32:36.883815Z celld-2 /cell/h2-463 facet
2026-09-30T17:32:37.287664Z celld-2 /cell/h2-451 done
2026-09-30T17:32:37.818815Z celld-2 /cell/h2-450 done
2026-09-30T17:32:37.819110Z celld-2 /cell/h2-452 done
2026-09-30T17:32:38.007564Z celld-2 /cell/h2-465 start
2026-09-30T17:32:38.007734Z celld-2 /cell/h2-465 stored
2026-09-30T17:32:38.007770Z celld-2 /cell/h2-465 facet
2026-09-30T17:32:38.223920Z celld-2 /cell/h2-466 start
2026-09-30T17:32:38.224044Z celld-2 /cell/h2-466 stored
2026-09-30T17:32:38.224061Z celld-2 /cell/h2-466 facet
2026-09-30T17:32:38.535036Z celld-2 /cell/h2-457 done
2026-09-30T17:32:38.535058Z celld-2 /cell/h2-459 done
2026-09-30T17:32:38.641984Z celld-2 /cell/h2-472 start
2026-09-30T17:32:38.642114Z celld-2 /cell/h2-472 stored
2026-09-30T17:32:38.642133Z celld-2 /cell/h2-472 facet
2026-09-30T17:32:39.087711Z celld-2 /cell/h2-480 start
2026-09-30T17:32:39.087826Z celld-2 /cell/h2-480 stored
2026-09-30T17:32:39.087852Z celld-2 /cell/h2-480 facet
2026-09-30T17:32:39.088187Z celld-2 /cell/h2-482 start
2026-09-30T17:32:39.088494Z celld-2 /cell/h2-482 stored
2026-09-30T17:32:39.088569Z celld-2 /cell/h2-482 facet
2026-09-30T17:32:39.216714Z celld-2 /cell/h2-463 done
2026-09-30T17:32:39.822161Z celld-2 /cell/h2-465 done
2026-09-30T17:32:39.822438Z celld-2 /cell/h2-466 done
2026-09-30T17:32:40.324840Z celld-2 /cell/h2-486 start
2026-09-30T17:32:40.325171Z celld-2 /cell/h2-486 stored
2026-09-30T17:32:40.325211Z celld-2 /cell/h2-486 facet
2026-09-30T17:32:40.796112Z celld-2 /cell/h2-472 done
2026-09-30T17:32:40.796815Z celld-2 /cell/h2-482 done
2026-09-30T17:32:41.258597Z celld-2 /cell/h2-480 done
2026-09-30T17:32:41.456620Z celld-2 /cell/h2-489 start
2026-09-30T17:32:41.456741Z celld-2 /cell/h2-489 stored
2026-09-30T17:32:41.456769Z celld-2 /cell/h2-489 facet
2026-09-30T17:32:42.139270Z celld-2 /cell/h2-486 done
2026-09-30T17:32:42.339849Z celld-2 /cell/h2-501 start
2026-09-30T17:32:42.339985Z celld-2 /cell/h2-501 stored
2026-09-30T17:32:42.340020Z celld-2 /cell/h2-501 facet
2026-09-30T17:32:42.464766Z celld-2 /cell/h2-499 start
2026-09-30T17:32:42.465091Z celld-2 /cell/h2-499 stored
2026-09-30T17:32:42.465126Z celld-2 /cell/h2-499 facet
2026-09-30T17:32:42.816334Z celld-2 /cell/h2-505 start
2026-09-30T17:32:42.816480Z celld-2 /cell/h2-505 stored
2026-09-30T17:32:42.816505Z celld-2 /cell/h2-505 facet
2026-09-30T17:32:43.377564Z celld-2 /cell/h2-508 start
2026-09-30T17:32:43.377678Z celld-2 /cell/h2-508 stored
2026-09-30T17:32:43.377703Z celld-2 /cell/h2-508 facet
2026-09-30T17:32:44.247445Z celld-2 /cell/h2-489 done
2026-09-30T17:32:44.530142Z celld-2 /cell/h2-511 start
2026-09-30T17:32:44.530327Z celld-2 /cell/h2-511 stored
2026-09-30T17:32:44.530356Z celld-2 /cell/h2-511 facet
2026-09-30T17:32:44.719680Z celld-2 /cell/h2-513 start
2026-09-30T17:32:44.719842Z celld-2 /cell/h2-513 stored
2026-09-30T17:32:44.719868Z celld-2 /cell/h2-513 facet
2026-09-30T17:32:44.757463Z celld-2 /cell/h2-512 start
2026-09-30T17:32:44.757580Z celld-2 /cell/h2-512 stored
2026-09-30T17:32:44.757602Z celld-2 /cell/h2-512 facet
2026-09-30T17:32:44.839316Z celld-2 /cell/h2-514 start
2026-09-30T17:32:44.839451Z celld-2 /cell/h2-514 stored
2026-09-30T17:32:44.839472Z celld-2 /cell/h2-514 facet
2026-09-30T17:32:45.213759Z celld-2 /cell/h2-516 start
2026-09-30T17:32:45.213869Z celld-2 /cell/h2-516 stored
2026-09-30T17:32:45.213892Z celld-2 /cell/h2-516 facet
2026-09-30T17:32:45.406253Z celld-2 /cell/h2-505 done
2026-09-30T17:32:45.406475Z celld-2 /cell/h2-499 done
2026-09-30T17:32:45.406781Z celld-2 /cell/h2-501 done
2026-09-30T17:32:45.412162Z celld-2 /cell/h2-518 start
2026-09-30T17:32:45.412359Z celld-2 /cell/h2-518 stored
2026-09-30T17:32:45.412385Z celld-2 /cell/h2-518 facet
2026-09-30T17:32:45.987021Z celld-2 /cell/h2-508 done
2026-09-30T17:32:46.039977Z celld-2 /cell/h2-523 start
2026-09-30T17:32:46.040189Z celld-2 /cell/h2-523 stored
2026-09-30T17:32:46.040218Z celld-2 /cell/h2-523 facet
2026-09-30T17:32:46.040861Z celld-2 /cell/h2-524 start
2026-09-30T17:32:46.041123Z celld-2 /cell/h2-524 stored
2026-09-30T17:32:46.041143Z celld-2 /cell/h2-524 facet
2026-09-30T17:32:47.281096Z celld-2 /cell/h2-529 start
2026-09-30T17:32:47.281253Z celld-2 /cell/h2-529 stored
2026-09-30T17:32:47.281278Z celld-2 /cell/h2-529 facet
2026-09-30T17:32:47.532367Z celld-2 /cell/h2-532 start
2026-09-30T17:32:47.532556Z celld-2 /cell/h2-532 stored
2026-09-30T17:32:47.532596Z celld-2 /cell/h2-532 facet
2026-09-30T17:32:47.757937Z celld-2 /cell/h2-513 done
2026-09-30T17:32:47.758125Z celld-2 /cell/h2-512 done
2026-09-30T17:32:47.758533Z celld-2 /cell/h2-514 done
2026-09-30T17:32:47.760210Z celld-2 /cell/h2-511 done
2026-09-30T17:32:47.871485Z celld-2 /cell/h2-516 done
2026-09-30T17:32:48.521155Z celld-2 /cell/h2-518 done
2026-09-30T17:32:48.877465Z celld-2 /cell/h2-524 done
2026-09-30T17:32:48.877965Z celld-2 /cell/h2-523 done
2026-09-30T17:32:49.025577Z celld-2 /cell/h2-537 start
2026-09-30T17:32:49.025781Z celld-2 /cell/h2-537 stored
2026-09-30T17:32:49.025800Z celld-2 /cell/h2-537 facet
2026-09-30T17:32:49.803070Z celld-2 /cell/h2-529 done
2026-09-30T17:32:49.886307Z celld-2 /cell/h2-540 start
2026-09-30T17:32:49.886446Z celld-2 /cell/h2-540 stored
2026-09-30T17:32:49.886469Z celld-2 /cell/h2-540 facet
2026-09-30T17:32:49.934467Z celld-2 /cell/h2-532 done
2026-09-30T17:32:50.046936Z celld-2 /cell/h2-541 start
2026-09-30T17:32:50.047077Z celld-2 /cell/h2-541 stored
2026-09-30T17:32:50.047110Z celld-2 /cell/h2-541 facet
2026-09-30T17:32:50.221858Z celld-2 /cell/h2-542 start
2026-09-30T17:32:50.222027Z celld-2 /cell/h2-542 stored
2026-09-30T17:32:50.222060Z celld-2 /cell/h2-542 facet
2026-09-30T17:32:50.331933Z celld-2 /cell/h2-543 start
2026-09-30T17:32:50.332045Z celld-2 /cell/h2-543 stored
2026-09-30T17:32:50.332064Z celld-2 /cell/h2-543 facet
2026-09-30T17:32:50.478005Z celld-2 /cell/h2-548 start
2026-09-30T17:32:50.478153Z celld-2 /cell/h2-548 stored
2026-09-30T17:32:50.478198Z celld-2 /cell/h2-548 facet
2026-09-30T17:32:50.937423Z celld-2 /cell/h2-550 start
2026-09-30T17:32:50.937665Z celld-2 /cell/h2-550 stored
2026-09-30T17:32:50.937688Z celld-2 /cell/h2-550 facet
2026-09-30T17:32:50.950048Z celld-2 /cell/h2-537 done
2026-09-30T17:32:51.098665Z celld-2 /cell/h2-549 start
2026-09-30T17:32:51.098780Z celld-2 /cell/h2-549 stored
2026-09-30T17:32:51.098801Z celld-2 /cell/h2-549 facet
2026-09-30T17:32:51.569577Z celld-2 /cell/h2-554 start
2026-09-30T17:32:51.569693Z celld-2 /cell/h2-554 stored
2026-09-30T17:32:51.569718Z celld-2 /cell/h2-554 facet
2026-09-30T17:32:52.277094Z celld-2 /cell/h2-556 start
2026-09-30T17:32:52.277208Z celld-2 /cell/h2-556 stored
2026-09-30T17:32:52.277222Z celld-2 /cell/h2-556 facet
2026-09-30T17:32:52.421429Z celld-2 /cell/h2-557 start
2026-09-30T17:32:52.421562Z celld-2 /cell/h2-557 stored
2026-09-30T17:32:52.421580Z celld-2 /cell/h2-557 facet
2026-09-30T17:32:52.951922Z celld-2 /cell/h2-541 done
2026-09-30T17:32:52.952173Z celld-2 /cell/h2-540 done
2026-09-30T17:32:53.838428Z celld-2 /cell/h2-564 start
2026-09-30T17:32:53.838533Z celld-2 /cell/h2-564 stored
2026-09-30T17:32:53.838555Z celld-2 /cell/h2-564 facet
2026-09-30T17:32:53.842390Z celld-2 /cell/h2-550 done
2026-09-30T17:32:53.842517Z celld-2 /cell/h2-542 done
2026-09-30T17:32:53.842693Z celld-2 /cell/h2-548 done
2026-09-30T17:32:53.842829Z celld-2 /cell/h2-543 done
2026-09-30T17:32:54.795597Z celld-2 /cell/h2-557 done
2026-09-30T17:32:54.795598Z celld-2 /cell/h2-549 done
2026-09-30T17:32:54.795809Z celld-2 /cell/h2-556 done
2026-09-30T17:32:54.796136Z celld-2 /cell/h2-554 done
2026-09-30T17:32:55.264204Z celld-2 /cell/h2-577 start
2026-09-30T17:32:55.264364Z celld-2 /cell/h2-577 stored
2026-09-30T17:32:55.264421Z celld-2 /cell/h2-577 facet
2026-09-30T17:32:55.639235Z celld-2 /cell/h2-564 done
2026-09-30T17:32:56.607373Z celld-2 /cell/h2-577 done
2026-09-30T17:32:56.898194Z celld-2 /cell/h2-591 start
2026-09-30T17:32:56.898388Z celld-2 /cell/h2-591 stored
2026-09-30T17:32:56.898451Z celld-2 /cell/h2-591 facet
2026-09-30T17:32:58.414824Z celld-2 /cell/h2-597 start
2026-09-30T17:32:58.414943Z celld-2 /cell/h2-597 stored
2026-09-30T17:32:58.414974Z celld-2 /cell/h2-597 facet
2026-09-30T17:32:58.487918Z celld-2 /cell/h2-591 done
2026-09-30T17:33:00.420060Z celld-2 /cell/h2-602 start
2026-09-30T17:33:00.420180Z celld-2 /cell/h2-602 stored
2026-09-30T17:33:00.420194Z celld-2 /cell/h2-602 facet
2026-09-30T17:33:00.918624Z celld-2 /cell/h2-607 start
2026-09-30T17:33:00.918781Z celld-2 /cell/h2-607 stored
2026-09-30T17:33:00.918807Z celld-2 /cell/h2-607 facet
2026-09-30T17:33:01.247043Z celld-2 /cell/h2-611 start
2026-09-30T17:33:01.247317Z celld-2 /cell/h2-611 stored
2026-09-30T17:33:01.247341Z celld-2 /cell/h2-611 facet
2026-09-30T17:33:01.370631Z celld-2 /cell/h2-612 start
2026-09-30T17:33:01.370849Z celld-2 /cell/h2-612 stored
2026-09-30T17:33:01.370882Z celld-2 /cell/h2-612 facet
2026-09-30T17:33:01.593842Z celld-2 /cell/h2-613 start
2026-09-30T17:33:01.594026Z celld-2 /cell/h2-613 stored
2026-09-30T17:33:01.594074Z celld-2 /cell/h2-613 facet
2026-09-30T17:33:02.218734Z celld-2 /cell/h2-597 done
2026-09-30T17:33:02.527489Z celld-2 /cell/h2-619 start
2026-09-30T17:33:02.527678Z celld-2 /cell/h2-619 stored
2026-09-30T17:33:02.527700Z celld-2 /cell/h2-619 facet
2026-09-30T17:33:02.567387Z celld-2 /cell/h2-618 start
2026-09-30T17:33:02.567538Z celld-2 /cell/h2-618 stored
2026-09-30T17:33:02.567575Z celld-2 /cell/h2-618 facet
2026-09-30T17:33:02.656500Z celld-2 /cell/h2-620 start
2026-09-30T17:33:02.656644Z celld-2 /cell/h2-620 stored
2026-09-30T17:33:02.656666Z celld-2 /cell/h2-620 facet
2026-09-30T17:33:03.550625Z celld-2 /cell/h2-611 done
2026-09-30T17:33:03.550918Z celld-2 /cell/h2-602 done
2026-09-30T17:33:03.551175Z celld-2 /cell/h2-613 done
2026-09-30T17:33:03.551258Z celld-2 /cell/h2-612 done
2026-09-30T17:33:03.551354Z celld-2 /cell/h2-607 done
2026-09-30T17:33:03.922421Z celld-2 /cell/h2-628 start
2026-09-30T17:33:03.922624Z celld-2 /cell/h2-628 stored
2026-09-30T17:33:03.922637Z celld-2 /cell/h2-628 facet
2026-09-30T17:33:04.782254Z celld-2 /cell/h2-619 done
2026-09-30T17:33:04.782876Z celld-2 /cell/h2-620 done
2026-09-30T17:33:04.847115Z celld-2 /cell/h2-633 start
2026-09-30T17:33:04.847283Z celld-2 /cell/h2-633 stored
2026-09-30T17:33:04.847318Z celld-2 /cell/h2-633 facet
2026-09-30T17:33:04.887642Z celld-2 /cell/h2-636 start
2026-09-30T17:33:04.887780Z celld-2 /cell/h2-636 stored
2026-09-30T17:33:04.887797Z celld-2 /cell/h2-636 facet
2026-09-30T17:33:05.261631Z celld-2 /cell/h2-618 done
2026-09-30T17:33:05.529578Z celld-2 /cell/h2-639 start
2026-09-30T17:33:05.529826Z celld-2 /cell/h2-639 stored
2026-09-30T17:33:05.529862Z celld-2 /cell/h2-639 facet
2026-09-30T17:33:05.776402Z celld-2 /cell/h2-641 start
2026-09-30T17:33:05.776575Z celld-2 /cell/h2-641 stored
2026-09-30T17:33:05.776601Z celld-2 /cell/h2-641 facet
2026-09-30T17:33:05.844936Z celld-2 /cell/h2-637 start
2026-09-30T17:33:05.845080Z celld-2 /cell/h2-637 stored
2026-09-30T17:33:05.845111Z celld-2 /cell/h2-637 facet
2026-09-30T17:33:05.883421Z celld-2 /cell/h2-642 start
2026-09-30T17:33:05.883544Z celld-2 /cell/h2-642 stored
2026-09-30T17:33:05.883558Z celld-2 /cell/h2-642 facet
2026-09-30T17:33:07.296799Z celld-2 /cell/h2-647 start
2026-09-30T17:33:07.296999Z celld-2 /cell/h2-647 stored
2026-09-30T17:33:07.297024Z celld-2 /cell/h2-647 facet
2026-09-30T17:33:07.767511Z celld-2 /cell/h2-651 start
2026-09-30T17:33:07.767690Z celld-2 /cell/h2-651 stored
2026-09-30T17:33:07.767741Z celld-2 /cell/h2-651 facet
2026-09-30T17:33:08.045108Z celld-2 /cell/h2-655 start
2026-09-30T17:33:08.045274Z celld-2 /cell/h2-655 stored
2026-09-30T17:33:08.045303Z celld-2 /cell/h2-655 facet
2026-09-30T17:33:08.582240Z celld-2 /cell/h2-628 done
2026-09-30T17:33:09.172056Z celld-2 /cell/h2-659 start
2026-09-30T17:33:09.172260Z celld-2 /cell/h2-659 stored
2026-09-30T17:33:09.172288Z celld-2 /cell/h2-659 facet
2026-09-30T17:33:09.381499Z celld-2 /cell/h2-661 start
2026-09-30T17:33:09.381652Z celld-2 /cell/h2-661 stored
2026-09-30T17:33:09.381681Z celld-2 /cell/h2-661 facet
2026-09-30T17:33:09.729660Z celld-2 /cell/h2-663 start
2026-09-30T17:33:09.729781Z celld-2 /cell/h2-663 stored
2026-09-30T17:33:09.729809Z celld-2 /cell/h2-663 facet
2026-09-30T17:33:10.495462Z celld-2 /cell/h2-636 done
2026-09-30T17:33:10.496095Z celld-2 /cell/h2-633 done
2026-09-30T17:33:10.553004Z celld-2 /cell/h2-637 done
2026-09-30T17:33:10.553197Z celld-2 /cell/h2-642 done
2026-09-30T17:33:10.553365Z celld-2 /cell/h2-639 done
2026-09-30T17:33:10.553498Z celld-2 /cell/h2-641 done
2026-09-30T17:33:10.553585Z celld-2 /cell/h2-647 done
2026-09-30T17:33:10.761421Z celld-2 /cell/h2-667 start
2026-09-30T17:33:10.761602Z celld-2 /cell/h2-667 stored
2026-09-30T17:33:10.761637Z celld-2 /cell/h2-667 facet
2026-09-30T17:33:11.163457Z celld-2 /cell/h2-670 start
2026-09-30T17:33:11.163574Z celld-2 /cell/h2-670 stored
2026-09-30T17:33:11.163587Z celld-2 /cell/h2-670 facet
2026-09-30T17:33:11.385633Z celld-2 /cell/h2-671 start
2026-09-30T17:33:11.386020Z celld-2 /cell/h2-671 stored
2026-09-30T17:33:11.386084Z celld-2 /cell/h2-671 facet
2026-09-30T17:33:11.386142Z celld-2 /cell/h2-671 load
2026-09-30T17:33:11.393742Z celld-2 /cell/h2-671 loaded
2026-09-30T17:33:11.760934Z celld-2 /cell/h2-651 done
2026-09-30T17:33:11.761314Z celld-2 /cell/h2-655 done
2026-09-30T17:33:12.055685Z celld-2 /cell/h2-659 done
2026-09-30T17:33:12.236851Z celld-2 /cell/h2-674 start
2026-09-30T17:33:12.237008Z celld-2 /cell/h2-674 stored
2026-09-30T17:33:12.237054Z celld-2 /cell/h2-674 facet
2026-09-30T17:33:12.255627Z celld-2 /cell/h2-663 done
2026-09-30T17:33:12.255848Z celld-2 /cell/h2-661 done
2026-09-30T17:33:12.362280Z celld-2 /cell/h2-676 start
2026-09-30T17:33:12.362428Z celld-2 /cell/h2-676 stored
2026-09-30T17:33:12.362460Z celld-2 /cell/h2-676 facet
2026-09-30T17:33:13.084339Z celld-2 /cell/h2-679 start
2026-09-30T17:33:13.084468Z celld-2 /cell/h2-679 stored
2026-09-30T17:33:13.084491Z celld-2 /cell/h2-679 facet
2026-09-30T17:33:13.199080Z celld-2 /cell/h2-683 start
2026-09-30T17:33:13.199241Z celld-2 /cell/h2-683 stored
2026-09-30T17:33:13.199259Z celld-2 /cell/h2-683 facet
2026-09-30T17:33:13.350770Z celld-2 /cell/h2-684 start
2026-09-30T17:33:13.350887Z celld-2 /cell/h2-684 stored
2026-09-30T17:33:13.350908Z celld-2 /cell/h2-684 facet
2026-09-30T17:33:13.433521Z celld-2 /cell/h2-686 start
2026-09-30T17:33:13.433662Z celld-2 /cell/h2-686 stored
2026-09-30T17:33:13.433689Z celld-2 /cell/h2-686 facet
2026-09-30T17:33:13.950021Z celld-2 /cell/h2-667 done
2026-09-30T17:33:13.950381Z celld-2 /cell/h2-670 done
2026-09-30T17:33:14.229637Z celld-2 /cell/h2-671 done
2026-09-30T17:33:14.489299Z celld-2 /cell/h2-689 start
2026-09-30T17:33:14.489417Z celld-2 /cell/h2-689 stored
2026-09-30T17:33:14.489435Z celld-2 /cell/h2-689 facet
2026-09-30T17:33:14.873604Z celld-2 /cell/h2-694 start
2026-09-30T17:33:14.873874Z celld-2 /cell/h2-694 stored
2026-09-30T17:33:14.873935Z celld-2 /cell/h2-694 facet
2026-09-30T17:33:15.084376Z celld-2 /cell/h2-676 done
2026-09-30T17:33:15.084432Z celld-2 /cell/h2-674 done
2026-09-30T17:33:15.653964Z celld-2 /cell/h2-679 done
2026-09-30T17:33:15.757173Z celld-2 /cell/h2-695 start
2026-09-30T17:33:15.757325Z celld-2 /cell/h2-695 stored
2026-09-30T17:33:15.757346Z celld-2 /cell/h2-695 facet
2026-09-30T17:33:16.104051Z celld-2 /cell/h2-683 done
2026-09-30T17:33:16.104230Z celld-2 /cell/h2-686 done
2026-09-30T17:33:16.112923Z celld-2 /cell/h2-699 start
2026-09-30T17:33:16.113344Z celld-2 /cell/h2-699 stored
2026-09-30T17:33:16.113365Z celld-2 /cell/h2-699 facet
2026-09-30T17:33:16.115664Z celld-2 /cell/h2-696 start
2026-09-30T17:33:16.115778Z celld-2 /cell/h2-696 stored
2026-09-30T17:33:16.115810Z celld-2 /cell/h2-696 facet
2026-09-30T17:33:16.184938Z celld-2 /cell/h2-684 done
2026-09-30T17:33:17.026063Z celld-2 /cell/h2-689 done
2026-09-30T17:33:17.424098Z celld-2 /cell/h2-703 start
2026-09-30T17:33:17.424210Z celld-2 /cell/h2-703 stored
2026-09-30T17:33:17.424226Z celld-2 /cell/h2-703 facet
2026-09-30T17:33:17.735032Z celld-2 /cell/h2-694 done
2026-09-30T17:33:17.844761Z celld-2 /cell/h2-708 start
2026-09-30T17:33:17.844926Z celld-2 /cell/h2-708 stored
2026-09-30T17:33:17.844976Z celld-2 /cell/h2-708 facet
2026-09-30T17:33:17.872212Z celld-2 /cell/h2-705 start
2026-09-30T17:33:17.872358Z celld-2 /cell/h2-705 stored
2026-09-30T17:33:17.872384Z celld-2 /cell/h2-705 facet
2026-09-30T17:33:18.613484Z celld-2 /cell/h2-695 done
2026-09-30T17:33:18.614483Z celld-2 /cell/h2-696 done
2026-09-30T17:33:19.180404Z celld-2 /cell/h2-699 done
2026-09-30T17:33:19.478582Z celld-2 /cell/h2-718 start
2026-09-30T17:33:19.478764Z celld-2 /cell/h2-718 stored
2026-09-30T17:33:19.478807Z celld-2 /cell/h2-718 facet
2026-09-30T17:33:20.096212Z celld-2 /cell/h2-703 done
2026-09-30T17:33:20.186161Z celld-2 /cell/h2-721 start
2026-09-30T17:33:20.186354Z celld-2 /cell/h2-721 stored
2026-09-30T17:33:20.186376Z celld-2 /cell/h2-721 facet
2026-09-30T17:33:20.283048Z celld-2 /cell/h2-722 start
2026-09-30T17:33:20.283200Z celld-2 /cell/h2-722 stored
2026-09-30T17:33:20.283248Z celld-2 /cell/h2-722 facet
2026-09-30T17:33:20.693658Z celld-2 /cell/h2-724 start
2026-09-30T17:33:20.693881Z celld-2 /cell/h2-724 stored
2026-09-30T17:33:20.694036Z celld-2 /cell/h2-724 facet
2026-09-30T17:33:21.125425Z celld-2 /cell/h2-708 done
2026-09-30T17:33:21.126048Z celld-2 /cell/h2-705 done
2026-09-30T17:33:21.331382Z celld-2 /cell/h2-728 start
2026-09-30T17:33:21.331540Z celld-2 /cell/h2-728 stored
2026-09-30T17:33:21.331577Z celld-2 /cell/h2-728 facet
2026-09-30T17:33:22.144410Z celld-2 /cell/h2-718 done
2026-09-30T17:33:22.146112Z celld-2 /cell/h2-733 start
2026-09-30T17:33:22.146240Z celld-2 /cell/h2-733 stored
2026-09-30T17:33:22.146287Z celld-2 /cell/h2-733 facet
2026-09-30T17:33:22.612331Z celld-2 /cell/h2-735 start
2026-09-30T17:33:22.612457Z celld-2 /cell/h2-735 stored
2026-09-30T17:33:22.612484Z celld-2 /cell/h2-735 facet
2026-09-30T17:33:22.686910Z celld-2 /cell/h2-734 start
2026-09-30T17:33:22.687031Z celld-2 /cell/h2-734 stored
2026-09-30T17:33:22.687054Z celld-2 /cell/h2-734 facet
2026-09-30T17:33:22.815337Z celld-2 /cell/h2-737 start
2026-09-30T17:33:22.815448Z celld-2 /cell/h2-737 stored
2026-09-30T17:33:22.815475Z celld-2 /cell/h2-737 facet
2026-09-30T17:33:23.335402Z celld-2 /cell/h2-721 done
2026-09-30T17:33:23.335525Z celld-2 /cell/h2-722 done
2026-09-30T17:33:23.816475Z celld-2 /cell/h2-742 start
2026-09-30T17:33:23.816578Z celld-2 /cell/h2-742 stored
2026-09-30T17:33:23.816602Z celld-2 /cell/h2-742 facet
2026-09-30T17:33:24.112596Z celld-2 /cell/h2-724 done
2026-09-30T17:33:24.251599Z celld-2 /cell/h2-728 done
2026-09-30T17:33:24.298726Z celld-2 /cell/h2-746 start
2026-09-30T17:33:24.298960Z celld-2 /cell/h2-746 stored
2026-09-30T17:33:24.298989Z celld-2 /cell/h2-746 facet
2026-09-30T17:33:24.368076Z celld-2 /cell/h2-733 done
2026-09-30T17:33:24.906603Z celld-2 /cell/h2-751 start
2026-09-30T17:33:24.906759Z celld-2 /cell/h2-751 stored
2026-09-30T17:33:24.906798Z celld-2 /cell/h2-751 facet
2026-09-30T17:33:25.625624Z celld-2 /cell/h2-735 done
2026-09-30T17:33:25.626445Z celld-2 /cell/h2-734 done
2026-09-30T17:33:26.073609Z celld-2 /cell/h2-742 done
2026-09-30T17:33:26.073839Z celld-2 /cell/h2-737 done
2026-09-30T17:33:26.255592Z celld-2 /cell/h2-761 start
2026-09-30T17:33:26.255850Z celld-2 /cell/h2-761 stored
2026-09-30T17:33:26.255963Z celld-2 /cell/h2-761 facet
2026-09-30T17:33:26.280656Z celld-2 /cell/h2-760 start
2026-09-30T17:33:26.280882Z celld-2 /cell/h2-760 stored
2026-09-30T17:33:26.281048Z celld-2 /cell/h2-760 facet
2026-09-30T17:33:26.281772Z celld-2 /cell/h2-756 start
2026-09-30T17:33:26.282406Z celld-2 /cell/h2-756 stored
2026-09-30T17:33:26.282431Z celld-2 /cell/h2-756 facet
2026-09-30T17:33:26.301329Z celld-2 /cell/h2-758 start
2026-09-30T17:33:26.301451Z celld-2 /cell/h2-758 stored
2026-09-30T17:33:26.301471Z celld-2 /cell/h2-758 facet
2026-09-30T17:33:27.123415Z celld-2 /cell/h2-764 start
2026-09-30T17:33:27.123574Z celld-2 /cell/h2-764 stored
2026-09-30T17:33:27.123635Z celld-2 /cell/h2-764 facet
2026-09-30T17:33:27.668811Z celld-2 /cell/h2-765 start
2026-09-30T17:33:27.669056Z celld-2 /cell/h2-765 stored
2026-09-30T17:33:27.669131Z celld-2 /cell/h2-765 facet
2026-09-30T17:33:27.799062Z celld-2 /cell/h2-746 done
2026-09-30T17:33:27.799103Z celld-2 /cell/h2-751 done
2026-09-30T17:33:28.140756Z celld-2 /cell/h2-758 done
2026-09-30T17:33:28.187658Z celld-2 /cell/h2-768 start
2026-09-30T17:33:28.187890Z celld-2 /cell/h2-768 stored
2026-09-30T17:33:28.187990Z celld-2 /cell/h2-768 facet
2026-09-30T17:33:28.624378Z celld-2 /cell/h2-760 done
2026-09-30T17:33:28.701809Z celld-2 /cell/h2-770 start
2026-09-30T17:33:28.702079Z celld-2 /cell/h2-770 stored
2026-09-30T17:33:28.702128Z celld-2 /cell/h2-770 facet
2026-09-30T17:33:29.162466Z celld-2 /cell/h2-761 done
2026-09-30T17:33:29.162832Z celld-2 /cell/h2-756 done
2026-09-30T17:33:29.728141Z celld-2 /cell/h2-772 start
2026-09-30T17:33:29.728256Z celld-2 /cell/h2-772 stored
2026-09-30T17:33:29.728277Z celld-2 /cell/h2-772 facet
2026-09-30T17:33:29.728644Z celld-2 /cell/h2-771 start
2026-09-30T17:33:29.729062Z celld-2 /cell/h2-771 stored
2026-09-30T17:33:29.729110Z celld-2 /cell/h2-771 facet
2026-09-30T17:33:29.828981Z celld-2 /cell/h2-764 done
2026-09-30T17:33:29.893321Z celld-2 /cell/h2-773 start
2026-09-30T17:33:29.893532Z celld-2 /cell/h2-773 stored
2026-09-30T17:33:29.893567Z celld-2 /cell/h2-773 facet
2026-09-30T17:33:29.894398Z celld-2 /cell/h2-775 start
2026-09-30T17:33:29.894572Z celld-2 /cell/h2-775 stored
2026-09-30T17:33:29.894591Z celld-2 /cell/h2-775 facet
2026-09-30T17:33:29.897370Z celld-2 /cell/h2-774 start
2026-09-30T17:33:29.897481Z celld-2 /cell/h2-774 stored
2026-09-30T17:33:29.897502Z celld-2 /cell/h2-774 facet
2026-09-30T17:33:29.974769Z celld-2 /cell/h2-776 start
2026-09-30T17:33:29.974920Z celld-2 /cell/h2-776 stored
2026-09-30T17:33:29.974938Z celld-2 /cell/h2-776 facet
2026-09-30T17:33:30.000345Z celld-2 /cell/h2-765 done
2026-09-30T17:33:30.032049Z celld-2 /cell/h2-779 start
2026-09-30T17:33:30.032153Z celld-2 /cell/h2-779 stored
2026-09-30T17:33:30.032189Z celld-2 /cell/h2-779 facet
2026-09-30T17:33:31.308975Z celld-2 /cell/h2-785 start
2026-09-30T17:33:31.309111Z celld-2 /cell/h2-785 stored
2026-09-30T17:33:31.309138Z celld-2 /cell/h2-785 facet
2026-09-30T17:33:31.389072Z celld-2 /cell/h2-786 start
2026-09-30T17:33:31.389204Z celld-2 /cell/h2-786 stored
2026-09-30T17:33:31.389226Z celld-2 /cell/h2-786 facet
2026-09-30T17:33:31.633538Z celld-2 /cell/h2-768 done
2026-09-30T17:33:32.040396Z celld-2 /cell/h2-787 start
2026-09-30T17:33:32.040546Z celld-2 /cell/h2-787 stored
2026-09-30T17:33:32.040587Z celld-2 /cell/h2-787 facet
2026-09-30T17:33:32.981753Z celld-2 /cell/h2-770 done
2026-09-30T17:33:33.326004Z celld-2 /cell/h2-772 done
2026-09-30T17:33:33.445985Z celld-2 /cell/h2-795 start
2026-09-30T17:33:33.446162Z celld-2 /cell/h2-795 stored
2026-09-30T17:33:33.446213Z celld-2 /cell/h2-795 facet
2026-09-30T17:33:33.930054Z celld-2 /cell/h2-775 done
2026-09-30T17:33:33.930074Z celld-2 /cell/h2-779 done
2026-09-30T17:33:33.930521Z celld-2 /cell/h2-776 done
2026-09-30T17:33:33.930857Z celld-2 /cell/h2-771 done
2026-09-30T17:33:33.931325Z celld-2 /cell/h2-773 done
2026-09-30T17:33:33.931510Z celld-2 /cell/h2-774 done
2026-09-30T17:33:34.236505Z celld-2 /cell/h2-785 done
2026-09-30T17:33:34.237310Z celld-2 /cell/h2-786 done
2026-09-30T17:33:35.037676Z celld-2 /cell/h2-800 start
2026-09-30T17:33:35.037800Z celld-2 /cell/h2-800 stored
2026-09-30T17:33:35.037824Z celld-2 /cell/h2-800 facet
2026-09-30T17:33:35.248561Z celld-2 /cell/h2-787 done
2026-09-30T17:33:35.248759Z celld-2 /cell/h2-795 done
2026-09-30T17:33:35.543829Z celld-2 /cell/h2-805 start
2026-09-30T17:33:35.544038Z celld-2 /cell/h2-805 stored
2026-09-30T17:33:35.544089Z celld-2 /cell/h2-805 facet
2026-09-30T17:33:35.606371Z celld-2 /cell/h2-807 start
2026-09-30T17:33:35.606541Z celld-2 /cell/h2-807 stored
2026-09-30T17:33:35.606575Z celld-2 /cell/h2-807 facet
2026-09-30T17:33:35.627306Z celld-2 /cell/h2-810 start
2026-09-30T17:33:35.627480Z celld-2 /cell/h2-810 stored
2026-09-30T17:33:35.627514Z celld-2 /cell/h2-810 facet
2026-09-30T17:33:36.594448Z celld-2 /cell/h2-800 done
2026-09-30T17:33:36.955821Z celld-2 /cell/h2-815 start
2026-09-30T17:33:36.955922Z celld-2 /cell/h2-815 stored
2026-09-30T17:33:36.955942Z celld-2 /cell/h2-815 facet
2026-09-30T17:33:37.200281Z celld-2 /cell/h2-817 start
2026-09-30T17:33:37.200450Z celld-2 /cell/h2-817 stored
2026-09-30T17:33:37.200486Z celld-2 /cell/h2-817 facet
2026-09-30T17:33:37.609015Z celld-2 /cell/h2-820 start
2026-09-30T17:33:37.609205Z celld-2 /cell/h2-820 stored
2026-09-30T17:33:37.609241Z celld-2 /cell/h2-820 facet
2026-09-30T17:33:38.122021Z celld-2 /cell/h2-807 done
2026-09-30T17:33:38.853927Z celld-2 /cell/h2-805 done
2026-09-30T17:33:38.854189Z celld-2 /cell/h2-810 done
2026-09-30T17:33:38.864248Z celld-2 /cell/h2-826 start
2026-09-30T17:33:38.864431Z celld-2 /cell/h2-826 stored
2026-09-30T17:33:38.864450Z celld-2 /cell/h2-826 facet
2026-09-30T17:33:38.874924Z celld-2 /cell/h2-830 start
2026-09-30T17:33:38.875057Z celld-2 /cell/h2-830 stored
2026-09-30T17:33:38.875071Z celld-2 /cell/h2-830 facet
2026-09-30T17:33:38.879444Z celld-2 /cell/h2-827 start
2026-09-30T17:33:38.879559Z celld-2 /cell/h2-827 stored
2026-09-30T17:33:38.879579Z celld-2 /cell/h2-827 facet
2026-09-30T17:33:38.880040Z celld-2 /cell/h2-825 start
2026-09-30T17:33:38.880226Z celld-2 /cell/h2-825 stored
2026-09-30T17:33:38.880244Z celld-2 /cell/h2-825 facet
2026-09-30T17:33:39.073813Z celld-2 /cell/h2-828 start
2026-09-30T17:33:39.074018Z celld-2 /cell/h2-828 stored
2026-09-30T17:33:39.074046Z celld-2 /cell/h2-828 facet
2026-09-30T17:33:39.103683Z celld-2 /cell/h2-831 start
2026-09-30T17:33:39.103806Z celld-2 /cell/h2-831 stored
2026-09-30T17:33:39.103829Z celld-2 /cell/h2-831 facet
2026-09-30T17:33:40.187373Z celld-2 /cell/h2-836 start
2026-09-30T17:33:40.187472Z celld-2 /cell/h2-836 stored
2026-09-30T17:33:40.187486Z celld-2 /cell/h2-836 facet
2026-09-30T17:33:40.454111Z celld-2 /cell/h2-837 start
2026-09-30T17:33:40.454391Z celld-2 /cell/h2-837 stored
2026-09-30T17:33:40.454425Z celld-2 /cell/h2-837 facet
2026-09-30T17:33:40.454458Z celld-2 /cell/h2-837 load
2026-09-30T17:33:40.461837Z celld-2 /cell/h2-837 loaded
2026-09-30T17:33:40.660585Z celld-2 /cell/h2-815 done
2026-09-30T17:33:40.661101Z celld-2 /cell/h2-817 done
2026-09-30T17:33:40.705527Z celld-2 /cell/h2-838 start
2026-09-30T17:33:40.705677Z celld-2 /cell/h2-838 stored
2026-09-30T17:33:40.705720Z celld-2 /cell/h2-838 facet
2026-09-30T17:33:41.350962Z celld-2 /cell/h2-840 start
2026-09-30T17:33:41.351149Z celld-2 /cell/h2-840 stored
2026-09-30T17:33:41.351204Z celld-2 /cell/h2-840 facet
2026-09-30T17:33:41.631969Z celld-2 /cell/h2-820 done
2026-09-30T17:33:41.632133Z celld-2 /cell/h2-831 done
2026-09-30T17:33:41.632284Z celld-2 /cell/h2-826 done
2026-09-30T17:33:41.632295Z celld-2 /cell/h2-825 done
2026-09-30T17:33:41.632579Z celld-2 /cell/h2-830 done
2026-09-30T17:33:41.632814Z celld-2 /cell/h2-828 done
2026-09-30T17:33:41.633000Z celld-2 /cell/h2-827 done
2026-09-30T17:33:42.076140Z celld-2 /cell/h2-842 start
2026-09-30T17:33:42.076249Z celld-2 /cell/h2-842 stored
2026-09-30T17:33:42.076263Z celld-2 /cell/h2-842 facet
2026-09-30T17:33:42.090997Z celld-2 /cell/h2-843 start
2026-09-30T17:33:42.091183Z celld-2 /cell/h2-843 stored
2026-09-30T17:33:42.091225Z celld-2 /cell/h2-843 facet
2026-09-30T17:33:42.382774Z celld-2 /cell/h2-836 done
2026-09-30T17:33:42.633729Z celld-2 /cell/h2-844 start
2026-09-30T17:33:42.633939Z celld-2 /cell/h2-844 stored
2026-09-30T17:33:42.633977Z celld-2 /cell/h2-844 facet
2026-09-30T17:33:43.995683Z celld-2 /cell/h2-856 start
2026-09-30T17:33:43.995931Z celld-2 /cell/h2-856 stored
2026-09-30T17:33:43.995989Z celld-2 /cell/h2-856 facet
2026-09-30T17:33:43.996668Z celld-2 /cell/h2-853 start
2026-09-30T17:33:43.996979Z celld-2 /cell/h2-853 stored
2026-09-30T17:33:43.997044Z celld-2 /cell/h2-853 facet
2026-09-30T17:33:44.173203Z celld-2 /cell/h2-837 done
2026-09-30T17:33:44.343696Z celld-2 /cell/h2-838 done
2026-09-30T17:33:44.639441Z celld-2 /cell/h2-860 start
2026-09-30T17:33:44.639664Z celld-2 /cell/h2-860 stored
2026-09-30T17:33:44.639709Z celld-2 /cell/h2-860 facet
2026-09-30T17:33:45.264550Z celld-2 /cell/h2-863 start
2026-09-30T17:33:45.264662Z celld-2 /cell/h2-863 stored
2026-09-30T17:33:45.264689Z celld-2 /cell/h2-863 facet
2026-09-30T17:33:45.515742Z celld-2 /cell/h2-843 done
2026-09-30T17:33:45.515813Z celld-2 /cell/h2-842 done
2026-09-30T17:33:45.516100Z celld-2 /cell/h2-840 done
2026-09-30T17:33:45.516298Z celld-2 /cell/h2-844 done
2026-09-30T17:33:46.227025Z celld-2 /cell/h2-856 done
2026-09-30T17:33:46.433755Z celld-2 /cell/h2-865 start
2026-09-30T17:33:46.433883Z celld-2 /cell/h2-865 stored
2026-09-30T17:33:46.433904Z celld-2 /cell/h2-865 facet
2026-09-30T17:33:46.649654Z celld-2 /cell/h2-868 start
2026-09-30T17:33:46.649815Z celld-2 /cell/h2-868 stored
2026-09-30T17:33:46.649848Z celld-2 /cell/h2-868 facet
2026-09-30T17:33:46.802385Z celld-2 /cell/h2-870 start
2026-09-30T17:33:46.802599Z celld-2 /cell/h2-870 stored
2026-09-30T17:33:46.802639Z celld-2 /cell/h2-870 facet
2026-09-30T17:33:47.721960Z celld-2 /cell/h2-860 done
2026-09-30T17:33:47.722409Z celld-2 /cell/h2-853 done
2026-09-30T17:33:47.866916Z celld-2 /cell/h2-876 start
2026-09-30T17:33:47.867083Z celld-2 /cell/h2-876 stored
2026-09-30T17:33:47.867105Z celld-2 /cell/h2-876 facet
2026-09-30T17:33:47.918524Z celld-2 /cell/h2-878 start
2026-09-30T17:33:47.918690Z celld-2 /cell/h2-878 stored
2026-09-30T17:33:47.918730Z celld-2 /cell/h2-878 facet
2026-09-30T17:33:47.919314Z celld-2 /cell/h2-881 start
2026-09-30T17:33:47.920026Z celld-2 /cell/h2-881 stored
2026-09-30T17:33:47.920107Z celld-2 /cell/h2-881 facet
2026-09-30T17:33:48.349589Z celld-2 /cell/h2-882 start
2026-09-30T17:33:48.349694Z celld-2 /cell/h2-882 stored
2026-09-30T17:33:48.349707Z celld-2 /cell/h2-882 facet
2026-09-30T17:33:48.548018Z celld-2 /cell/h2-863 done
2026-09-30T17:33:49.000995Z celld-2 /cell/h2-865 done
2026-09-30T17:33:49.366546Z celld-2 /cell/h2-870 done
2026-09-30T17:33:49.771994Z celld-2 /cell/h2-868 done
2026-09-30T17:33:49.869066Z celld-2 /cell/h2-884 start
2026-09-30T17:33:49.869175Z celld-2 /cell/h2-884 stored
2026-09-30T17:33:49.869194Z celld-2 /cell/h2-884 facet
2026-09-30T17:33:50.184175Z celld-2 /cell/h2-876 done
2026-09-30T17:33:50.895959Z celld-2 /cell/h2-900 start
2026-09-30T17:33:50.896076Z celld-2 /cell/h2-900 stored
2026-09-30T17:33:50.896096Z celld-2 /cell/h2-900 facet
2026-09-30T17:33:51.227244Z celld-2 /cell/h2-878 done
2026-09-30T17:33:51.227348Z celld-2 /cell/h2-882 done
2026-09-30T17:33:51.227569Z celld-2 /cell/h2-881 done
2026-09-30T17:33:52.135648Z celld-2 /cell/h2-900 done
2026-09-30T17:33:52.135811Z celld-2 /cell/h2-884 done
