2026-09-30T17:34:06.471076Z celld-0 /cell/h3-7 start
2026-09-30T17:34:06.471292Z celld-0 /cell/h3-7 stored
2026-09-30T17:34:06.471333Z celld-0 /cell/h3-7 facet
2026-09-30T17:34:06.502067Z celld-0 /cell/h3-4 start
2026-09-30T17:34:06.502219Z celld-0 /cell/h3-4 stored
2026-09-30T17:34:06.502260Z celld-0 /cell/h3-4 facet
2026-09-30T17:34:06.542421Z celld-0 /cell/h3-13 start
2026-09-30T17:34:06.542565Z celld-0 /cell/h3-13 stored
2026-09-30T17:34:06.542601Z celld-0 /cell/h3-13 facet
2026-09-30T17:34:06.618657Z celld-0 /cell/h3-12 start
2026-09-30T17:34:06.618789Z celld-0 /cell/h3-12 stored
2026-09-30T17:34:06.618818Z celld-0 /cell/h3-12 facet
2026-09-30T17:34:06.620528Z celld-0 /cell/h3-14 start
2026-09-30T17:34:06.620626Z celld-0 /cell/h3-14 stored
2026-09-30T17:34:06.620646Z celld-0 /cell/h3-14 facet
2026-09-30T17:34:06.621069Z celld-0 /cell/h3-3 start
2026-09-30T17:34:06.621259Z celld-0 /cell/h3-3 stored
2026-09-30T17:34:06.621270Z celld-0 /cell/h3-3 facet
2026-09-30T17:34:06.807849Z celld-0 /cell/h3-11 start
2026-09-30T17:34:06.808098Z celld-0 /cell/h3-11 stored
2026-09-30T17:34:06.808146Z celld-0 /cell/h3-11 facet
2026-09-30T17:34:07.830883Z celld-0 /cell/h3-7 done
2026-09-30T17:34:07.832714Z celld-0 /cell/h3-4 done
2026-09-30T17:34:07.920993Z celld-0 /cell/h3-13 done
2026-09-30T17:34:08.261656Z celld-0 /cell/h3-3 done
2026-09-30T17:34:08.262709Z celld-0 /cell/h3-11 done
2026-09-30T17:34:08.301706Z celld-0 /cell/h3-12 done
2026-09-30T17:34:08.375578Z celld-0 /cell/h3-14 done
2026-09-30T17:34:09.148569Z celld-0 /cell/h3-28 start
2026-09-30T17:34:09.148765Z celld-0 /cell/h3-28 stored
2026-09-30T17:34:09.148804Z celld-0 /cell/h3-28 facet
2026-09-30T17:34:09.149467Z celld-0 /cell/h3-31 start
2026-09-30T17:34:09.149844Z celld-0 /cell/h3-31 stored
2026-09-30T17:34:09.149872Z celld-0 /cell/h3-31 facet
2026-09-30T17:34:09.776426Z celld-0 /cell/h3-34 start
2026-09-30T17:34:09.776581Z celld-0 /cell/h3-34 stored
2026-09-30T17:34:09.776604Z celld-0 /cell/h3-34 facet
2026-09-30T17:34:10.240086Z celld-0 /cell/h3-28 done
2026-09-30T17:34:10.247030Z celld-0 /cell/h3-31 done
2026-09-30T17:34:10.578077Z celld-0 /cell/h3-37 start
2026-09-30T17:34:10.578201Z celld-0 /cell/h3-37 stored
2026-09-30T17:34:10.578212Z celld-0 /cell/h3-37 facet
2026-09-30T17:34:10.915497Z celld-0 /cell/h3-34 done
2026-09-30T17:34:11.473525Z celld-0 /cell/h3-38 start
2026-09-30T17:34:11.473741Z celld-0 /cell/h3-38 stored
2026-09-30T17:34:11.473842Z celld-0 /cell/h3-38 facet
2026-09-30T17:34:11.575713Z celld-0 /cell/h3-37 done
2026-09-30T17:34:11.980627Z celld-0 /cell/h3-39 start
2026-09-30T17:34:11.980814Z celld-0 /cell/h3-39 stored
2026-09-30T17:34:11.980849Z celld-0 /cell/h3-39 facet
2026-09-30T17:34:12.434452Z celld-0 /cell/h3-38 done
2026-09-30T17:34:12.575872Z celld-0 /cell/h3-42 start
2026-09-30T17:34:12.576078Z celld-0 /cell/h3-42 stored
2026-09-30T17:34:12.576117Z celld-0 /cell/h3-42 facet
2026-09-30T17:34:12.987712Z celld-0 /cell/h3-45 start
2026-09-30T17:34:12.987869Z celld-0 /cell/h3-45 stored
2026-09-30T17:34:12.987910Z celld-0 /cell/h3-45 facet
2026-09-30T17:34:13.147099Z celld-0 /cell/h3-46 start
2026-09-30T17:34:13.147343Z celld-0 /cell/h3-46 stored
2026-09-30T17:34:13.147357Z celld-0 /cell/h3-46 facet
2026-09-30T17:34:13.195959Z celld-0 /cell/h3-55 start
2026-09-30T17:34:13.196107Z celld-0 /cell/h3-55 stored
2026-09-30T17:34:13.196122Z celld-0 /cell/h3-55 facet
2026-09-30T17:34:13.203583Z celld-0 /cell/h3-54 start
2026-09-30T17:34:13.203686Z celld-0 /cell/h3-54 stored
2026-09-30T17:34:13.203703Z celld-0 /cell/h3-54 facet
2026-09-30T17:34:13.277858Z celld-0 /cell/h3-53 start
2026-09-30T17:34:13.277990Z celld-0 /cell/h3-53 stored
2026-09-30T17:34:13.278010Z celld-0 /cell/h3-53 facet
2026-09-30T17:34:13.375611Z celld-0 /cell/h3-39 done
2026-09-30T17:34:14.171715Z celld-0 /cell/h3-56 start
2026-09-30T17:34:14.171947Z celld-0 /cell/h3-56 stored
2026-09-30T17:34:14.171972Z celld-0 /cell/h3-56 facet
2026-09-30T17:34:14.722906Z celld-0 /cell/h3-42 done
2026-09-30T17:34:14.723209Z celld-0 /cell/h3-45 done
2026-09-30T17:34:14.766895Z celld-0 /cell/h3-55 done
2026-09-30T17:34:14.773727Z celld-0 /cell/h3-53 done
2026-09-30T17:34:15.016742Z celld-0 /cell/h3-58 start
2026-09-30T17:34:15.016909Z celld-0 /cell/h3-58 stored
2026-09-30T17:34:15.016947Z celld-0 /cell/h3-58 facet
2026-09-30T17:34:15.093771Z celld-0 /cell/h3-54 done
2026-09-30T17:34:15.123539Z celld-0 /cell/h3-46 done
2026-09-30T17:34:15.273906Z celld-0 /cell/h3-59 start
2026-09-30T17:34:15.274071Z celld-0 /cell/h3-59 stored
2026-09-30T17:34:15.274094Z celld-0 /cell/h3-59 facet
2026-09-30T17:34:15.794590Z celld-0 /cell/h3-56 done
2026-09-30T17:34:16.048101Z celld-0 /cell/h3-61 start
2026-09-30T17:34:16.048287Z celld-0 /cell/h3-61 stored
2026-09-30T17:34:16.048302Z celld-0 /cell/h3-61 facet
2026-09-30T17:34:16.070839Z celld-0 /cell/h3-58 done
2026-09-30T17:34:16.338387Z celld-0 /cell/h3-64 start
2026-09-30T17:34:16.338667Z celld-0 /cell/h3-64 stored
2026-09-30T17:34:16.338688Z celld-0 /cell/h3-64 facet
2026-09-30T17:34:16.476948Z celld-0 /cell/h3-59 done
2026-09-30T17:34:17.240420Z celld-0 /cell/h3-61 done
2026-09-30T17:34:17.266308Z celld-0 /cell/h3-68 start
2026-09-30T17:34:17.266444Z celld-0 /cell/h3-68 stored
2026-09-30T17:34:17.266472Z celld-0 /cell/h3-68 facet
2026-09-30T17:34:17.498412Z celld-0 /cell/h3-64 done
2026-09-30T17:34:17.690865Z celld-0 /cell/h3-69 start
2026-09-30T17:34:17.690995Z celld-0 /cell/h3-69 stored
2026-09-30T17:34:17.691013Z celld-0 /cell/h3-69 facet
2026-09-30T17:34:17.797441Z celld-0 /cell/h3-70 start
2026-09-30T17:34:17.797701Z celld-0 /cell/h3-70 stored
2026-09-30T17:34:17.797730Z celld-0 /cell/h3-70 facet
2026-09-30T17:34:18.270544Z celld-0 /cell/h3-71 start
2026-09-30T17:34:18.270656Z celld-0 /cell/h3-71 stored
2026-09-30T17:34:18.270671Z celld-0 /cell/h3-71 facet
2026-09-30T17:34:18.460080Z celld-0 /cell/h3-74 start
2026-09-30T17:34:18.460254Z celld-0 /cell/h3-74 stored
2026-09-30T17:34:18.460281Z celld-0 /cell/h3-74 facet
2026-09-30T17:34:18.460753Z celld-0 /cell/h3-73 start
2026-09-30T17:34:18.461014Z celld-0 /cell/h3-73 stored
2026-09-30T17:34:18.461023Z celld-0 /cell/h3-73 facet
2026-09-30T17:34:18.697692Z celld-0 /cell/h3-68 done
2026-09-30T17:34:18.890608Z celld-0 /cell/h3-69 done
2026-09-30T17:34:19.012283Z celld-0 /cell/h3-70 done
2026-09-30T17:34:19.413370Z celld-0 /cell/h3-71 done
2026-09-30T17:34:19.451513Z celld-0 /cell/h3-74 done
2026-09-30T17:34:19.456114Z celld-0 /cell/h3-73 done
2026-09-30T17:34:20.418305Z celld-0 /cell/h3-81 start
2026-09-30T17:34:20.418429Z celld-0 /cell/h3-81 stored
2026-09-30T17:34:20.418448Z celld-0 /cell/h3-81 facet
2026-09-30T17:34:20.418781Z celld-0 /cell/h3-79 start
2026-09-30T17:34:20.418931Z celld-0 /cell/h3-79 stored
2026-09-30T17:34:20.418960Z celld-0 /cell/h3-79 facet
2026-09-30T17:34:21.177713Z celld-0 /cell/h3-81 done
2026-09-30T17:34:21.194572Z celld-0 /cell/h3-79 done
2026-09-30T17:34:23.530671Z celld-0 /cell/h3-88 start
2026-09-30T17:34:23.530851Z celld-0 /cell/h3-88 stored
2026-09-30T17:34:23.530885Z celld-0 /cell/h3-88 facet
2026-09-30T17:34:24.961852Z celld-0 /cell/h3-88 done
2026-09-30T17:34:25.282152Z celld-0 /cell/h3-92 start
2026-09-30T17:34:25.282338Z celld-0 /cell/h3-92 stored
2026-09-30T17:34:25.282362Z celld-0 /cell/h3-92 facet
2026-09-30T17:34:25.668216Z celld-0 /cell/h3-93 start
2026-09-30T17:34:25.668411Z celld-0 /cell/h3-93 stored
2026-09-30T17:34:25.668514Z celld-0 /cell/h3-93 facet
2026-09-30T17:34:26.090561Z celld-0 /cell/h3-92 done
2026-09-30T17:34:26.452679Z celld-0 /cell/h3-95 start
2026-09-30T17:34:26.452798Z celld-0 /cell/h3-95 stored
2026-09-30T17:34:26.452818Z celld-0 /cell/h3-95 facet
2026-09-30T17:34:26.900897Z celld-0 /cell/h3-93 done
2026-09-30T17:34:27.241613Z celld-0 /cell/h3-96 start
2026-09-30T17:34:27.241743Z celld-0 /cell/h3-96 stored
2026-09-30T17:34:27.241758Z celld-0 /cell/h3-96 facet
2026-09-30T17:34:27.410981Z celld-0 /cell/h3-95 done
2026-09-30T17:34:27.566823Z celld-0 /cell/h3-97 start
2026-09-30T17:34:27.566957Z celld-0 /cell/h3-97 stored
2026-09-30T17:34:27.566989Z celld-0 /cell/h3-97 facet
2026-09-30T17:34:27.655018Z celld-0 /cell/h3-96 done
2026-09-30T17:34:28.012377Z celld-0 /cell/h3-97 done
2026-09-30T17:34:28.799933Z celld-0 /cell/h3-100 start
2026-09-30T17:34:28.800112Z celld-0 /cell/h3-100 stored
2026-09-30T17:34:28.800142Z celld-0 /cell/h3-100 facet
2026-09-30T17:34:29.087020Z celld-0 /cell/h3-101 start
2026-09-30T17:34:29.087342Z celld-0 /cell/h3-101 stored
2026-09-30T17:34:29.087381Z celld-0 /cell/h3-101 facet
2026-09-30T17:34:29.524259Z celld-0 /cell/h3-100 done
2026-09-30T17:34:29.688567Z celld-0 /cell/h3-101 done
2026-09-30T17:34:30.494796Z celld-0 /cell/h3-103 start
2026-09-30T17:34:30.494940Z celld-0 /cell/h3-103 stored
2026-09-30T17:34:30.494961Z celld-0 /cell/h3-103 facet
2026-09-30T17:34:30.927339Z celld-0 /cell/h3-103 done
2026-09-30T17:34:31.659432Z celld-0 /cell/h3-104 start
2026-09-30T17:34:31.659637Z celld-0 /cell/h3-104 stored
2026-09-30T17:34:31.659681Z celld-0 /cell/h3-104 facet
2026-09-30T17:34:32.101725Z celld-0 /cell/h3-104 done
2026-09-30T17:34:32.823788Z celld-0 /cell/h3-105 start
2026-09-30T17:34:32.823948Z celld-0 /cell/h3-105 stored
2026-09-30T17:34:32.823973Z celld-0 /cell/h3-105 facet
2026-09-30T17:34:33.639134Z celld-0 /cell/h3-105 done
2026-09-30T17:34:35.480345Z celld-0 /cell/h3-107 start
2026-09-30T17:34:35.480480Z celld-0 /cell/h3-107 stored
2026-09-30T17:34:35.480495Z celld-0 /cell/h3-107 facet
2026-09-30T17:34:35.842400Z celld-0 /cell/h3-107 done
2026-09-30T17:36:09.410582Z celld-0 /cell/h3-114 start
2026-09-30T17:36:09.410922Z celld-0 /cell/h3-114 stored
2026-09-30T17:36:09.410982Z celld-0 /cell/h3-114 facet
2026-09-30T17:36:09.411052Z celld-0 /cell/h3-114 load
2026-09-30T17:36:09.422391Z celld-0 /cell/h3-114 loaded
2026-09-30T17:36:09.916903Z celld-0 /cell/h3-114 done
2026-09-30T17:36:11.266738Z celld-0 /cell/h3-116 start
2026-09-30T17:36:11.266880Z celld-0 /cell/h3-116 stored
2026-09-30T17:36:11.266913Z celld-0 /cell/h3-116 facet
2026-09-30T17:36:11.454946Z celld-0 /cell/h3-116 done
2026-09-30T17:36:12.123121Z celld-0 /cell/h3-119 start
2026-09-30T17:36:12.123299Z celld-0 /cell/h3-119 stored
2026-09-30T17:36:12.123350Z celld-0 /cell/h3-119 facet
2026-09-30T17:36:12.698165Z celld-0 /cell/h3-120 start
2026-09-30T17:36:12.698435Z celld-0 /cell/h3-120 stored
2026-09-30T17:36:12.698490Z celld-0 /cell/h3-120 facet
2026-09-30T17:36:12.718049Z celld-0 /cell/h3-122 start
2026-09-30T17:36:12.718302Z celld-0 /cell/h3-122 stored
2026-09-30T17:36:12.718387Z celld-0 /cell/h3-122 facet
2026-09-30T17:36:12.832574Z celld-0 /cell/h3-119 done
2026-09-30T17:36:13.780553Z celld-0 /cell/h3-120 done
2026-09-30T17:36:13.781341Z celld-0 /cell/h3-122 done
2026-09-30T17:36:14.001491Z celld-0 /cell/h3-123 start
2026-09-30T17:36:14.001656Z celld-0 /cell/h3-123 stored
2026-09-30T17:36:14.001699Z celld-0 /cell/h3-123 facet
2026-09-30T17:36:14.628377Z celld-0 /cell/h3-124 start
2026-09-30T17:36:14.628621Z celld-0 /cell/h3-124 stored
2026-09-30T17:36:14.628693Z celld-0 /cell/h3-124 facet
2026-09-30T17:36:14.861566Z celld-0 /cell/h3-125 start
2026-09-30T17:36:14.861777Z celld-0 /cell/h3-125 stored
2026-09-30T17:36:14.861824Z celld-0 /cell/h3-125 facet
2026-09-30T17:36:14.989216Z celld-0 /cell/h3-123 done
2026-09-30T17:36:15.089754Z celld-0 /cell/h3-126 start
2026-09-30T17:36:15.089956Z celld-0 /cell/h3-126 stored
2026-09-30T17:36:15.090029Z celld-0 /cell/h3-126 facet
2026-09-30T17:36:15.589397Z celld-0 /cell/h3-124 done
2026-09-30T17:36:16.003601Z celld-0 /cell/h3-125 done
2026-09-30T17:36:16.023286Z celld-0 /cell/h3-126 done
2026-09-30T17:36:16.175591Z celld-0 /cell/h3-129 start
2026-09-30T17:36:16.175805Z celld-0 /cell/h3-129 stored
2026-09-30T17:36:16.175887Z celld-0 /cell/h3-129 facet
2026-09-30T17:36:16.494239Z celld-0 /cell/h3-129 done
2026-09-30T17:36:16.873483Z celld-0 /cell/h3-135 start
2026-09-30T17:36:16.873626Z celld-0 /cell/h3-135 stored
2026-09-30T17:36:16.873657Z celld-0 /cell/h3-135 facet
2026-09-30T17:36:17.361644Z celld-0 /cell/h3-137 start
2026-09-30T17:36:17.361781Z celld-0 /cell/h3-137 stored
2026-09-30T17:36:17.361793Z celld-0 /cell/h3-137 facet
2026-09-30T17:36:17.432141Z celld-0 /cell/h3-135 done
2026-09-30T17:36:17.846359Z celld-0 /cell/h3-137 done
2026-09-30T17:36:18.254006Z celld-0 /cell/h3-141 start
2026-09-30T17:36:18.254131Z celld-0 /cell/h3-141 stored
2026-09-30T17:36:18.254151Z celld-0 /cell/h3-141 facet
2026-09-30T17:36:18.586930Z celld-0 /cell/h3-141 done
2026-09-30T17:36:19.258627Z celld-0 /cell/h3-146 start
2026-09-30T17:36:19.258796Z celld-0 /cell/h3-146 stored
2026-09-30T17:36:19.258834Z celld-0 /cell/h3-146 facet
2026-09-30T17:36:19.623687Z celld-0 /cell/h3-146 done
2026-09-30T17:36:20.310046Z celld-0 /cell/h3-150 start
2026-09-30T17:36:20.310181Z celld-0 /cell/h3-150 stored
2026-09-30T17:36:20.310216Z celld-0 /cell/h3-150 facet
2026-09-30T17:36:21.029770Z celld-0 /cell/h3-151 start
2026-09-30T17:36:21.029883Z celld-0 /cell/h3-151 stored
2026-09-30T17:36:21.029899Z celld-0 /cell/h3-151 facet
2026-09-30T17:36:21.030778Z celld-0 /cell/h3-152 start
2026-09-30T17:36:21.030923Z celld-0 /cell/h3-152 stored
2026-09-30T17:36:21.030934Z celld-0 /cell/h3-152 facet
2026-09-30T17:36:21.288753Z celld-0 /cell/h3-150 done
2026-09-30T17:36:21.570843Z celld-0 /cell/h3-151 done
2026-09-30T17:36:21.604232Z celld-0 /cell/h3-152 done
2026-09-30T17:36:22.134402Z celld-0 /cell/h3-158 start
2026-09-30T17:36:22.134533Z celld-0 /cell/h3-158 stored
2026-09-30T17:36:22.134546Z celld-0 /cell/h3-158 facet
2026-09-30T17:36:22.666011Z celld-0 /cell/h3-162 start
2026-09-30T17:36:22.666211Z celld-0 /cell/h3-162 stored
2026-09-30T17:36:22.666234Z celld-0 /cell/h3-162 facet
2026-09-30T17:36:23.169811Z celld-0 /cell/h3-158 done
2026-09-30T17:36:23.289461Z celld-0 /cell/h3-162 done
2026-09-30T17:36:23.581827Z celld-0 /cell/h3-163 start
2026-09-30T17:36:23.581948Z celld-0 /cell/h3-163 stored
2026-09-30T17:36:23.581974Z celld-0 /cell/h3-163 facet
2026-09-30T17:36:23.931903Z celld-0 /cell/h3-165 start
2026-09-30T17:36:23.932095Z celld-0 /cell/h3-165 stored
2026-09-30T17:36:23.932130Z celld-0 /cell/h3-165 facet
2026-09-30T17:36:23.998344Z celld-0 /cell/h3-164 start
2026-09-30T17:36:23.998503Z celld-0 /cell/h3-164 stored
2026-09-30T17:36:23.998522Z celld-0 /cell/h3-164 facet
2026-09-30T17:36:24.569173Z celld-0 /cell/h3-163 done
2026-09-30T17:36:24.916449Z celld-0 /cell/h3-165 done
2026-09-30T17:36:24.955653Z celld-0 /cell/h3-164 done
2026-09-30T17:36:25.597883Z celld-0 /cell/h3-175 start
2026-09-30T17:36:25.598046Z celld-0 /cell/h3-175 stored
2026-09-30T17:36:25.598076Z celld-0 /cell/h3-175 facet
2026-09-30T17:36:26.561322Z celld-0 /cell/h3-177 start
2026-09-30T17:36:26.561447Z celld-0 /cell/h3-177 stored
2026-09-30T17:36:26.561466Z celld-0 /cell/h3-177 facet
2026-09-30T17:36:26.780998Z celld-0 /cell/h3-175 done
2026-09-30T17:36:27.041357Z celld-0 /cell/h3-181 start
2026-09-30T17:36:27.041561Z celld-0 /cell/h3-181 stored
2026-09-30T17:36:27.041600Z celld-0 /cell/h3-181 facet
2026-09-30T17:36:27.459600Z celld-0 /cell/h3-177 done
2026-09-30T17:36:27.832847Z celld-0 /cell/h3-186 start
2026-09-30T17:36:27.833235Z celld-0 /cell/h3-186 stored
2026-09-30T17:36:27.833274Z celld-0 /cell/h3-186 facet
2026-09-30T17:36:27.963478Z celld-0 /cell/h3-187 start
2026-09-30T17:36:27.963616Z celld-0 /cell/h3-187 stored
2026-09-30T17:36:27.963631Z celld-0 /cell/h3-187 facet
2026-09-30T17:36:27.973592Z celld-0 /cell/h3-181 done
2026-09-30T17:36:28.966773Z celld-0 /cell/h3-186 done
2026-09-30T17:36:29.129217Z celld-0 /cell/h3-187 done
2026-09-30T17:36:29.227957Z celld-0 /cell/h3-192 start
2026-09-30T17:36:29.228133Z celld-0 /cell/h3-192 stored
2026-09-30T17:36:29.228157Z celld-0 /cell/h3-192 facet
2026-09-30T17:36:29.853905Z celld-0 /cell/h3-196 start
2026-09-30T17:36:29.854268Z celld-0 /cell/h3-196 stored
2026-09-30T17:36:29.854284Z celld-0 /cell/h3-196 facet
2026-09-30T17:36:29.856483Z celld-0 /cell/h3-194 start
2026-09-30T17:36:29.856610Z celld-0 /cell/h3-194 stored
2026-09-30T17:36:29.856633Z celld-0 /cell/h3-194 facet
2026-09-30T17:36:30.077896Z celld-0 /cell/h3-192 done
2026-09-30T17:36:30.330662Z celld-0 /cell/h3-200 start
2026-09-30T17:36:30.330792Z celld-0 /cell/h3-200 stored
2026-09-30T17:36:30.330812Z celld-0 /cell/h3-200 facet
2026-09-30T17:36:31.028751Z celld-0 /cell/h3-203 start
2026-09-30T17:36:31.028886Z celld-0 /cell/h3-203 stored
2026-09-30T17:36:31.028905Z celld-0 /cell/h3-203 facet
2026-09-30T17:36:31.092206Z celld-0 /cell/h3-196 done
2026-09-30T17:36:31.102534Z celld-0 /cell/h3-194 done
2026-09-30T17:36:31.507216Z celld-0 /cell/h3-200 done
2026-09-30T17:36:32.062143Z celld-0 /cell/h3-207 start
2026-09-30T17:36:32.062442Z celld-0 /cell/h3-207 stored
2026-09-30T17:36:32.062488Z celld-0 /cell/h3-207 facet
2026-09-30T17:36:32.062532Z celld-0 /cell/h3-207 load
2026-09-30T17:36:32.069758Z celld-0 /cell/h3-207 loaded
2026-09-30T17:36:32.204053Z celld-0 /cell/h3-203 done
2026-09-30T17:36:32.391162Z celld-0 /cell/h3-208 start
2026-09-30T17:36:32.391343Z celld-0 /cell/h3-208 stored
2026-09-30T17:36:32.391384Z celld-0 /cell/h3-208 facet
2026-09-30T17:36:32.508244Z celld-0 /cell/h3-209 start
2026-09-30T17:36:32.508387Z celld-0 /cell/h3-209 stored
2026-09-30T17:36:32.508416Z celld-0 /cell/h3-209 facet
2026-09-30T17:36:33.208635Z celld-0 /cell/h3-207 done
2026-09-30T17:36:33.368741Z celld-0 /cell/h3-208 done
2026-09-30T17:36:33.418361Z celld-0 /cell/h3-209 done
2026-09-30T17:36:34.118386Z celld-0 /cell/h3-214 start
2026-09-30T17:36:34.118751Z celld-0 /cell/h3-214 stored
2026-09-30T17:36:34.118809Z celld-0 /cell/h3-214 facet
2026-09-30T17:36:34.395774Z celld-0 /cell/h3-216 start
2026-09-30T17:36:34.395982Z celld-0 /cell/h3-216 stored
2026-09-30T17:36:34.396022Z celld-0 /cell/h3-216 facet
2026-09-30T17:36:34.807098Z celld-0 /cell/h3-218 start
2026-09-30T17:36:34.807274Z celld-0 /cell/h3-218 stored
2026-09-30T17:36:34.807311Z celld-0 /cell/h3-218 facet
2026-09-30T17:36:34.810439Z celld-0 /cell/h3-217 start
2026-09-30T17:36:34.810559Z celld-0 /cell/h3-217 stored
2026-09-30T17:36:34.810585Z celld-0 /cell/h3-217 facet
2026-09-30T17:36:34.811049Z celld-0 /cell/h3-220 start
2026-09-30T17:36:34.811412Z celld-0 /cell/h3-220 stored
2026-09-30T17:36:34.811470Z celld-0 /cell/h3-220 facet
2026-09-30T17:36:35.121336Z celld-0 /cell/h3-221 start
2026-09-30T17:36:35.121749Z celld-0 /cell/h3-221 stored
2026-09-30T17:36:35.121791Z celld-0 /cell/h3-221 facet
2026-09-30T17:36:35.169612Z celld-0 /cell/h3-224 start
2026-09-30T17:36:35.169868Z celld-0 /cell/h3-224 stored
2026-09-30T17:36:35.169913Z celld-0 /cell/h3-224 facet
2026-09-30T17:36:35.172087Z celld-0 /cell/h3-225 start
2026-09-30T17:36:35.172183Z celld-0 /cell/h3-225 stored
2026-09-30T17:36:35.172216Z celld-0 /cell/h3-225 facet
2026-09-30T17:36:35.292731Z celld-0 /cell/h3-214 done
2026-09-30T17:36:35.529281Z celld-0 /cell/h3-216 done
2026-09-30T17:36:35.917794Z celld-0 /cell/h3-218 done
2026-09-30T17:36:35.918236Z celld-0 /cell/h3-220 done
2026-09-30T17:36:35.936335Z celld-0 /cell/h3-228 start
2026-09-30T17:36:35.936466Z celld-0 /cell/h3-228 stored
2026-09-30T17:36:35.936484Z celld-0 /cell/h3-228 facet
2026-09-30T17:36:35.938170Z celld-0 /cell/h3-217 done
2026-09-30T17:36:36.556628Z celld-0 /cell/h3-225 done
2026-09-30T17:36:36.566133Z celld-0 /cell/h3-224 done
2026-09-30T17:36:36.590920Z celld-0 /cell/h3-221 done
2026-09-30T17:36:37.411435Z celld-0 /cell/h3-232 start
2026-09-30T17:36:37.411679Z celld-0 /cell/h3-232 stored
2026-09-30T17:36:37.411725Z celld-0 /cell/h3-232 facet
2026-09-30T17:36:37.493976Z celld-0 /cell/h3-233 start
2026-09-30T17:36:37.494155Z celld-0 /cell/h3-233 stored
2026-09-30T17:36:37.494180Z celld-0 /cell/h3-233 facet
2026-09-30T17:36:37.512470Z celld-0 /cell/h3-228 done
2026-09-30T17:36:37.532349Z celld-0 /cell/h3-235 start
2026-09-30T17:36:37.532457Z celld-0 /cell/h3-235 stored
2026-09-30T17:36:37.532470Z celld-0 /cell/h3-235 facet
2026-09-30T17:36:37.998414Z celld-0 /cell/h3-237 start
2026-09-30T17:36:37.998531Z celld-0 /cell/h3-237 stored
2026-09-30T17:36:37.998564Z celld-0 /cell/h3-237 facet
2026-09-30T17:36:37.998939Z celld-0 /cell/h3-238 start
2026-09-30T17:36:37.999109Z celld-0 /cell/h3-238 stored
2026-09-30T17:36:37.999133Z celld-0 /cell/h3-238 facet
2026-09-30T17:36:38.635010Z celld-0 /cell/h3-242 start
2026-09-30T17:36:38.635236Z celld-0 /cell/h3-242 stored
2026-09-30T17:36:38.635261Z celld-0 /cell/h3-242 facet
2026-09-30T17:36:38.645652Z celld-0 /cell/h3-232 done
2026-09-30T17:36:38.804080Z celld-0 /cell/h3-235 done
2026-09-30T17:36:38.893578Z celld-0 /cell/h3-233 done
2026-09-30T17:36:39.266027Z celld-0 /cell/h3-237 done
2026-09-30T17:36:39.280233Z celld-0 /cell/h3-238 done
2026-09-30T17:36:39.344250Z celld-0 /cell/h3-243 start
2026-09-30T17:36:39.344386Z celld-0 /cell/h3-243 stored
2026-09-30T17:36:39.344416Z celld-0 /cell/h3-243 facet
2026-09-30T17:36:39.455385Z celld-0 /cell/h3-245 start
2026-09-30T17:36:39.455573Z celld-0 /cell/h3-245 stored
2026-09-30T17:36:39.455634Z celld-0 /cell/h3-245 facet
2026-09-30T17:36:39.729372Z celld-0 /cell/h3-242 done
2026-09-30T17:36:40.206207Z celld-0 /cell/h3-247 start
2026-09-30T17:36:40.206414Z celld-0 /cell/h3-247 stored
2026-09-30T17:36:40.206471Z celld-0 /cell/h3-247 facet
2026-09-30T17:36:40.518929Z celld-0 /cell/h3-251 start
2026-09-30T17:36:40.519101Z celld-0 /cell/h3-251 stored
2026-09-30T17:36:40.519140Z celld-0 /cell/h3-251 facet
2026-09-30T17:36:40.561849Z celld-0 /cell/h3-252 start
2026-09-30T17:36:40.562120Z celld-0 /cell/h3-252 stored
2026-09-30T17:36:40.562143Z celld-0 /cell/h3-252 facet
2026-09-30T17:36:40.902713Z celld-0 /cell/h3-245 done
2026-09-30T17:36:40.942164Z celld-0 /cell/h3-243 done
2026-09-30T17:36:41.572935Z celld-0 /cell/h3-255 start
2026-09-30T17:36:41.573122Z celld-0 /cell/h3-255 stored
2026-09-30T17:36:41.573171Z celld-0 /cell/h3-255 facet
2026-09-30T17:36:41.630151Z celld-0 /cell/h3-256 start
2026-09-30T17:36:41.630323Z celld-0 /cell/h3-256 stored
2026-09-30T17:36:41.630353Z celld-0 /cell/h3-256 facet
2026-09-30T17:36:41.919567Z celld-0 /cell/h3-247 done
2026-09-30T17:36:42.235533Z celld-0 /cell/h3-251 done
2026-09-30T17:36:42.409319Z celld-0 /cell/h3-257 start
2026-09-30T17:36:42.409481Z celld-0 /cell/h3-257 stored
2026-09-30T17:36:42.409520Z celld-0 /cell/h3-257 facet
2026-09-30T17:36:42.669654Z celld-0 /cell/h3-252 done
2026-09-30T17:36:42.688738Z celld-0 /cell/h3-259 start
2026-09-30T17:36:42.688983Z celld-0 /cell/h3-259 stored
2026-09-30T17:36:42.689013Z celld-0 /cell/h3-259 facet
2026-09-30T17:36:42.963809Z celld-0 /cell/h3-255 done
2026-09-30T17:36:43.016960Z celld-0 /cell/h3-256 done
2026-09-30T17:36:43.723380Z celld-0 /cell/h3-265 start
2026-09-30T17:36:43.723515Z celld-0 /cell/h3-265 stored
2026-09-30T17:36:43.723528Z celld-0 /cell/h3-265 facet
2026-09-30T17:36:43.768881Z celld-0 /cell/h3-257 done
2026-09-30T17:36:43.903295Z celld-0 /cell/h3-266 start
2026-09-30T17:36:43.903459Z celld-0 /cell/h3-266 stored
2026-09-30T17:36:43.903499Z celld-0 /cell/h3-266 facet
2026-09-30T17:36:43.930767Z celld-0 /cell/h3-259 done
2026-09-30T17:36:43.961999Z celld-0 /cell/h3-268 start
2026-09-30T17:36:43.962243Z celld-0 /cell/h3-268 stored
2026-09-30T17:36:43.962283Z celld-0 /cell/h3-268 facet
2026-09-30T17:36:44.927059Z celld-0 /cell/h3-266 done
2026-09-30T17:36:44.927398Z celld-0 /cell/h3-265 done
2026-09-30T17:36:44.947519Z celld-0 /cell/h3-268 done
2026-09-30T17:36:45.157147Z celld-0 /cell/h3-274 start
2026-09-30T17:36:45.157332Z celld-0 /cell/h3-274 stored
2026-09-30T17:36:45.157368Z celld-0 /cell/h3-274 facet
2026-09-30T17:36:45.952013Z celld-0 /cell/h3-274 done
2026-09-30T17:36:47.771980Z celld-0 /cell/h3-282 start
2026-09-30T17:36:47.772211Z celld-0 /cell/h3-282 stored
2026-09-30T17:36:47.772266Z celld-0 /cell/h3-282 facet
2026-09-30T17:36:48.198467Z celld-0 /cell/h3-282 done
2026-09-30T17:36:49.473554Z celld-0 /cell/h3-285 start
2026-09-30T17:36:49.473771Z celld-0 /cell/h3-285 stored
2026-09-30T17:36:49.473824Z celld-0 /cell/h3-285 facet
2026-09-30T17:36:50.410486Z celld-0 /cell/h3-286 start
2026-09-30T17:36:50.410699Z celld-0 /cell/h3-286 stored
2026-09-30T17:36:50.410740Z celld-0 /cell/h3-286 facet
2026-09-30T17:36:50.411291Z celld-0 /cell/h3-287 start
2026-09-30T17:36:50.411501Z celld-0 /cell/h3-287 stored
2026-09-30T17:36:50.411526Z celld-0 /cell/h3-287 facet
2026-09-30T17:36:50.817600Z celld-0 /cell/h3-285 done
2026-09-30T17:36:51.491279Z celld-0 /cell/h3-287 done
2026-09-30T17:36:51.620244Z celld-0 /cell/h3-286 done
2026-09-30T17:36:52.263284Z celld-0 /cell/h3-291 start
2026-09-30T17:36:52.263458Z celld-0 /cell/h3-291 stored
2026-09-30T17:36:52.263476Z celld-0 /cell/h3-291 facet
2026-09-30T17:36:52.610671Z celld-0 /cell/h3-292 start
2026-09-30T17:36:52.610941Z celld-0 /cell/h3-292 stored
2026-09-30T17:36:52.610980Z celld-0 /cell/h3-292 facet
2026-09-30T17:36:52.705854Z celld-0 /cell/h3-293 start
2026-09-30T17:36:52.706143Z celld-0 /cell/h3-293 stored
2026-09-30T17:36:52.706157Z celld-0 /cell/h3-293 facet
2026-09-30T17:36:53.134842Z celld-0 /cell/h3-291 done
2026-09-30T17:36:53.765786Z celld-0 /cell/h3-296 start
2026-09-30T17:36:53.765965Z celld-0 /cell/h3-296 stored
2026-09-30T17:36:53.765989Z celld-0 /cell/h3-296 facet
2026-09-30T17:36:53.778335Z celld-0 /cell/h3-292 done
2026-09-30T17:36:53.778588Z celld-0 /cell/h3-293 done
2026-09-30T17:36:54.313401Z celld-0 /cell/h3-298 start
2026-09-30T17:36:54.313562Z celld-0 /cell/h3-298 stored
2026-09-30T17:36:54.313668Z celld-0 /cell/h3-298 facet
2026-09-30T17:36:54.578110Z celld-0 /cell/h3-296 done
2026-09-30T17:36:54.826511Z celld-0 /cell/h3-298 done
2026-09-30T17:36:55.351961Z celld-0 /cell/h3-303 start
2026-09-30T17:36:55.352117Z celld-0 /cell/h3-303 stored
2026-09-30T17:36:55.352161Z celld-0 /cell/h3-303 facet
2026-09-30T17:36:55.983892Z celld-0 /cell/h3-303 done
2026-09-30T17:36:56.074236Z celld-0 /cell/h3-304 start
2026-09-30T17:36:56.074596Z celld-0 /cell/h3-304 stored
2026-09-30T17:36:56.074630Z celld-0 /cell/h3-304 facet
2026-09-30T17:36:56.463618Z celld-0 /cell/h3-304 done
2026-09-30T17:36:57.064882Z celld-0 /cell/h3-305 start
2026-09-30T17:36:57.065099Z celld-0 /cell/h3-305 stored
2026-09-30T17:36:57.065143Z celld-0 /cell/h3-305 facet
2026-09-30T17:36:57.254005Z celld-0 /cell/h3-306 start
2026-09-30T17:36:57.254270Z celld-0 /cell/h3-306 stored
2026-09-30T17:36:57.254335Z celld-0 /cell/h3-306 facet
2026-09-30T17:36:57.792682Z celld-0 /cell/h3-305 done
2026-09-30T17:36:57.839761Z celld-0 /cell/h3-310 start
2026-09-30T17:36:57.839877Z celld-0 /cell/h3-310 stored
2026-09-30T17:36:57.839905Z celld-0 /cell/h3-310 facet
2026-09-30T17:36:57.938623Z celld-0 /cell/h3-306 done
2026-09-30T17:36:58.728373Z celld-0 /cell/h3-310 done
2026-09-30T17:36:58.939651Z celld-0 /cell/h3-311 start
2026-09-30T17:36:58.939828Z celld-0 /cell/h3-311 stored
2026-09-30T17:36:58.939860Z celld-0 /cell/h3-311 facet
2026-09-30T17:36:59.299637Z celld-0 /cell/h3-311 done
2026-09-30T17:38:15.820409Z celld-0 /cell/h3-323 start
2026-09-30T17:38:15.820699Z celld-0 /cell/h3-323 stored
2026-09-30T17:38:15.820748Z celld-0 /cell/h3-323 facet
2026-09-30T17:38:15.820793Z celld-0 /cell/h3-323 load
2026-09-30T17:38:15.830537Z celld-0 /cell/h3-323 loaded
2026-09-30T17:38:15.856102Z celld-0 /cell/h3-324 start
2026-09-30T17:38:15.856306Z celld-0 /cell/h3-324 stored
2026-09-30T17:38:15.856373Z celld-0 /cell/h3-324 facet
2026-09-30T17:38:16.640958Z celld-0 /cell/h3-323 done
2026-09-30T17:38:16.691533Z celld-0 /cell/h3-324 done
2026-09-30T17:38:17.416899Z celld-0 /cell/h3-330 start
2026-09-30T17:38:17.417018Z celld-0 /cell/h3-330 stored
2026-09-30T17:38:17.417053Z celld-0 /cell/h3-330 facet
2026-09-30T17:38:17.730391Z celld-0 /cell/h3-330 done
2026-09-30T17:38:18.995471Z celld-0 /cell/h3-332 start
2026-09-30T17:38:18.995647Z celld-0 /cell/h3-332 stored
2026-09-30T17:38:18.995668Z celld-0 /cell/h3-332 facet
2026-09-30T17:38:19.522502Z celld-0 /cell/h3-332 done
2026-09-30T17:38:42.943597Z celld-0 /cell/h3-340 start
2026-09-30T17:38:42.943951Z celld-0 /cell/h3-340 stored
2026-09-30T17:38:42.944004Z celld-0 /cell/h3-340 facet
2026-09-30T17:38:42.983439Z celld-0 /cell/h3-341 start
2026-09-30T17:38:42.983646Z celld-0 /cell/h3-341 stored
2026-09-30T17:38:42.983691Z celld-0 /cell/h3-341 facet
2026-09-30T17:38:43.623277Z celld-0 /cell/h3-340 done
2026-09-30T17:38:43.661822Z celld-0 /cell/h3-342 start
2026-09-30T17:38:43.662088Z celld-0 /cell/h3-342 stored
2026-09-30T17:38:43.662124Z celld-0 /cell/h3-342 facet
2026-09-30T17:38:43.817559Z celld-0 /cell/h3-341 done
2026-09-30T17:38:44.908463Z celld-0 /cell/h3-343 start
2026-09-30T17:38:44.908612Z celld-0 /cell/h3-343 stored
2026-09-30T17:38:44.908656Z celld-0 /cell/h3-343 facet
2026-09-30T17:38:44.913438Z celld-0 /cell/h3-342 done
2026-09-30T17:38:45.058533Z celld-0 /cell/h3-344 start
2026-09-30T17:38:45.058712Z celld-0 /cell/h3-344 stored
2026-09-30T17:38:45.058747Z celld-0 /cell/h3-344 facet
2026-09-30T17:38:45.114268Z celld-0 /cell/h3-345 start
2026-09-30T17:38:45.114585Z celld-0 /cell/h3-345 stored
2026-09-30T17:38:45.114653Z celld-0 /cell/h3-345 facet
2026-09-30T17:38:45.874487Z celld-0 /cell/h3-343 done
2026-09-30T17:38:46.143569Z celld-0 /cell/h3-345 done
2026-09-30T17:38:46.145380Z celld-0 /cell/h3-344 done
2026-09-30T17:38:46.146145Z celld-0 /cell/h3-347 start
2026-09-30T17:38:46.146321Z celld-0 /cell/h3-347 stored
2026-09-30T17:38:46.146421Z celld-0 /cell/h3-347 facet
2026-09-30T17:38:46.232569Z celld-0 /cell/h3-348 start
2026-09-30T17:38:46.232707Z celld-0 /cell/h3-348 stored
2026-09-30T17:38:46.232729Z celld-0 /cell/h3-348 facet
2026-09-30T17:38:47.021747Z celld-0 /cell/h3-347 done
2026-09-30T17:38:47.025195Z celld-0 /cell/h3-348 done
2026-09-30T17:38:47.263478Z celld-0 /cell/h3-352 start
2026-09-30T17:38:47.263618Z celld-0 /cell/h3-352 stored
2026-09-30T17:38:47.263635Z celld-0 /cell/h3-352 facet
2026-09-30T17:38:47.808613Z celld-0 /cell/h3-352 done
2026-09-30T17:38:48.130825Z celld-0 /cell/h3-356 start
2026-09-30T17:38:48.131003Z celld-0 /cell/h3-356 stored
2026-09-30T17:38:48.131054Z celld-0 /cell/h3-356 facet
2026-09-30T17:38:48.924828Z celld-0 /cell/h3-356 done
2026-09-30T17:38:49.722279Z celld-0 /cell/h3-359 start
2026-09-30T17:38:49.722438Z celld-0 /cell/h3-359 stored
2026-09-30T17:38:49.722620Z celld-0 /cell/h3-359 facet
2026-09-30T17:38:50.547538Z celld-0 /cell/h3-362 start
2026-09-30T17:38:50.547697Z celld-0 /cell/h3-362 stored
2026-09-30T17:38:50.547722Z celld-0 /cell/h3-362 facet
2026-09-30T17:38:50.663327Z celld-0 /cell/h3-359 done
2026-09-30T17:38:50.897712Z celld-0 /cell/h3-363 start
2026-09-30T17:38:50.897834Z celld-0 /cell/h3-363 stored
2026-09-30T17:38:50.897854Z celld-0 /cell/h3-363 facet
2026-09-30T17:38:51.161267Z celld-0 /cell/h3-362 done
2026-09-30T17:38:51.532936Z celld-0 /cell/h3-364 start
2026-09-30T17:38:51.533059Z celld-0 /cell/h3-364 stored
2026-09-30T17:38:51.533113Z celld-0 /cell/h3-364 facet
2026-09-30T17:38:51.546608Z celld-0 /cell/h3-363 done
2026-09-30T17:38:52.066794Z celld-0 /cell/h3-366 start
2026-09-30T17:38:52.066910Z celld-0 /cell/h3-366 stored
2026-09-30T17:38:52.066940Z celld-0 /cell/h3-366 facet
2026-09-30T17:38:52.468990Z celld-0 /cell/h3-364 done
2026-09-30T17:38:52.683528Z celld-0 /cell/h3-368 start
2026-09-30T17:38:52.683676Z celld-0 /cell/h3-368 stored
2026-09-30T17:38:52.683706Z celld-0 /cell/h3-368 facet
2026-09-30T17:38:52.903923Z celld-0 /cell/h3-366 done
2026-09-30T17:38:53.497355Z celld-0 /cell/h3-368 done
2026-09-30T17:38:53.562418Z celld-0 /cell/h3-370 start
2026-09-30T17:38:53.562526Z celld-0 /cell/h3-370 stored
2026-09-30T17:38:53.562541Z celld-0 /cell/h3-370 facet
2026-09-30T17:38:53.563120Z celld-0 /cell/h3-369 start
2026-09-30T17:38:53.563245Z celld-0 /cell/h3-369 stored
2026-09-30T17:38:53.563258Z celld-0 /cell/h3-369 facet
2026-09-30T17:38:53.898166Z celld-0 /cell/h3-371 start
2026-09-30T17:38:53.898282Z celld-0 /cell/h3-371 stored
2026-09-30T17:38:53.898303Z celld-0 /cell/h3-371 facet
2026-09-30T17:38:54.221703Z celld-0 /cell/h3-369 done
2026-09-30T17:38:54.229834Z celld-0 /cell/h3-370 done
2026-09-30T17:38:54.729109Z celld-0 /cell/h3-371 done
2026-09-30T17:38:55.073500Z celld-0 /cell/h3-374 start
2026-09-30T17:38:55.073850Z celld-0 /cell/h3-374 stored
2026-09-30T17:38:55.073893Z celld-0 /cell/h3-374 facet
2026-09-30T17:38:55.431476Z celld-0 /cell/h3-374 done
2026-09-30T17:38:56.392767Z celld-0 /cell/h3-376 start
2026-09-30T17:38:56.392943Z celld-0 /cell/h3-376 stored
2026-09-30T17:38:56.392972Z celld-0 /cell/h3-376 facet
2026-09-30T17:38:56.542601Z celld-0 /cell/h3-377 start
2026-09-30T17:38:56.542775Z celld-0 /cell/h3-377 stored
2026-09-30T17:38:56.542829Z celld-0 /cell/h3-377 facet
2026-09-30T17:38:56.885297Z celld-0 /cell/h3-378 start
2026-09-30T17:38:56.885420Z celld-0 /cell/h3-378 stored
2026-09-30T17:38:56.885449Z celld-0 /cell/h3-378 facet
2026-09-30T17:38:57.218815Z celld-0 /cell/h3-376 done
2026-09-30T17:38:57.435400Z celld-0 /cell/h3-377 done
2026-09-30T17:38:57.721459Z celld-0 /cell/h3-378 done
2026-09-30T17:38:58.165412Z celld-0 /cell/h3-381 start
2026-09-30T17:38:58.165618Z celld-0 /cell/h3-381 stored
2026-09-30T17:38:58.165651Z celld-0 /cell/h3-381 facet
2026-09-30T17:38:58.621112Z celld-0 /cell/h3-382 start
2026-09-30T17:38:58.621362Z celld-0 /cell/h3-382 stored
2026-09-30T17:38:58.621404Z celld-0 /cell/h3-382 facet
2026-09-30T17:38:58.894922Z celld-0 /cell/h3-381 done
2026-09-30T17:38:59.054308Z celld-0 /cell/h3-385 start
2026-09-30T17:38:59.054472Z celld-0 /cell/h3-385 stored
2026-09-30T17:38:59.054495Z celld-0 /cell/h3-385 facet
2026-09-30T17:38:59.255100Z celld-0 /cell/h3-382 done
2026-09-30T17:38:59.793374Z celld-0 /cell/h3-385 done
2026-09-30T17:39:00.625061Z celld-0 /cell/h3-393 start
2026-09-30T17:39:00.625297Z celld-0 /cell/h3-393 stored
2026-09-30T17:39:00.625329Z celld-0 /cell/h3-393 facet
2026-09-30T17:39:01.029339Z celld-0 /cell/h3-393 done
2026-09-30T17:39:01.887711Z celld-0 /cell/h3-396 start
2026-09-30T17:39:01.887817Z celld-0 /cell/h3-396 stored
2026-09-30T17:39:01.887837Z celld-0 /cell/h3-396 facet
2026-09-30T17:39:02.179890Z celld-0 /cell/h3-398 start
2026-09-30T17:39:02.180023Z celld-0 /cell/h3-398 stored
2026-09-30T17:39:02.180546Z celld-0 /cell/h3-398 facet
2026-09-30T17:39:02.180998Z celld-0 /cell/h3-397 start
2026-09-30T17:39:02.181157Z celld-0 /cell/h3-397 stored
2026-09-30T17:39:02.181189Z celld-0 /cell/h3-397 facet
2026-09-30T17:39:02.645695Z celld-0 /cell/h3-401 start
2026-09-30T17:39:02.645921Z celld-0 /cell/h3-401 stored
2026-09-30T17:39:02.645958Z celld-0 /cell/h3-401 facet
2026-09-30T17:39:02.819073Z celld-0 /cell/h3-396 done
2026-09-30T17:39:03.088068Z celld-0 /cell/h3-397 done
2026-09-30T17:39:03.156699Z celld-0 /cell/h3-398 done
2026-09-30T17:39:03.694548Z celld-0 /cell/h3-403 start
2026-09-30T17:39:03.694653Z celld-0 /cell/h3-403 stored
2026-09-30T17:39:03.694687Z celld-0 /cell/h3-403 facet
2026-09-30T17:39:03.931640Z celld-0 /cell/h3-401 done
2026-09-30T17:39:04.341866Z celld-0 /cell/h3-406 start
2026-09-30T17:39:04.342163Z celld-0 /cell/h3-406 stored
2026-09-30T17:39:04.342231Z celld-0 /cell/h3-406 facet
2026-09-30T17:39:04.342306Z celld-0 /cell/h3-406 load
2026-09-30T17:39:04.350234Z celld-0 /cell/h3-406 loaded
2026-09-30T17:39:04.475875Z celld-0 /cell/h3-403 done
2026-09-30T17:39:05.105715Z celld-0 /cell/h3-406 done
2026-09-30T17:39:05.569985Z celld-0 /cell/h3-411 start
2026-09-30T17:39:05.570219Z celld-0 /cell/h3-411 stored
2026-09-30T17:39:05.570284Z celld-0 /cell/h3-411 facet
2026-09-30T17:39:05.859634Z celld-0 /cell/h3-412 start
2026-09-30T17:39:05.859865Z celld-0 /cell/h3-412 stored
2026-09-30T17:39:05.859913Z celld-0 /cell/h3-412 facet
2026-09-30T17:39:05.959861Z celld-0 /cell/h3-413 start
2026-09-30T17:39:05.960280Z celld-0 /cell/h3-413 stored
2026-09-30T17:39:05.960356Z celld-0 /cell/h3-413 facet
2026-09-30T17:39:06.342834Z celld-0 /cell/h3-411 done
2026-09-30T17:39:06.558882Z celld-0 /cell/h3-412 done
2026-09-30T17:39:06.582956Z celld-0 /cell/h3-413 done
2026-09-30T17:39:07.215035Z celld-0 /cell/h3-422 start
2026-09-30T17:39:07.215276Z celld-0 /cell/h3-422 stored
2026-09-30T17:39:07.215313Z celld-0 /cell/h3-422 facet
2026-09-30T17:39:07.636878Z celld-0 /cell/h3-422 done
2026-09-30T17:39:08.229660Z celld-0 /cell/h3-423 start
2026-09-30T17:39:08.229877Z celld-0 /cell/h3-423 stored
2026-09-30T17:39:08.229923Z celld-0 /cell/h3-423 facet
2026-09-30T17:39:08.597085Z celld-0 /cell/h3-424 start
2026-09-30T17:39:08.597298Z celld-0 /cell/h3-424 stored
2026-09-30T17:39:08.597326Z celld-0 /cell/h3-424 facet
2026-09-30T17:39:08.795327Z celld-0 /cell/h3-425 start
2026-09-30T17:39:08.795522Z celld-0 /cell/h3-425 stored
2026-09-30T17:39:08.795567Z celld-0 /cell/h3-425 facet
2026-09-30T17:39:08.809474Z celld-0 /cell/h3-423 done
2026-09-30T17:39:09.261404Z celld-0 /cell/h3-424 done
2026-09-30T17:39:09.531840Z celld-0 /cell/h3-425 done
2026-09-30T17:39:09.691727Z celld-0 /cell/h3-430 start
2026-09-30T17:39:09.691937Z celld-0 /cell/h3-430 stored
2026-09-30T17:39:09.692021Z celld-0 /cell/h3-430 facet
2026-09-30T17:39:10.312047Z celld-0 /cell/h3-433 start
2026-09-30T17:39:10.312211Z celld-0 /cell/h3-433 stored
2026-09-30T17:39:10.312243Z celld-0 /cell/h3-433 facet
2026-09-30T17:39:10.589075Z celld-0 /cell/h3-430 done
2026-09-30T17:39:10.904946Z celld-0 /cell/h3-433 done
2026-09-30T17:39:11.725016Z celld-0 /cell/h3-437 start
2026-09-30T17:39:11.725193Z celld-0 /cell/h3-437 stored
2026-09-30T17:39:11.725218Z celld-0 /cell/h3-437 facet
2026-09-30T17:39:11.784834Z celld-0 /cell/h3-439 start
2026-09-30T17:39:11.785007Z celld-0 /cell/h3-439 stored
2026-09-30T17:39:11.785055Z celld-0 /cell/h3-439 facet
2026-09-30T17:39:12.045200Z celld-0 /cell/h3-440 start
2026-09-30T17:39:12.045387Z celld-0 /cell/h3-440 stored
2026-09-30T17:39:12.045421Z celld-0 /cell/h3-440 facet
2026-09-30T17:39:12.473093Z celld-0 /cell/h3-439 done
2026-09-30T17:39:12.513434Z celld-0 /cell/h3-437 done
2026-09-30T17:39:12.700872Z celld-0 /cell/h3-440 done
2026-09-30T17:39:12.984454Z celld-0 /cell/h3-444 start
2026-09-30T17:39:12.984615Z celld-0 /cell/h3-444 stored
2026-09-30T17:39:12.984662Z celld-0 /cell/h3-444 facet
2026-09-30T17:39:13.514730Z celld-0 /cell/h3-446 start
2026-09-30T17:39:13.514846Z celld-0 /cell/h3-446 stored
2026-09-30T17:39:13.514875Z celld-0 /cell/h3-446 facet
2026-09-30T17:39:13.657819Z celld-0 /cell/h3-444 done
2026-09-30T17:39:14.039980Z celld-0 /cell/h3-446 done
2026-09-30T17:39:14.375519Z celld-0 /cell/h3-450 start
2026-09-30T17:39:14.375644Z celld-0 /cell/h3-450 stored
2026-09-30T17:39:14.375667Z celld-0 /cell/h3-450 facet
2026-09-30T17:39:15.285428Z celld-0 /cell/h3-450 done
2026-09-30T17:39:16.142363Z celld-0 /cell/h3-453 start
2026-09-30T17:39:16.142524Z celld-0 /cell/h3-453 stored
2026-09-30T17:39:16.142548Z celld-0 /cell/h3-453 facet
2026-09-30T17:39:16.297519Z celld-0 /cell/h3-454 start
2026-09-30T17:39:16.297733Z celld-0 /cell/h3-454 stored
2026-09-30T17:39:16.297782Z celld-0 /cell/h3-454 facet
2026-09-30T17:39:17.221839Z celld-0 /cell/h3-453 done
2026-09-30T17:39:17.280152Z celld-0 /cell/h3-454 done
2026-09-30T17:39:18.232731Z celld-0 /cell/h3-459 start
2026-09-30T17:39:18.232903Z celld-0 /cell/h3-459 stored
2026-09-30T17:39:18.232934Z celld-0 /cell/h3-459 facet
2026-09-30T17:39:18.591559Z celld-0 /cell/h3-459 done
2026-09-30T17:40:18.824201Z celld-0 /cell/h3-469 start
2026-09-30T17:40:18.824551Z celld-0 /cell/h3-469 stored
2026-09-30T17:40:18.824600Z celld-0 /cell/h3-469 facet
2026-09-30T17:40:18.824643Z celld-0 /cell/h3-469 load
2026-09-30T17:40:18.836812Z celld-0 /cell/h3-469 loaded
2026-09-30T17:40:19.101700Z celld-0 /cell/h3-469 done
2026-09-30T17:40:19.605017Z celld-0 /cell/h3-470 start
2026-09-30T17:40:19.605189Z celld-0 /cell/h3-470 stored
2026-09-30T17:40:19.605237Z celld-0 /cell/h3-470 facet
2026-09-30T17:40:19.855155Z celld-0 /cell/h3-470 done
2026-09-30T17:40:39.913995Z celld-0 /cell/h3-478 start
2026-09-30T17:40:39.914139Z celld-0 /cell/h3-478 stored
2026-09-30T17:40:39.914164Z celld-0 /cell/h3-478 facet
2026-09-30T17:40:40.257383Z celld-0 /cell/h3-478 done
2026-09-30T17:40:46.985196Z celld-0 /cell/h3-482 start
2026-09-30T17:40:46.985358Z celld-0 /cell/h3-482 stored
2026-09-30T17:40:46.985390Z celld-0 /cell/h3-482 facet
2026-09-30T17:40:47.468250Z celld-0 /cell/h3-482 done
2026-09-30T17:40:51.239813Z celld-0 /cell/h3-486 start
2026-09-30T17:40:51.240063Z celld-0 /cell/h3-486 stored
2026-09-30T17:40:51.240098Z celld-0 /cell/h3-486 facet
2026-09-30T17:40:51.591979Z celld-0 /cell/h3-486 done
2026-09-30T17:40:53.332469Z celld-0 /cell/h3-488 start
2026-09-30T17:40:53.332649Z celld-0 /cell/h3-488 stored
2026-09-30T17:40:53.332679Z celld-0 /cell/h3-488 facet
2026-09-30T17:40:53.675216Z celld-0 /cell/h3-488 done
2026-09-30T17:40:56.118333Z celld-0 /cell/h3-492 start
2026-09-30T17:40:56.118450Z celld-0 /cell/h3-492 stored
2026-09-30T17:40:56.118486Z celld-0 /cell/h3-492 facet
2026-09-30T17:40:56.491330Z celld-0 /cell/h3-492 done
2026-09-30T17:40:57.035471Z celld-0 /cell/h3-493 start
2026-09-30T17:40:57.035664Z celld-0 /cell/h3-493 stored
2026-09-30T17:40:57.035710Z celld-0 /cell/h3-493 facet
2026-09-30T17:40:57.585486Z celld-0 /cell/h3-493 done
2026-09-30T17:41:11.326812Z celld-0 /cell/h3-495 start
2026-09-30T17:41:11.326959Z celld-0 /cell/h3-495 stored
2026-09-30T17:41:11.326992Z celld-0 /cell/h3-495 facet
2026-09-30T17:41:11.787096Z celld-0 /cell/h3-495 done
2026-09-30T17:41:12.121380Z celld-0 /cell/h3-496 start
2026-09-30T17:41:12.121606Z celld-0 /cell/h3-496 stored
2026-09-30T17:41:12.121676Z celld-0 /cell/h3-496 facet
2026-09-30T17:41:12.407094Z celld-0 /cell/h3-496 done
2026-09-30T17:41:16.679327Z celld-0 /cell/h3-506 start
2026-09-30T17:41:16.679507Z celld-0 /cell/h3-506 stored
2026-09-30T17:41:16.679547Z celld-0 /cell/h3-506 facet
2026-09-30T17:41:17.183832Z celld-0 /cell/h3-508 start
2026-09-30T17:41:17.183987Z celld-0 /cell/h3-508 stored
2026-09-30T17:41:17.184014Z celld-0 /cell/h3-508 facet
2026-09-30T17:41:17.507210Z celld-0 /cell/h3-506 done
2026-09-30T17:41:17.979465Z celld-0 /cell/h3-508 done
2026-09-30T17:41:18.596834Z celld-0 /cell/h3-510 start
2026-09-30T17:41:18.597035Z celld-0 /cell/h3-510 stored
2026-09-30T17:41:18.597080Z celld-0 /cell/h3-510 facet
2026-09-30T17:41:18.804340Z celld-0 /cell/h3-512 start
2026-09-30T17:41:18.804630Z celld-0 /cell/h3-512 stored
2026-09-30T17:41:18.804668Z celld-0 /cell/h3-512 facet
2026-09-30T17:41:19.268909Z celld-0 /cell/h3-513 start
2026-09-30T17:41:19.269017Z celld-0 /cell/h3-513 stored
2026-09-30T17:41:19.269031Z celld-0 /cell/h3-513 facet
2026-09-30T17:41:19.571378Z celld-0 /cell/h3-510 done
2026-09-30T17:41:19.651197Z celld-0 /cell/h3-514 start
2026-09-30T17:41:19.651302Z celld-0 /cell/h3-514 stored
2026-09-30T17:41:19.651317Z celld-0 /cell/h3-514 facet
2026-09-30T17:41:19.770785Z celld-0 /cell/h3-512 done
2026-09-30T17:41:20.051652Z celld-0 /cell/h3-513 done
2026-09-30T17:41:20.474412Z celld-0 /cell/h3-514 done
2026-09-30T17:41:20.594778Z celld-0 /cell/h3-517 start
2026-09-30T17:41:20.594952Z celld-0 /cell/h3-517 stored
2026-09-30T17:41:20.594976Z celld-0 /cell/h3-517 facet
2026-09-30T17:41:20.938662Z celld-0 /cell/h3-517 done
2026-09-30T17:41:21.249487Z celld-0 /cell/h3-519 start
2026-09-30T17:41:21.249610Z celld-0 /cell/h3-519 stored
2026-09-30T17:41:21.249632Z celld-0 /cell/h3-519 facet
2026-09-30T17:41:21.876172Z celld-0 /cell/h3-519 done
2026-09-30T17:41:21.931230Z celld-0 /cell/h3-521 start
2026-09-30T17:41:21.931350Z celld-0 /cell/h3-521 stored
2026-09-30T17:41:21.931365Z celld-0 /cell/h3-521 facet
2026-09-30T17:41:22.508829Z celld-0 /cell/h3-521 done
2026-09-30T17:41:23.139076Z celld-0 /cell/h3-523 start
2026-09-30T17:41:23.139340Z celld-0 /cell/h3-523 stored
2026-09-30T17:41:23.139377Z celld-0 /cell/h3-523 facet
2026-09-30T17:41:23.691200Z celld-0 /cell/h3-523 done
2026-09-30T17:41:24.513942Z celld-0 /cell/h3-527 start
2026-09-30T17:41:24.514072Z celld-0 /cell/h3-527 stored
2026-09-30T17:41:24.514094Z celld-0 /cell/h3-527 facet
2026-09-30T17:41:25.153960Z celld-0 /cell/h3-527 done
2026-09-30T17:41:25.732794Z celld-0 /cell/h3-530 start
2026-09-30T17:41:25.732988Z celld-0 /cell/h3-530 stored
2026-09-30T17:41:25.733018Z celld-0 /cell/h3-530 facet
2026-09-30T17:41:26.222259Z celld-0 /cell/h3-530 done
2026-09-30T17:41:28.903591Z celld-0 /cell/h3-535 start
2026-09-30T17:41:28.903728Z celld-0 /cell/h3-535 stored
2026-09-30T17:41:28.903754Z celld-0 /cell/h3-535 facet
2026-09-30T17:41:29.198677Z celld-0 /cell/h3-535 done
2026-09-30T17:41:31.767511Z celld-0 /cell/h3-538 start
2026-09-30T17:41:31.767658Z celld-0 /cell/h3-538 stored
2026-09-30T17:41:31.767681Z celld-0 /cell/h3-538 facet
2026-09-30T17:41:32.122684Z celld-0 /cell/h3-538 done
2026-09-30T17:41:32.762438Z celld-0 /cell/h3-539 start
2026-09-30T17:41:32.762598Z celld-0 /cell/h3-539 stored
2026-09-30T17:41:32.762633Z celld-0 /cell/h3-539 facet
2026-09-30T17:41:33.352932Z celld-0 /cell/h3-539 done
2026-09-30T17:41:36.538434Z celld-0 /cell/h3-543 start
2026-09-30T17:41:36.538585Z celld-0 /cell/h3-543 stored
2026-09-30T17:41:36.538612Z celld-0 /cell/h3-543 facet
2026-09-30T17:41:36.873562Z celld-0 /cell/h3-543 done
2026-09-30T17:41:41.631420Z celld-0 /cell/h3-548 start
2026-09-30T17:41:41.631565Z celld-0 /cell/h3-548 stored
2026-09-30T17:41:41.631590Z celld-0 /cell/h3-548 facet
2026-09-30T17:41:41.919548Z celld-0 /cell/h3-548 done
2026-09-30T17:42:10.591594Z celld-0 /cell/h3-551 start
2026-09-30T17:42:10.591769Z celld-0 /cell/h3-551 stored
2026-09-30T17:42:10.591820Z celld-0 /cell/h3-551 facet
2026-09-30T17:42:10.954672Z celld-0 /cell/h3-551 done
2026-09-30T17:42:11.520643Z celld-0 /cell/h3-553 start
2026-09-30T17:42:11.520770Z celld-0 /cell/h3-553 stored
2026-09-30T17:42:11.520793Z celld-0 /cell/h3-553 facet
2026-09-30T17:42:11.857676Z celld-0 /cell/h3-553 done
2026-09-30T17:42:12.473952Z celld-0 /cell/h3-554 start
2026-09-30T17:42:12.474100Z celld-0 /cell/h3-554 stored
2026-09-30T17:42:12.474121Z celld-0 /cell/h3-554 facet
2026-09-30T17:42:12.891529Z celld-0 /cell/h3-554 done
2026-09-30T17:42:17.245197Z celld-0 /cell/h3-560 start
2026-09-30T17:42:17.245831Z celld-0 /cell/h3-560 stored
2026-09-30T17:42:17.245856Z celld-0 /cell/h3-560 facet
2026-09-30T17:42:17.501653Z celld-0 /cell/h3-560 done
2026-09-30T17:42:19.278190Z celld-0 /cell/h3-564 start
2026-09-30T17:42:19.278349Z celld-0 /cell/h3-564 stored
2026-09-30T17:42:19.278385Z celld-0 /cell/h3-564 facet
2026-09-30T17:42:19.653553Z celld-0 /cell/h3-564 done
2026-09-30T17:42:20.377341Z celld-0 /cell/h3-566 start
2026-09-30T17:42:20.377482Z celld-0 /cell/h3-566 stored
2026-09-30T17:42:20.377506Z celld-0 /cell/h3-566 facet
2026-09-30T17:42:20.780352Z celld-0 /cell/h3-566 done
2026-09-30T17:42:22.358442Z celld-0 /cell/h3-570 start
2026-09-30T17:42:22.358558Z celld-0 /cell/h3-570 stored
2026-09-30T17:42:22.358593Z celld-0 /cell/h3-570 facet
2026-09-30T17:42:22.961493Z celld-0 /cell/h3-571 start
2026-09-30T17:42:22.961634Z celld-0 /cell/h3-571 stored
2026-09-30T17:42:22.961658Z celld-0 /cell/h3-571 facet
2026-09-30T17:42:23.163749Z celld-0 /cell/h3-570 done
2026-09-30T17:42:23.468324Z celld-0 /cell/h3-571 done
2026-09-30T17:42:23.771967Z celld-0 /cell/h3-572 start
2026-09-30T17:42:23.772115Z celld-0 /cell/h3-572 stored
2026-09-30T17:42:23.772143Z celld-0 /cell/h3-572 facet
2026-09-30T17:42:23.987987Z celld-0 /cell/h3-572 done
2026-09-30T17:42:24.600436Z celld-0 /cell/h3-575 start
2026-09-30T17:42:24.600581Z celld-0 /cell/h3-575 stored
2026-09-30T17:42:24.600612Z celld-0 /cell/h3-575 facet
2026-09-30T17:42:24.883636Z celld-0 /cell/h3-575 done
2026-09-30T17:42:26.308278Z celld-0 /cell/h3-577 start
2026-09-30T17:42:26.308443Z celld-0 /cell/h3-577 stored
2026-09-30T17:42:26.308473Z celld-0 /cell/h3-577 facet
2026-09-30T17:42:26.662803Z celld-0 /cell/h3-577 done
2026-09-30T17:42:27.165423Z celld-0 /cell/h3-578 start
2026-09-30T17:42:27.165590Z celld-0 /cell/h3-578 stored
2026-09-30T17:42:27.165631Z celld-0 /cell/h3-578 facet
2026-09-30T17:42:27.342417Z celld-0 /cell/h3-578 done
2026-09-30T17:42:27.933618Z celld-0 /cell/h3-579 start
2026-09-30T17:42:27.933912Z celld-0 /cell/h3-579 stored
2026-09-30T17:42:27.933938Z celld-0 /cell/h3-579 facet
2026-09-30T17:42:28.215838Z celld-0 /cell/h3-579 done
2026-09-30T17:42:42.002265Z celld-0 /cell/h3-581 start
2026-09-30T17:42:42.002372Z celld-0 /cell/h3-581 stored
2026-09-30T17:42:42.002389Z celld-0 /cell/h3-581 facet
2026-09-30T17:42:42.300955Z celld-0 /cell/h3-581 done
2026-09-30T17:42:44.564409Z celld-0 /cell/h3-583 start
2026-09-30T17:42:44.564545Z celld-0 /cell/h3-583 stored
2026-09-30T17:42:44.564565Z celld-0 /cell/h3-583 facet
2026-09-30T17:42:45.024634Z celld-0 /cell/h3-583 done
2026-09-30T17:42:49.185454Z celld-0 /cell/h3-589 start
2026-09-30T17:42:49.185569Z celld-0 /cell/h3-589 stored
2026-09-30T17:42:49.185589Z celld-0 /cell/h3-589 facet
2026-09-30T17:42:49.720628Z celld-0 /cell/h3-590 start
2026-09-30T17:42:49.720786Z celld-0 /cell/h3-590 stored
2026-09-30T17:42:49.720867Z celld-0 /cell/h3-590 facet
2026-09-30T17:42:49.722230Z celld-0 /cell/h3-589 done
2026-09-30T17:42:50.490908Z celld-0 /cell/h3-590 done
2026-09-30T17:42:55.909403Z celld-0 /cell/h3-593 start
2026-09-30T17:42:55.909592Z celld-0 /cell/h3-593 stored
2026-09-30T17:42:55.909635Z celld-0 /cell/h3-593 facet
2026-09-30T17:42:56.266381Z celld-0 /cell/h3-593 done
2026-09-30T17:42:56.862378Z celld-0 /cell/h3-594 start
2026-09-30T17:42:56.862593Z celld-0 /cell/h3-594 stored
2026-09-30T17:42:56.862635Z celld-0 /cell/h3-594 facet
2026-09-30T17:42:57.192334Z celld-0 /cell/h3-594 done
2026-09-30T17:42:57.797136Z celld-0 /cell/h3-595 start
2026-09-30T17:42:57.797350Z celld-0 /cell/h3-595 stored
2026-09-30T17:42:57.797374Z celld-0 /cell/h3-595 facet
2026-09-30T17:42:58.009131Z celld-0 /cell/h3-595 done
2026-09-30T17:42:58.249107Z celld-0 /cell/h3-596 start
2026-09-30T17:42:58.249217Z celld-0 /cell/h3-596 stored
2026-09-30T17:42:58.249233Z celld-0 /cell/h3-596 facet
2026-09-30T17:42:58.776451Z celld-0 /cell/h3-596 done
2026-09-30T17:42:59.378392Z celld-0 /cell/h3-598 start
2026-09-30T17:42:59.378552Z celld-0 /cell/h3-598 stored
2026-09-30T17:42:59.378584Z celld-0 /cell/h3-598 facet
2026-09-30T17:42:59.710341Z celld-0 /cell/h3-598 done
2026-09-30T17:43:12.336474Z celld-0 /cell/h3-600 start
2026-09-30T17:43:12.336635Z celld-0 /cell/h3-600 stored
2026-09-30T17:43:12.336682Z celld-0 /cell/h3-600 facet
2026-09-30T17:43:12.578028Z celld-0 /cell/h3-600 done
2026-09-30T17:43:13.071994Z celld-0 /cell/h3-601 start
2026-09-30T17:43:13.072108Z celld-0 /cell/h3-601 stored
2026-09-30T17:43:13.072126Z celld-0 /cell/h3-601 facet
2026-09-30T17:43:13.346509Z celld-0 /cell/h3-601 done
2026-09-30T17:43:20.997014Z celld-0 /cell/h3-609 start
2026-09-30T17:43:20.997183Z celld-0 /cell/h3-609 stored
2026-09-30T17:43:20.997207Z celld-0 /cell/h3-609 facet
2026-09-30T17:43:21.534449Z celld-0 /cell/h3-609 done
2026-09-30T17:43:22.093240Z celld-0 /cell/h3-611 start
2026-09-30T17:43:22.093387Z celld-0 /cell/h3-611 stored
2026-09-30T17:43:22.093413Z celld-0 /cell/h3-611 facet
2026-09-30T17:43:22.432621Z celld-0 /cell/h3-611 done
2026-09-30T17:43:30.709568Z celld-0 /cell/h3-618 start
2026-09-30T17:43:30.709703Z celld-0 /cell/h3-618 stored
2026-09-30T17:43:30.709729Z celld-0 /cell/h3-618 facet
2026-09-30T17:43:31.303499Z celld-0 /cell/h3-618 done
2026-09-30T17:43:31.890013Z celld-0 /cell/h3-619 start
2026-09-30T17:43:31.890193Z celld-0 /cell/h3-619 stored
2026-09-30T17:43:31.890227Z celld-0 /cell/h3-619 facet
2026-09-30T17:43:32.357767Z celld-0 /cell/h3-619 done
2026-09-30T17:43:32.945346Z celld-0 /cell/h3-620 start
2026-09-30T17:43:32.945526Z celld-0 /cell/h3-620 stored
2026-09-30T17:43:32.945546Z celld-0 /cell/h3-620 facet
2026-09-30T17:43:33.461063Z celld-0 /cell/h3-620 done
2026-09-30T17:43:34.043779Z celld-0 /cell/h3-621 start
2026-09-30T17:43:34.043923Z celld-0 /cell/h3-621 stored
2026-09-30T17:43:34.043947Z celld-0 /cell/h3-621 facet
2026-09-30T17:43:34.432295Z celld-0 /cell/h3-621 done
2026-09-30T17:43:38.754172Z celld-0 /cell/h3-626 start
2026-09-30T17:43:38.754381Z celld-0 /cell/h3-626 stored
2026-09-30T17:43:38.754419Z celld-0 /cell/h3-626 facet
2026-09-30T17:43:39.159048Z celld-0 /cell/h3-626 done
2026-09-30T17:43:39.688406Z celld-0 /cell/h3-627 start
2026-09-30T17:43:39.688574Z celld-0 /cell/h3-627 stored
2026-09-30T17:43:39.688602Z celld-0 /cell/h3-627 facet
2026-09-30T17:43:39.934392Z celld-0 /cell/h3-627 done
2026-09-30T17:43:45.119236Z celld-0 /cell/h3-631 start
2026-09-30T17:43:45.119367Z celld-0 /cell/h3-631 stored
2026-09-30T17:43:45.119391Z celld-0 /cell/h3-631 facet
2026-09-30T17:43:45.494513Z celld-0 /cell/h3-631 done
2026-09-30T17:44:14.463436Z celld-0 /cell/h3-636 start
2026-09-30T17:44:14.463558Z celld-0 /cell/h3-636 stored
2026-09-30T17:44:14.463574Z celld-0 /cell/h3-636 facet
2026-09-30T17:44:14.747117Z celld-0 /cell/h3-636 done
2026-09-30T17:44:18.063734Z celld-0 /cell/h3-640 start
2026-09-30T17:44:18.063918Z celld-0 /cell/h3-640 stored
2026-09-30T17:44:18.063958Z celld-0 /cell/h3-640 facet
2026-09-30T17:44:18.348881Z celld-0 /cell/h3-640 done
2026-09-30T17:44:52.562598Z celld-0 /cell/h3-658 start
2026-09-30T17:44:52.562750Z celld-0 /cell/h3-658 stored
2026-09-30T17:44:52.562776Z celld-0 /cell/h3-658 facet
2026-09-30T17:44:53.065200Z celld-0 /cell/h3-658 done
2026-09-30T17:44:53.649717Z celld-0 /cell/h3-659 start
2026-09-30T17:44:53.649927Z celld-0 /cell/h3-659 stored
2026-09-30T17:44:53.649959Z celld-0 /cell/h3-659 facet
2026-09-30T17:44:54.027567Z celld-0 /cell/h3-659 done
2026-09-30T17:45:17.238277Z celld-0 /cell/h3-666 start
2026-09-30T17:45:17.238407Z celld-0 /cell/h3-666 stored
2026-09-30T17:45:17.238437Z celld-0 /cell/h3-666 facet
2026-09-30T17:45:17.543610Z celld-0 /cell/h3-666 done
2026-09-30T17:45:20.282616Z celld-0 /cell/h3-670 start
2026-09-30T17:45:20.282738Z celld-0 /cell/h3-670 stored
2026-09-30T17:45:20.282756Z celld-0 /cell/h3-670 facet
2026-09-30T17:45:20.567589Z celld-0 /cell/h3-670 done
2026-09-30T17:45:21.138698Z celld-0 /cell/h3-671 start
2026-09-30T17:45:21.138844Z celld-0 /cell/h3-671 stored
2026-09-30T17:45:21.138863Z celld-0 /cell/h3-671 facet
2026-09-30T17:45:21.465453Z celld-0 /cell/h3-671 done
2026-09-30T17:46:16.803772Z celld-0 /cell/h3-687 start
2026-09-30T17:46:16.804007Z celld-0 /cell/h3-687 stored
2026-09-30T17:46:16.804047Z celld-0 /cell/h3-687 facet
2026-09-30T17:46:16.804083Z celld-0 /cell/h3-687 load
2026-09-30T17:46:16.811718Z celld-0 /cell/h3-687 loaded
2026-09-30T17:46:17.437296Z celld-0 /cell/h3-687 done
2026-09-30T17:46:18.905552Z celld-0 /cell/h3-690 start
2026-09-30T17:46:18.905710Z celld-0 /cell/h3-690 stored
2026-09-30T17:46:18.905751Z celld-0 /cell/h3-690 facet
2026-09-30T17:46:19.171511Z celld-0 /cell/h3-690 done
2026-09-30T17:46:21.418383Z celld-0 /cell/h3-695 start
2026-09-30T17:46:21.418572Z celld-0 /cell/h3-695 stored
2026-09-30T17:46:21.418599Z celld-0 /cell/h3-695 facet
2026-09-30T17:46:21.947077Z celld-0 /cell/h3-695 done
2026-09-30T17:46:22.226349Z celld-0 /cell/h3-696 start
2026-09-30T17:46:22.226556Z celld-0 /cell/h3-696 stored
2026-09-30T17:46:22.226589Z celld-0 /cell/h3-696 facet
2026-09-30T17:46:22.565805Z celld-0 /cell/h3-696 done
2026-09-30T17:46:23.217302Z celld-0 /cell/h3-698 start
2026-09-30T17:46:23.217603Z celld-0 /cell/h3-698 stored
2026-09-30T17:46:23.217654Z celld-0 /cell/h3-698 facet
2026-09-30T17:46:23.581562Z celld-0 /cell/h3-698 done
2026-09-30T17:46:23.872533Z celld-0 /cell/h3-700 start
2026-09-30T17:46:23.872677Z celld-0 /cell/h3-700 stored
2026-09-30T17:46:23.872703Z celld-0 /cell/h3-700 facet
2026-09-30T17:46:24.155126Z celld-0 /cell/h3-700 done
2026-09-30T17:46:46.645333Z celld-0 /cell/h3-711 start
2026-09-30T17:46:46.645459Z celld-0 /cell/h3-711 stored
2026-09-30T17:46:46.645487Z celld-0 /cell/h3-711 facet
2026-09-30T17:46:46.861618Z celld-0 /cell/h3-711 done
2026-09-30T17:46:47.626952Z celld-0 /cell/h3-712 start
2026-09-30T17:46:47.627103Z celld-0 /cell/h3-712 stored
2026-09-30T17:46:47.627147Z celld-0 /cell/h3-712 facet
2026-09-30T17:46:48.695436Z celld-0 /cell/h3-714 start
2026-09-30T17:46:48.695598Z celld-0 /cell/h3-714 stored
2026-09-30T17:46:48.695653Z celld-0 /cell/h3-714 facet
2026-09-30T17:46:48.988382Z celld-0 /cell/h3-712 done
2026-09-30T17:46:49.669077Z celld-0 /cell/h3-714 done
2026-09-30T17:46:50.515072Z celld-0 /cell/h3-716 start
2026-09-30T17:46:50.515301Z celld-0 /cell/h3-716 stored
2026-09-30T17:46:50.515343Z celld-0 /cell/h3-716 facet
2026-09-30T17:46:51.286364Z celld-0 /cell/h3-716 done
2026-09-30T17:46:53.581182Z celld-0 /cell/h3-722 start
2026-09-30T17:46:53.581306Z celld-0 /cell/h3-722 stored
2026-09-30T17:46:53.581329Z celld-0 /cell/h3-722 facet
2026-09-30T17:46:54.157327Z celld-0 /cell/h3-723 start
2026-09-30T17:46:54.157471Z celld-0 /cell/h3-723 stored
2026-09-30T17:46:54.157500Z celld-0 /cell/h3-723 facet
2026-09-30T17:46:54.297967Z celld-0 /cell/h3-722 done
2026-09-30T17:46:54.524414Z celld-0 /cell/h3-723 done
2026-09-30T17:46:54.886239Z celld-0 /cell/h3-724 start
2026-09-30T17:46:54.886363Z celld-0 /cell/h3-724 stored
2026-09-30T17:46:54.886384Z celld-0 /cell/h3-724 facet
2026-09-30T17:46:55.385528Z celld-0 /cell/h3-724 done
2026-09-30T17:46:56.008331Z celld-0 /cell/h3-727 start
2026-09-30T17:46:56.008457Z celld-0 /cell/h3-727 stored
2026-09-30T17:46:56.008477Z celld-0 /cell/h3-727 facet
2026-09-30T17:46:56.413185Z celld-0 /cell/h3-727 done
2026-09-30T17:46:57.834715Z celld-0 /cell/h3-729 start
2026-09-30T17:46:57.834978Z celld-0 /cell/h3-729 stored
2026-09-30T17:46:57.835004Z celld-0 /cell/h3-729 facet
2026-09-30T17:46:58.125891Z celld-0 /cell/h3-729 done
2026-09-30T17:46:58.578300Z celld-0 /cell/h3-730 start
2026-09-30T17:46:58.578485Z celld-0 /cell/h3-730 stored
2026-09-30T17:46:58.578526Z celld-0 /cell/h3-730 facet
2026-09-30T17:46:58.994200Z celld-0 /cell/h3-730 done
2026-09-30T17:46:59.565015Z celld-0 /cell/h3-732 start
2026-09-30T17:46:59.565197Z celld-0 /cell/h3-732 stored
2026-09-30T17:46:59.565228Z celld-0 /cell/h3-732 facet
2026-09-30T17:46:59.866771Z celld-0 /cell/h3-732 done
2026-09-30T17:47:00.516010Z celld-0 /cell/h3-734 start
2026-09-30T17:47:00.516169Z celld-0 /cell/h3-734 stored
2026-09-30T17:47:00.516186Z celld-0 /cell/h3-734 facet
2026-09-30T17:47:00.951219Z celld-0 /cell/h3-734 done
2026-09-30T17:47:01.842918Z celld-0 /cell/h3-735 start
2026-09-30T17:47:01.843128Z celld-0 /cell/h3-735 stored
2026-09-30T17:47:01.843172Z celld-0 /cell/h3-735 facet
2026-09-30T17:47:02.136212Z celld-0 /cell/h3-735 done
2026-09-30T17:47:19.919685Z celld-0 /cell/h3-741 start
2026-09-30T17:47:19.919872Z celld-0 /cell/h3-741 stored
2026-09-30T17:47:19.919920Z celld-0 /cell/h3-741 facet
2026-09-30T17:47:20.431608Z celld-0 /cell/h3-741 done
2026-09-30T17:47:21.070998Z celld-0 /cell/h3-742 start
2026-09-30T17:47:21.071159Z celld-0 /cell/h3-742 stored
2026-09-30T17:47:21.071187Z celld-0 /cell/h3-742 facet
2026-09-30T17:47:21.724011Z celld-0 /cell/h3-742 done
2026-09-30T17:47:22.291336Z celld-0 /cell/h3-743 start
2026-09-30T17:47:22.291441Z celld-0 /cell/h3-743 stored
2026-09-30T17:47:22.291458Z celld-0 /cell/h3-743 facet
2026-09-30T17:47:22.626166Z celld-0 /cell/h3-743 done
2026-09-30T17:47:23.254550Z celld-0 /cell/h3-745 start
2026-09-30T17:47:23.254684Z celld-0 /cell/h3-745 stored
2026-09-30T17:47:23.254707Z celld-0 /cell/h3-745 facet
2026-09-30T17:47:23.653099Z celld-0 /cell/h3-745 done
2026-09-30T17:47:28.198263Z celld-0 /cell/h3-753 start
2026-09-30T17:47:28.198378Z celld-0 /cell/h3-753 stored
2026-09-30T17:47:28.198395Z celld-0 /cell/h3-753 facet
2026-09-30T17:47:28.535509Z celld-0 /cell/h3-753 done
2026-09-30T17:47:29.202568Z celld-0 /cell/h3-754 start
2026-09-30T17:47:29.202694Z celld-0 /cell/h3-754 stored
2026-09-30T17:47:29.202713Z celld-0 /cell/h3-754 facet
2026-09-30T17:47:29.638110Z celld-0 /cell/h3-754 done
2026-09-30T17:47:32.278559Z celld-0 /cell/h3-758 start
2026-09-30T17:47:32.278679Z celld-0 /cell/h3-758 stored
2026-09-30T17:47:32.278697Z celld-0 /cell/h3-758 facet
2026-09-30T17:47:32.470944Z celld-0 /cell/h3-758 done
2026-09-30T17:47:33.164225Z celld-0 /cell/h3-759 start
2026-09-30T17:47:33.164352Z celld-0 /cell/h3-759 stored
2026-09-30T17:47:33.164379Z celld-0 /cell/h3-759 facet
2026-09-30T17:47:33.378456Z celld-0 /cell/h3-759 done
2026-09-30T17:47:35.064485Z celld-0 /cell/h3-761 start
2026-09-30T17:47:35.064591Z celld-0 /cell/h3-761 stored
2026-09-30T17:47:35.064609Z celld-0 /cell/h3-761 facet
2026-09-30T17:47:35.446537Z celld-0 /cell/h3-761 done
2026-09-30T17:47:41.599636Z celld-0 /cell/h3-763 start
2026-09-30T17:47:41.599805Z celld-0 /cell/h3-763 stored
2026-09-30T17:47:41.599857Z celld-0 /cell/h3-763 facet
2026-09-30T17:47:42.123795Z celld-0 /cell/h3-763 done
2026-09-30T17:48:13.615403Z celld-0 /cell/h3-768 start
2026-09-30T17:48:13.615522Z celld-0 /cell/h3-768 stored
2026-09-30T17:48:13.615542Z celld-0 /cell/h3-768 facet
2026-09-30T17:48:13.837511Z celld-0 /cell/h3-768 done
2026-09-30T17:48:23.584430Z celld-0 /cell/h3-773 start
2026-09-30T17:48:23.584595Z celld-0 /cell/h3-773 stored
2026-09-30T17:48:23.584616Z celld-0 /cell/h3-773 facet
2026-09-30T17:48:24.048269Z celld-0 /cell/h3-773 done
2026-09-30T17:48:25.819767Z celld-0 /cell/h3-777 start
2026-09-30T17:48:25.819911Z celld-0 /cell/h3-777 stored
2026-09-30T17:48:25.819944Z celld-0 /cell/h3-777 facet
2026-09-30T17:48:26.230343Z celld-0 /cell/h3-778 start
2026-09-30T17:48:26.230456Z celld-0 /cell/h3-778 stored
2026-09-30T17:48:26.230549Z celld-0 /cell/h3-778 facet
2026-09-30T17:48:26.309865Z celld-0 /cell/h3-777 done
2026-09-30T17:48:26.663486Z celld-0 /cell/h3-778 done
2026-09-30T17:48:50.339218Z celld-0 /cell/h3-785 start
2026-09-30T17:48:50.339367Z celld-0 /cell/h3-785 stored
2026-09-30T17:48:50.339392Z celld-0 /cell/h3-785 facet
2026-09-30T17:48:50.690869Z celld-0 /cell/h3-785 done
2026-09-30T17:48:55.117976Z celld-0 /cell/h3-790 start
2026-09-30T17:48:55.118126Z celld-0 /cell/h3-790 stored
2026-09-30T17:48:55.118143Z celld-0 /cell/h3-790 facet
2026-09-30T17:48:55.821252Z celld-0 /cell/h3-790 done
2026-09-30T17:49:02.848932Z celld-0 /cell/h3-796 start
2026-09-30T17:49:02.849155Z celld-0 /cell/h3-796 stored
2026-09-30T17:49:02.849212Z celld-0 /cell/h3-796 facet
2026-09-30T17:49:03.270057Z celld-0 /cell/h3-796 done
2026-09-30T17:49:04.029082Z celld-0 /cell/h3-798 start
2026-09-30T17:49:04.029198Z celld-0 /cell/h3-798 stored
2026-09-30T17:49:04.029217Z celld-0 /cell/h3-798 facet
2026-09-30T17:49:04.352936Z celld-0 /cell/h3-798 done
2026-09-30T17:49:07.751949Z celld-0 /cell/h3-803 start
2026-09-30T17:49:07.752079Z celld-0 /cell/h3-803 stored
2026-09-30T17:49:07.752096Z celld-0 /cell/h3-803 facet
2026-09-30T17:49:08.046232Z celld-0 /cell/h3-803 done
2026-09-30T17:49:08.687998Z celld-0 /cell/h3-804 start
2026-09-30T17:49:08.688148Z celld-0 /cell/h3-804 stored
2026-09-30T17:49:08.688182Z celld-0 /cell/h3-804 facet
2026-09-30T17:49:09.081783Z celld-0 /cell/h3-804 done
2026-09-30T17:49:10.475884Z celld-0 /cell/h3-806 start
2026-09-30T17:49:10.475987Z celld-0 /cell/h3-806 stored
2026-09-30T17:49:10.476008Z celld-0 /cell/h3-806 facet
2026-09-30T17:49:10.748032Z celld-0 /cell/h3-806 done
2026-09-30T17:49:23.376239Z celld-0 /cell/h3-809 start
2026-09-30T17:49:23.376432Z celld-0 /cell/h3-809 stored
2026-09-30T17:49:23.376489Z celld-0 /cell/h3-809 facet
2026-09-30T17:49:23.682343Z celld-0 /cell/h3-810 start
2026-09-30T17:49:23.682556Z celld-0 /cell/h3-810 stored
2026-09-30T17:49:23.682608Z celld-0 /cell/h3-810 facet
2026-09-30T17:49:23.958472Z celld-0 /cell/h3-809 done
2026-09-30T17:49:24.397651Z celld-0 /cell/h3-810 done
2026-09-30T17:49:24.618617Z celld-0 /cell/h3-812 start
2026-09-30T17:49:24.618743Z celld-0 /cell/h3-812 stored
2026-09-30T17:49:24.618763Z celld-0 /cell/h3-812 facet
2026-09-30T17:49:24.860158Z celld-0 /cell/h3-812 done
2026-09-30T17:49:25.157277Z celld-0 /cell/h3-813 start
2026-09-30T17:49:25.157395Z celld-0 /cell/h3-813 stored
2026-09-30T17:49:25.157411Z celld-0 /cell/h3-813 facet
2026-09-30T17:49:25.589288Z celld-0 /cell/h3-813 done
2026-09-30T17:49:25.834597Z celld-0 /cell/h3-814 start
2026-09-30T17:49:25.834728Z celld-0 /cell/h3-814 stored
2026-09-30T17:49:25.834744Z celld-0 /cell/h3-814 facet
2026-09-30T17:49:26.389420Z celld-0 /cell/h3-814 done
2026-09-30T17:49:28.240958Z celld-0 /cell/h3-820 start
2026-09-30T17:49:28.241098Z celld-0 /cell/h3-820 stored
2026-09-30T17:49:28.241119Z celld-0 /cell/h3-820 facet
2026-09-30T17:49:28.577930Z celld-0 /cell/h3-820 done
2026-09-30T17:49:31.099381Z celld-0 /cell/h3-824 start
2026-09-30T17:49:31.099515Z celld-0 /cell/h3-824 stored
2026-09-30T17:49:31.099543Z celld-0 /cell/h3-824 facet
2026-09-30T17:49:31.466474Z celld-0 /cell/h3-825 start
2026-09-30T17:49:31.466582Z celld-0 /cell/h3-825 stored
2026-09-30T17:49:31.466601Z celld-0 /cell/h3-825 facet
2026-09-30T17:49:31.484339Z celld-0 /cell/h3-824 done
2026-09-30T17:49:31.896722Z celld-0 /cell/h3-825 done
2026-09-30T17:49:36.009082Z celld-0 /cell/h3-830 start
2026-09-30T17:49:36.009196Z celld-0 /cell/h3-830 stored
2026-09-30T17:49:36.009211Z celld-0 /cell/h3-830 facet
2026-09-30T17:49:36.355954Z celld-0 /cell/h3-830 done
2026-09-30T17:49:36.935055Z celld-0 /cell/h3-831 start
2026-09-30T17:49:36.935167Z celld-0 /cell/h3-831 stored
2026-09-30T17:49:36.935184Z celld-0 /cell/h3-831 facet
2026-09-30T17:49:37.265380Z celld-0 /cell/h3-831 done
2026-09-30T17:49:46.284386Z celld-0 /cell/h3-836 start
2026-09-30T17:49:46.284515Z celld-0 /cell/h3-836 stored
2026-09-30T17:49:46.284540Z celld-0 /cell/h3-836 facet
2026-09-30T17:49:46.597811Z celld-0 /cell/h3-836 done
2026-09-30T17:50:15.587766Z celld-0 /cell/h3-838 start
2026-09-30T17:50:15.587931Z celld-0 /cell/h3-838 stored
2026-09-30T17:50:15.587963Z celld-0 /cell/h3-838 facet
2026-09-30T17:50:15.980598Z celld-0 /cell/h3-838 done
2026-09-30T17:50:16.212974Z celld-0 /cell/h3-839 start
2026-09-30T17:50:16.213093Z celld-0 /cell/h3-839 stored
2026-09-30T17:50:16.213111Z celld-0 /cell/h3-839 facet
2026-09-30T17:50:16.499907Z celld-0 /cell/h3-839 done
2026-09-30T17:50:18.608725Z celld-0 /cell/h3-843 start
2026-09-30T17:50:18.608838Z celld-0 /cell/h3-843 stored
2026-09-30T17:50:18.608857Z celld-0 /cell/h3-843 facet
2026-09-30T17:50:18.990549Z celld-0 /cell/h3-843 done
2026-09-30T17:50:19.596471Z celld-0 /cell/h3-844 start
2026-09-30T17:50:19.596653Z celld-0 /cell/h3-844 stored
2026-09-30T17:50:19.596692Z celld-0 /cell/h3-844 facet
2026-09-30T17:50:20.215576Z celld-0 /cell/h3-844 done
2026-09-30T17:50:20.600943Z celld-0 /cell/h3-845 start
2026-09-30T17:50:20.601092Z celld-0 /cell/h3-845 stored
2026-09-30T17:50:20.601110Z celld-0 /cell/h3-845 facet
2026-09-30T17:50:20.946880Z celld-0 /cell/h3-845 done
2026-09-30T17:50:24.654074Z celld-0 /cell/h3-849 start
2026-09-30T17:50:24.654280Z celld-0 /cell/h3-849 stored
2026-09-30T17:50:24.654325Z celld-0 /cell/h3-849 facet
2026-09-30T17:50:24.971728Z celld-0 /cell/h3-849 done
2026-09-30T17:50:28.212412Z celld-0 /cell/h3-855 start
2026-09-30T17:50:28.212596Z celld-0 /cell/h3-855 stored
2026-09-30T17:50:28.212624Z celld-0 /cell/h3-855 facet
2026-09-30T17:50:28.510023Z celld-0 /cell/h3-855 done
2026-09-30T17:50:33.900396Z celld-0 /cell/h3-860 start
2026-09-30T17:50:33.900543Z celld-0 /cell/h3-860 stored
2026-09-30T17:50:33.900574Z celld-0 /cell/h3-860 facet
2026-09-30T17:50:34.260885Z celld-0 /cell/h3-860 done
2026-09-30T17:50:52.139862Z celld-0 /cell/h3-862 start
2026-09-30T17:50:52.140047Z celld-0 /cell/h3-862 stored
2026-09-30T17:50:52.140069Z celld-0 /cell/h3-862 facet
2026-09-30T17:50:52.506960Z celld-0 /cell/h3-862 done
2026-09-30T17:51:17.127300Z celld-0 /cell/h3-874 start
2026-09-30T17:51:17.127415Z celld-0 /cell/h3-874 stored
2026-09-30T17:51:17.127432Z celld-0 /cell/h3-874 facet
2026-09-30T17:51:17.542243Z celld-0 /cell/h3-874 done
2026-09-30T17:51:18.116918Z celld-0 /cell/h3-875 start
2026-09-30T17:51:18.117077Z celld-0 /cell/h3-875 stored
2026-09-30T17:51:18.117097Z celld-0 /cell/h3-875 facet
2026-09-30T17:51:18.412601Z celld-0 /cell/h3-875 done
2026-09-30T17:51:19.049806Z celld-0 /cell/h3-876 start
2026-09-30T17:51:19.050058Z celld-0 /cell/h3-876 stored
2026-09-30T17:51:19.050093Z celld-0 /cell/h3-876 facet
2026-09-30T17:51:19.373294Z celld-0 /cell/h3-876 done
2026-09-30T17:51:20.971682Z celld-0 /cell/h3-878 start
2026-09-30T17:51:20.971861Z celld-0 /cell/h3-878 stored
2026-09-30T17:51:20.971893Z celld-0 /cell/h3-878 facet
2026-09-30T17:51:21.297093Z celld-0 /cell/h3-878 done
2026-09-30T17:51:28.191876Z celld-0 /cell/h3-884 start
2026-09-30T17:51:28.192045Z celld-0 /cell/h3-884 stored
2026-09-30T17:51:28.192070Z celld-0 /cell/h3-884 facet
2026-09-30T17:51:28.527910Z celld-0 /cell/h3-884 done
2026-09-30T17:51:43.738873Z celld-0 /cell/h3-890 start
2026-09-30T17:51:43.739021Z celld-0 /cell/h3-890 stored
2026-09-30T17:51:43.739058Z celld-0 /cell/h3-890 facet
2026-09-30T17:51:44.113957Z celld-0 /cell/h3-890 done
2026-09-30T17:51:47.259351Z celld-0 /cell/h3-892 start
2026-09-30T17:51:47.259517Z celld-0 /cell/h3-892 stored
2026-09-30T17:51:47.259549Z celld-0 /cell/h3-892 facet
2026-09-30T17:51:47.748019Z celld-0 /cell/h3-892 done
2026-09-30T17:51:48.372060Z celld-0 /cell/h3-893 start
2026-09-30T17:51:48.372243Z celld-0 /cell/h3-893 stored
2026-09-30T17:51:48.372277Z celld-0 /cell/h3-893 facet
2026-09-30T17:51:48.930909Z celld-0 /cell/h3-893 done
2026-09-30T17:51:49.515804Z celld-0 /cell/h3-894 start
2026-09-30T17:51:49.515927Z celld-0 /cell/h3-894 stored
2026-09-30T17:51:49.515957Z celld-0 /cell/h3-894 facet
2026-09-30T17:51:50.214681Z celld-0 /cell/h3-894 done
2026-09-30T17:52:21.549272Z celld-0 /cell/h3-900 start
2026-09-30T17:52:21.549449Z celld-0 /cell/h3-900 stored
2026-09-30T17:52:21.549483Z celld-0 /cell/h3-900 facet
2026-09-30T17:52:21.923461Z celld-0 /cell/h3-900 done
2026-09-30T17:34:06.378093Z celld-1 /cell/h3-18 start
2026-09-30T17:34:06.378262Z celld-1 /cell/h3-18 stored
2026-09-30T17:34:06.378298Z celld-1 /cell/h3-18 facet
2026-09-30T17:34:06.425802Z celld-1 /cell/h3-9 start
2026-09-30T17:34:06.426089Z celld-1 /cell/h3-9 stored
2026-09-30T17:34:06.426130Z celld-1 /cell/h3-9 facet
2026-09-30T17:34:06.428963Z celld-1 /cell/h3-1 start
2026-09-30T17:34:06.429102Z celld-1 /cell/h3-1 stored
2026-09-30T17:34:06.429122Z celld-1 /cell/h3-1 facet
2026-09-30T17:34:06.431424Z celld-1 /cell/h3-8 start
2026-09-30T17:34:06.431558Z celld-1 /cell/h3-8 stored
2026-09-30T17:34:06.431589Z celld-1 /cell/h3-8 facet
2026-09-30T17:34:06.432131Z celld-1 /cell/h3-24 start
2026-09-30T17:34:06.432352Z celld-1 /cell/h3-24 stored
2026-09-30T17:34:06.432381Z celld-1 /cell/h3-24 facet
2026-09-30T17:34:06.639628Z celld-1 /cell/h3-16 start
2026-09-30T17:34:06.639744Z celld-1 /cell/h3-16 stored
2026-09-30T17:34:06.639761Z celld-1 /cell/h3-16 facet
2026-09-30T17:34:07.754407Z celld-1 /cell/h3-18 done
2026-09-30T17:34:08.205481Z celld-1 /cell/h3-8 done
2026-09-30T17:34:08.246177Z celld-1 /cell/h3-24 done
2026-09-30T17:34:08.281003Z celld-1 /cell/h3-1 done
2026-09-30T17:34:08.354236Z celld-1 /cell/h3-9 done
2026-09-30T17:34:08.618919Z celld-1 /cell/h3-16 done
2026-09-30T17:34:09.638562Z celld-1 /cell/h3-25 start
2026-09-30T17:34:09.638709Z celld-1 /cell/h3-25 stored
2026-09-30T17:34:09.638753Z celld-1 /cell/h3-25 facet
2026-09-30T17:34:09.966240Z celld-1 /cell/h3-27 start
2026-09-30T17:34:09.966377Z celld-1 /cell/h3-27 stored
2026-09-30T17:34:09.966397Z celld-1 /cell/h3-27 facet
2026-09-30T17:34:09.991566Z celld-1 /cell/h3-30 start
2026-09-30T17:34:09.991725Z celld-1 /cell/h3-30 stored
2026-09-30T17:34:09.991745Z celld-1 /cell/h3-30 facet
2026-09-30T17:34:10.293074Z celld-1 /cell/h3-32 start
2026-09-30T17:34:10.293189Z celld-1 /cell/h3-32 stored
2026-09-30T17:34:10.293215Z celld-1 /cell/h3-32 facet
2026-09-30T17:34:10.323498Z celld-1 /cell/h3-33 start
2026-09-30T17:34:10.323604Z celld-1 /cell/h3-33 stored
2026-09-30T17:34:10.323621Z celld-1 /cell/h3-33 facet
2026-09-30T17:34:10.437960Z celld-1 /cell/h3-35 start
2026-09-30T17:34:10.438372Z celld-1 /cell/h3-35 stored
2026-09-30T17:34:10.438407Z celld-1 /cell/h3-35 facet
2026-09-30T17:34:10.519658Z celld-1 /cell/h3-36 start
2026-09-30T17:34:10.519789Z celld-1 /cell/h3-36 stored
2026-09-30T17:34:10.519803Z celld-1 /cell/h3-36 facet
2026-09-30T17:34:11.439266Z celld-1 /cell/h3-25 done
2026-09-30T17:34:11.504165Z celld-1 /cell/h3-27 done
2026-09-30T17:34:11.507187Z celld-1 /cell/h3-30 done
2026-09-30T17:34:12.840979Z celld-1 /cell/h3-43 start
2026-09-30T17:34:12.841200Z celld-1 /cell/h3-43 stored
2026-09-30T17:34:12.841234Z celld-1 /cell/h3-43 facet
2026-09-30T17:34:13.232647Z celld-1 /cell/h3-50 start
2026-09-30T17:34:13.232794Z celld-1 /cell/h3-50 stored
2026-09-30T17:34:13.232824Z celld-1 /cell/h3-50 facet
2026-09-30T17:34:13.235912Z celld-1 /cell/h3-48 start
2026-09-30T17:34:13.236004Z celld-1 /cell/h3-48 stored
2026-09-30T17:34:13.236016Z celld-1 /cell/h3-48 facet
2026-09-30T17:34:13.236628Z celld-1 /cell/h3-49 start
2026-09-30T17:34:13.236892Z celld-1 /cell/h3-49 stored
2026-09-30T17:34:13.236915Z celld-1 /cell/h3-49 facet
2026-09-30T17:34:16.210469Z celld-1 /cell/h3-63 start
2026-09-30T17:34:16.210648Z celld-1 /cell/h3-63 stored
2026-09-30T17:34:16.210661Z celld-1 /cell/h3-63 facet
2026-09-30T17:34:16.213208Z celld-1 /cell/h3-60 start
2026-09-30T17:34:16.213456Z celld-1 /cell/h3-60 stored
2026-09-30T17:34:16.213478Z celld-1 /cell/h3-60 facet
2026-09-30T17:34:16.336638Z celld-1 /cell/h3-65 start
2026-09-30T17:34:16.336860Z celld-1 /cell/h3-65 stored
2026-09-30T17:34:16.336903Z celld-1 /cell/h3-65 facet
2026-09-30T17:34:16.614965Z celld-1 /cell/h3-67 start
2026-09-30T17:34:16.615191Z celld-1 /cell/h3-67 stored
2026-09-30T17:34:16.615293Z celld-1 /cell/h3-67 facet
2026-09-30T17:34:17.864152Z celld-1 /cell/h3-72 start
2026-09-30T17:34:17.864322Z celld-1 /cell/h3-72 stored
2026-09-30T17:34:17.864336Z celld-1 /cell/h3-72 facet
2026-09-30T17:34:18.804130Z celld-1 /cell/h3-76 start
2026-09-30T17:34:18.804330Z celld-1 /cell/h3-76 stored
2026-09-30T17:34:18.804368Z celld-1 /cell/h3-76 facet
2026-09-30T17:34:19.693674Z celld-1 /cell/h3-77 start
2026-09-30T17:34:19.693792Z celld-1 /cell/h3-77 stored
2026-09-30T17:34:19.693806Z celld-1 /cell/h3-77 facet
2026-09-30T17:34:20.922700Z celld-1 /cell/h3-83 start
2026-09-30T17:34:20.922837Z celld-1 /cell/h3-83 stored
2026-09-30T17:34:20.922871Z celld-1 /cell/h3-83 facet
2026-09-30T17:34:20.959635Z celld-1 /cell/h3-85 start
2026-09-30T17:34:20.959751Z celld-1 /cell/h3-85 stored
2026-09-30T17:34:20.959779Z celld-1 /cell/h3-85 facet
2026-09-30T17:34:22.410225Z celld-1 /cell/h3-87 start
2026-09-30T17:34:22.410386Z celld-1 /cell/h3-87 stored
2026-09-30T17:34:22.410419Z celld-1 /cell/h3-87 facet
2026-09-30T17:34:24.024253Z celld-1 /cell/h3-89 start
2026-09-30T17:34:24.024546Z celld-1 /cell/h3-89 stored
2026-09-30T17:34:24.024568Z celld-1 /cell/h3-89 facet
2026-09-30T17:34:25.803366Z celld-1 /cell/h3-94 start
2026-09-30T17:34:25.803517Z celld-1 /cell/h3-94 stored
2026-09-30T17:34:25.803540Z celld-1 /cell/h3-94 facet
2026-09-30T17:34:27.511942Z celld-1 /cell/h3-98 start
2026-09-30T17:34:27.512173Z celld-1 /cell/h3-98 stored
2026-09-30T17:34:27.512211Z celld-1 /cell/h3-98 facet
2026-09-30T17:34:28.039809Z celld-1 /cell/h3-99 start
2026-09-30T17:34:28.040040Z celld-1 /cell/h3-99 stored
2026-09-30T17:34:28.040074Z celld-1 /cell/h3-99 facet
2026-09-30T17:34:30.358605Z celld-1 /cell/h3-102 start
2026-09-30T17:34:30.358715Z celld-1 /cell/h3-102 stored
2026-09-30T17:34:30.358728Z celld-1 /cell/h3-102 facet
2026-09-30T17:34:34.297426Z celld-1 /cell/h3-106 start
2026-09-30T17:34:34.297571Z celld-1 /cell/h3-106 stored
2026-09-30T17:34:34.297603Z celld-1 /cell/h3-106 facet
2026-09-30T17:34:34.797041Z celld-1 /cell/h3-106 done
2026-09-30T17:34:41.616316Z celld-1 /cell/h3-110 start
2026-09-30T17:34:41.616494Z celld-1 /cell/h3-110 stored
2026-09-30T17:34:41.616523Z celld-1 /cell/h3-110 facet
2026-09-30T17:36:09.394472Z celld-1 /cell/h3-113 start
2026-09-30T17:36:09.394662Z celld-1 /cell/h3-113 stored
2026-09-30T17:36:09.394705Z celld-1 /cell/h3-113 facet
2026-09-30T17:36:11.008495Z celld-1 /cell/h3-115 start
2026-09-30T17:36:11.008719Z celld-1 /cell/h3-115 stored
2026-09-30T17:36:11.008757Z celld-1 /cell/h3-115 facet
2026-09-30T17:36:11.370787Z celld-1 /cell/h3-117 start
2026-09-30T17:36:11.370960Z celld-1 /cell/h3-117 stored
2026-09-30T17:36:11.371020Z celld-1 /cell/h3-117 facet
2026-09-30T17:36:15.704375Z celld-1 /cell/h3-128 start
2026-09-30T17:36:15.704557Z celld-1 /cell/h3-128 stored
2026-09-30T17:36:15.704611Z celld-1 /cell/h3-128 facet
2026-09-30T17:36:16.250693Z celld-1 /cell/h3-131 start
2026-09-30T17:36:16.250876Z celld-1 /cell/h3-131 stored
2026-09-30T17:36:16.250906Z celld-1 /cell/h3-131 facet
2026-09-30T17:36:16.251323Z celld-1 /cell/h3-130 start
2026-09-30T17:36:16.251471Z celld-1 /cell/h3-130 stored
2026-09-30T17:36:16.251510Z celld-1 /cell/h3-130 facet
2026-09-30T17:36:16.675400Z celld-1 /cell/h3-133 start
2026-09-30T17:36:16.675515Z celld-1 /cell/h3-133 stored
2026-09-30T17:36:16.675537Z celld-1 /cell/h3-133 facet
2026-09-30T17:36:16.996410Z celld-1 /cell/h3-134 start
2026-09-30T17:36:16.996736Z celld-1 /cell/h3-134 stored
2026-09-30T17:36:16.996764Z celld-1 /cell/h3-134 facet
2026-09-30T17:36:18.352977Z celld-1 /cell/h3-140 start
2026-09-30T17:36:18.353331Z celld-1 /cell/h3-140 stored
2026-09-30T17:36:18.353387Z celld-1 /cell/h3-140 facet
2026-09-30T17:36:18.353445Z celld-1 /cell/h3-140 load
2026-09-30T17:36:18.362091Z celld-1 /cell/h3-140 loaded
2026-09-30T17:36:18.648390Z celld-1 /cell/h3-142 start
2026-09-30T17:36:18.648614Z celld-1 /cell/h3-142 stored
2026-09-30T17:36:18.648665Z celld-1 /cell/h3-142 facet
2026-09-30T17:36:18.911494Z celld-1 /cell/h3-143 start
2026-09-30T17:36:18.911732Z celld-1 /cell/h3-143 stored
2026-09-30T17:36:18.911787Z celld-1 /cell/h3-143 facet
2026-09-30T17:36:19.128097Z celld-1 /cell/h3-140 done
2026-09-30T17:36:19.539945Z celld-1 /cell/h3-142 done
2026-09-30T17:36:19.716887Z celld-1 /cell/h3-145 start
2026-09-30T17:36:19.717109Z celld-1 /cell/h3-145 stored
2026-09-30T17:36:19.717142Z celld-1 /cell/h3-145 facet
2026-09-30T17:36:19.762054Z celld-1 /cell/h3-143 done
2026-09-30T17:36:19.950955Z celld-1 /cell/h3-147 start
2026-09-30T17:36:19.951215Z celld-1 /cell/h3-147 stored
2026-09-30T17:36:19.951260Z celld-1 /cell/h3-147 facet
2026-09-30T17:36:20.558661Z celld-1 /cell/h3-149 start
2026-09-30T17:36:20.558829Z celld-1 /cell/h3-149 stored
2026-09-30T17:36:20.558862Z celld-1 /cell/h3-149 facet
2026-09-30T17:36:20.565392Z celld-1 /cell/h3-145 done
2026-09-30T17:36:20.837099Z celld-1 /cell/h3-147 done
2026-09-30T17:36:21.209798Z celld-1 /cell/h3-149 done
2026-09-30T17:36:21.551024Z celld-1 /cell/h3-156 start
2026-09-30T17:36:21.551181Z celld-1 /cell/h3-156 stored
2026-09-30T17:36:21.551210Z celld-1 /cell/h3-156 facet
2026-09-30T17:36:21.981550Z celld-1 /cell/h3-157 start
2026-09-30T17:36:21.981689Z celld-1 /cell/h3-157 stored
2026-09-30T17:36:21.981718Z celld-1 /cell/h3-157 facet
2026-09-30T17:36:22.527832Z celld-1 /cell/h3-159 start
2026-09-30T17:36:22.528031Z celld-1 /cell/h3-159 stored
2026-09-30T17:36:22.528074Z celld-1 /cell/h3-159 facet
2026-09-30T17:36:22.684297Z celld-1 /cell/h3-160 start
2026-09-30T17:36:22.684550Z celld-1 /cell/h3-160 stored
2026-09-30T17:36:22.684626Z celld-1 /cell/h3-160 facet
2026-09-30T17:36:22.689520Z celld-1 /cell/h3-156 done
2026-09-30T17:36:22.898736Z celld-1 /cell/h3-161 start
2026-09-30T17:36:22.898902Z celld-1 /cell/h3-161 stored
2026-09-30T17:36:22.898924Z celld-1 /cell/h3-161 facet
2026-09-30T17:36:23.134841Z celld-1 /cell/h3-157 done
2026-09-30T17:36:23.503310Z celld-1 /cell/h3-159 done
2026-09-30T17:36:23.795183Z celld-1 /cell/h3-160 done
2026-09-30T17:36:23.952558Z celld-1 /cell/h3-161 done
2026-09-30T17:36:24.413876Z celld-1 /cell/h3-166 start
2026-09-30T17:36:24.414043Z celld-1 /cell/h3-166 stored
2026-09-30T17:36:24.414064Z celld-1 /cell/h3-166 facet
2026-09-30T17:36:24.454873Z celld-1 /cell/h3-169 start
2026-09-30T17:36:24.454995Z celld-1 /cell/h3-169 stored
2026-09-30T17:36:24.455017Z celld-1 /cell/h3-169 facet
2026-09-30T17:36:24.468764Z celld-1 /cell/h3-168 start
2026-09-30T17:36:24.468865Z celld-1 /cell/h3-168 stored
2026-09-30T17:36:24.468883Z celld-1 /cell/h3-168 facet
2026-09-30T17:36:25.103768Z celld-1 /cell/h3-172 start
2026-09-30T17:36:25.103928Z celld-1 /cell/h3-172 stored
2026-09-30T17:36:25.103951Z celld-1 /cell/h3-172 facet
2026-09-30T17:36:25.190366Z celld-1 /cell/h3-173 start
2026-09-30T17:36:25.190548Z celld-1 /cell/h3-173 stored
2026-09-30T17:36:25.190584Z celld-1 /cell/h3-173 facet
2026-09-30T17:36:25.357301Z celld-1 /cell/h3-166 done
2026-09-30T17:36:25.568669Z celld-1 /cell/h3-168 done
2026-09-30T17:36:25.573919Z celld-1 /cell/h3-169 done
2026-09-30T17:36:26.013252Z celld-1 /cell/h3-174 start
2026-09-30T17:36:26.013375Z celld-1 /cell/h3-174 stored
2026-09-30T17:36:26.013392Z celld-1 /cell/h3-174 facet
2026-09-30T17:36:26.484114Z celld-1 /cell/h3-172 done
2026-09-30T17:36:26.487255Z celld-1 /cell/h3-173 done
2026-09-30T17:36:26.732344Z celld-1 /cell/h3-180 start
2026-09-30T17:36:26.732550Z celld-1 /cell/h3-180 stored
2026-09-30T17:36:26.732584Z celld-1 /cell/h3-180 facet
2026-09-30T17:36:26.877148Z celld-1 /cell/h3-174 done
2026-09-30T17:36:27.654976Z celld-1 /cell/h3-180 done
2026-09-30T17:36:27.695275Z celld-1 /cell/h3-183 start
2026-09-30T17:36:27.695442Z celld-1 /cell/h3-183 stored
2026-09-30T17:36:27.695478Z celld-1 /cell/h3-183 facet
2026-09-30T17:36:27.695862Z celld-1 /cell/h3-184 start
2026-09-30T17:36:27.695995Z celld-1 /cell/h3-184 stored
2026-09-30T17:36:27.696015Z celld-1 /cell/h3-184 facet
2026-09-30T17:36:27.823756Z celld-1 /cell/h3-185 start
2026-09-30T17:36:27.823937Z celld-1 /cell/h3-185 stored
2026-09-30T17:36:27.823968Z celld-1 /cell/h3-185 facet
2026-09-30T17:36:28.587965Z celld-1 /cell/h3-183 done
2026-09-30T17:36:28.621453Z celld-1 /cell/h3-185 done
2026-09-30T17:36:28.621673Z celld-1 /cell/h3-184 done
2026-09-30T17:36:29.070324Z celld-1 /cell/h3-193 start
2026-09-30T17:36:29.070499Z celld-1 /cell/h3-193 stored
2026-09-30T17:36:29.070530Z celld-1 /cell/h3-193 facet
2026-09-30T17:36:29.557908Z celld-1 /cell/h3-193 done
2026-09-30T17:36:29.658628Z celld-1 /cell/h3-195 start
2026-09-30T17:36:29.658760Z celld-1 /cell/h3-195 stored
2026-09-30T17:36:29.658784Z celld-1 /cell/h3-195 facet
2026-09-30T17:36:30.109719Z celld-1 /cell/h3-195 done
2026-09-30T17:36:32.809611Z celld-1 /cell/h3-211 start
2026-09-30T17:36:32.809728Z celld-1 /cell/h3-211 stored
2026-09-30T17:36:32.809748Z celld-1 /cell/h3-211 facet
2026-09-30T17:36:32.846908Z celld-1 /cell/h3-212 start
2026-09-30T17:36:32.847019Z celld-1 /cell/h3-212 stored
2026-09-30T17:36:32.847069Z celld-1 /cell/h3-212 facet
2026-09-30T17:36:33.448660Z celld-1 /cell/h3-213 start
2026-09-30T17:36:33.448772Z celld-1 /cell/h3-213 stored
2026-09-30T17:36:33.448786Z celld-1 /cell/h3-213 facet
2026-09-30T17:36:33.683461Z celld-1 /cell/h3-211 done
2026-09-30T17:36:33.817997Z celld-1 /cell/h3-212 done
2026-09-30T17:36:34.451996Z celld-1 /cell/h3-213 done
2026-09-30T17:36:34.789568Z celld-1 /cell/h3-219 start
2026-09-30T17:36:34.789693Z celld-1 /cell/h3-219 stored
2026-09-30T17:36:34.789724Z celld-1 /cell/h3-219 facet
2026-09-30T17:36:35.118979Z celld-1 /cell/h3-222 start
2026-09-30T17:36:35.119136Z celld-1 /cell/h3-222 stored
2026-09-30T17:36:35.119156Z celld-1 /cell/h3-222 facet
2026-09-30T17:36:35.396314Z celld-1 /cell/h3-227 start
2026-09-30T17:36:35.396446Z celld-1 /cell/h3-227 stored
2026-09-30T17:36:35.396485Z celld-1 /cell/h3-227 facet
2026-09-30T17:36:35.667733Z celld-1 /cell/h3-219 done
2026-09-30T17:36:36.004753Z celld-1 /cell/h3-222 done
2026-09-30T17:36:36.719253Z celld-1 /cell/h3-227 done
2026-09-30T17:36:36.965360Z celld-1 /cell/h3-231 start
2026-09-30T17:36:36.965490Z celld-1 /cell/h3-231 stored
2026-09-30T17:36:36.965519Z celld-1 /cell/h3-231 facet
2026-09-30T17:36:37.132624Z celld-1 /cell/h3-236 start
2026-09-30T17:36:37.132793Z celld-1 /cell/h3-236 stored
2026-09-30T17:36:37.132830Z celld-1 /cell/h3-236 facet
2026-09-30T17:36:37.809684Z celld-1 /cell/h3-239 start
2026-09-30T17:36:37.809826Z celld-1 /cell/h3-239 stored
2026-09-30T17:36:37.809843Z celld-1 /cell/h3-239 facet
2026-09-30T17:36:37.917335Z celld-1 /cell/h3-231 done
2026-09-30T17:36:38.017822Z celld-1 /cell/h3-236 done
2026-09-30T17:36:38.667180Z celld-1 /cell/h3-239 done
2026-09-30T17:36:38.848462Z celld-1 /cell/h3-244 start
2026-09-30T17:36:38.848750Z celld-1 /cell/h3-244 stored
2026-09-30T17:36:38.848785Z celld-1 /cell/h3-244 facet
2026-09-30T17:36:38.848819Z celld-1 /cell/h3-244 load
2026-09-30T17:36:38.857240Z celld-1 /cell/h3-244 loaded
2026-09-30T17:36:39.612234Z celld-1 /cell/h3-244 done
2026-09-30T17:36:39.795285Z celld-1 /cell/h3-248 start
2026-09-30T17:36:39.795518Z celld-1 /cell/h3-248 stored
2026-09-30T17:36:39.795596Z celld-1 /cell/h3-248 facet
2026-09-30T17:36:40.926744Z celld-1 /cell/h3-254 start
2026-09-30T17:36:40.926955Z celld-1 /cell/h3-254 stored
2026-09-30T17:36:40.926977Z celld-1 /cell/h3-254 facet
2026-09-30T17:36:42.018810Z celld-1 /cell/h3-248 done
2026-09-30T17:36:42.376081Z celld-1 /cell/h3-258 start
2026-09-30T17:36:42.376187Z celld-1 /cell/h3-258 stored
2026-09-30T17:36:42.376201Z celld-1 /cell/h3-258 facet
2026-09-30T17:36:42.827843Z celld-1 /cell/h3-260 start
2026-09-30T17:36:42.827993Z celld-1 /cell/h3-260 stored
2026-09-30T17:36:42.828024Z celld-1 /cell/h3-260 facet
2026-09-30T17:36:43.576265Z celld-1 /cell/h3-262 start
2026-09-30T17:36:43.576363Z celld-1 /cell/h3-262 stored
2026-09-30T17:36:43.576377Z celld-1 /cell/h3-262 facet
2026-09-30T17:36:43.600054Z celld-1 /cell/h3-263 start
2026-09-30T17:36:43.600152Z celld-1 /cell/h3-263 stored
2026-09-30T17:36:43.600164Z celld-1 /cell/h3-263 facet
2026-09-30T17:36:44.849635Z celld-1 /cell/h3-272 start
2026-09-30T17:36:44.849755Z celld-1 /cell/h3-272 stored
2026-09-30T17:36:44.849774Z celld-1 /cell/h3-272 facet
2026-09-30T17:36:45.985417Z celld-1 /cell/h3-277 start
2026-09-30T17:36:45.985619Z celld-1 /cell/h3-277 stored
2026-09-30T17:36:45.985641Z celld-1 /cell/h3-277 facet
2026-09-30T17:36:46.087078Z celld-1 /cell/h3-278 start
2026-09-30T17:36:46.087182Z celld-1 /cell/h3-278 stored
2026-09-30T17:36:46.087207Z celld-1 /cell/h3-278 facet
2026-09-30T17:36:47.644955Z celld-1 /cell/h3-280 start
2026-09-30T17:36:47.645099Z celld-1 /cell/h3-280 stored
2026-09-30T17:36:47.645121Z celld-1 /cell/h3-280 facet
2026-09-30T17:36:49.134941Z celld-1 /cell/h3-283 start
2026-09-30T17:36:49.135062Z celld-1 /cell/h3-283 stored
2026-09-30T17:36:49.135082Z celld-1 /cell/h3-283 facet
2026-09-30T17:36:50.388820Z celld-1 /cell/h3-288 start
2026-09-30T17:36:50.388954Z celld-1 /cell/h3-288 stored
2026-09-30T17:36:50.388963Z celld-1 /cell/h3-288 facet
2026-09-30T17:36:51.836696Z celld-1 /cell/h3-288 done
2026-09-30T17:36:53.130169Z celld-1 /cell/h3-294 start
2026-09-30T17:36:53.130308Z celld-1 /cell/h3-294 stored
2026-09-30T17:36:53.130334Z celld-1 /cell/h3-294 facet
2026-09-30T17:36:53.891941Z celld-1 /cell/h3-294 done
2026-09-30T17:36:54.120489Z celld-1 /cell/h3-297 start
2026-09-30T17:36:54.120621Z celld-1 /cell/h3-297 stored
2026-09-30T17:36:54.120641Z celld-1 /cell/h3-297 facet
2026-09-30T17:36:54.994919Z celld-1 /cell/h3-299 start
2026-09-30T17:36:54.995102Z celld-1 /cell/h3-299 stored
2026-09-30T17:36:54.995135Z celld-1 /cell/h3-299 facet
2026-09-30T17:36:55.006786Z celld-1 /cell/h3-297 done
2026-09-30T17:36:55.253407Z celld-1 /cell/h3-300 start
2026-09-30T17:36:55.253540Z celld-1 /cell/h3-300 stored
2026-09-30T17:36:55.253574Z celld-1 /cell/h3-300 facet
2026-09-30T17:36:55.254172Z celld-1 /cell/h3-301 start
2026-09-30T17:36:55.254443Z celld-1 /cell/h3-301 stored
2026-09-30T17:36:55.254456Z celld-1 /cell/h3-301 facet
2026-09-30T17:36:55.647367Z celld-1 /cell/h3-302 start
2026-09-30T17:36:55.647487Z celld-1 /cell/h3-302 stored
2026-09-30T17:36:55.647504Z celld-1 /cell/h3-302 facet
2026-09-30T17:36:55.764257Z celld-1 /cell/h3-299 done
2026-09-30T17:36:56.140619Z celld-1 /cell/h3-301 done
2026-09-30T17:36:56.238726Z celld-1 /cell/h3-300 done
2026-09-30T17:36:56.613215Z celld-1 /cell/h3-302 done
2026-09-30T17:36:57.543045Z celld-1 /cell/h3-308 start
2026-09-30T17:36:57.543191Z celld-1 /cell/h3-308 stored
2026-09-30T17:36:57.543222Z celld-1 /cell/h3-308 facet
2026-09-30T17:36:57.977362Z celld-1 /cell/h3-309 start
2026-09-30T17:36:57.977556Z celld-1 /cell/h3-309 stored
2026-09-30T17:36:57.977572Z celld-1 /cell/h3-309 facet
2026-09-30T17:36:59.164480Z celld-1 /cell/h3-312 start
2026-09-30T17:36:59.164625Z celld-1 /cell/h3-312 stored
2026-09-30T17:36:59.164639Z celld-1 /cell/h3-312 facet
2026-09-30T17:36:59.788046Z celld-1 /cell/h3-314 start
2026-09-30T17:36:59.788171Z celld-1 /cell/h3-314 stored
2026-09-30T17:36:59.788198Z celld-1 /cell/h3-314 facet
2026-09-30T17:37:00.575764Z celld-1 /cell/h3-316 start
2026-09-30T17:37:00.575881Z celld-1 /cell/h3-316 stored
2026-09-30T17:37:00.575900Z celld-1 /cell/h3-316 facet
2026-09-30T17:37:01.323285Z celld-1 /cell/h3-317 start
2026-09-30T17:37:01.323438Z celld-1 /cell/h3-317 stored
2026-09-30T17:37:01.323460Z celld-1 /cell/h3-317 facet
2026-09-30T17:38:09.321845Z celld-1 /cell/h3-318 start
2026-09-30T17:38:09.322010Z celld-1 /cell/h3-318 stored
2026-09-30T17:38:09.322040Z celld-1 /cell/h3-318 facet
2026-09-30T17:38:10.463841Z celld-1 /cell/h3-319 start
2026-09-30T17:38:10.463962Z celld-1 /cell/h3-319 stored
2026-09-30T17:38:10.463983Z celld-1 /cell/h3-319 facet
2026-09-30T17:38:12.259513Z celld-1 /cell/h3-321 start
2026-09-30T17:38:12.259667Z celld-1 /cell/h3-321 stored
2026-09-30T17:38:12.259690Z celld-1 /cell/h3-321 facet
2026-09-30T17:38:16.138649Z celld-1 /cell/h3-325 start
2026-09-30T17:38:16.138762Z celld-1 /cell/h3-325 stored
2026-09-30T17:38:16.138778Z celld-1 /cell/h3-325 facet
2026-09-30T17:38:16.593998Z celld-1 /cell/h3-326 start
2026-09-30T17:38:16.594128Z celld-1 /cell/h3-326 stored
2026-09-30T17:38:16.594159Z celld-1 /cell/h3-326 facet
2026-09-30T17:38:18.991224Z celld-1 /cell/h3-333 start
2026-09-30T17:38:18.991374Z celld-1 /cell/h3-333 stored
2026-09-30T17:38:18.991422Z celld-1 /cell/h3-333 facet
2026-09-30T17:38:19.888885Z celld-1 /cell/h3-334 start
2026-09-30T17:38:19.889016Z celld-1 /cell/h3-334 stored
2026-09-30T17:38:19.889031Z celld-1 /cell/h3-334 facet
2026-09-30T17:38:20.415982Z celld-1 /cell/h3-335 start
2026-09-30T17:38:20.416098Z celld-1 /cell/h3-335 stored
2026-09-30T17:38:20.416117Z celld-1 /cell/h3-335 facet
2026-09-30T17:38:39.922770Z celld-1 /cell/h3-336 start
2026-09-30T17:38:39.922860Z celld-1 /cell/h3-336 stored
2026-09-30T17:38:39.922868Z celld-1 /cell/h3-336 facet
2026-09-30T17:38:44.781636Z celld-1 /cell/h3-346 start
2026-09-30T17:38:44.781816Z celld-1 /cell/h3-346 stored
2026-09-30T17:38:44.781847Z celld-1 /cell/h3-346 facet
2026-09-30T17:38:47.559641Z celld-1 /cell/h3-354 start
2026-09-30T17:38:47.559811Z celld-1 /cell/h3-354 stored
2026-09-30T17:38:47.559855Z celld-1 /cell/h3-354 facet
2026-09-30T17:38:48.460437Z celld-1 /cell/h3-357 start
2026-09-30T17:38:48.460604Z celld-1 /cell/h3-357 stored
2026-09-30T17:38:48.460640Z celld-1 /cell/h3-357 facet
2026-09-30T17:38:49.756877Z celld-1 /cell/h3-360 start
2026-09-30T17:38:49.757053Z celld-1 /cell/h3-360 stored
2026-09-30T17:38:49.757075Z celld-1 /cell/h3-360 facet
2026-09-30T17:38:51.330934Z celld-1 /cell/h3-365 start
2026-09-30T17:38:51.331060Z celld-1 /cell/h3-365 stored
2026-09-30T17:38:51.331077Z celld-1 /cell/h3-365 facet
2026-09-30T17:38:54.192347Z celld-1 /cell/h3-372 start
2026-09-30T17:38:54.192536Z celld-1 /cell/h3-372 stored
2026-09-30T17:38:54.192550Z celld-1 /cell/h3-372 facet
2026-09-30T17:38:55.030133Z celld-1 /cell/h3-373 start
2026-09-30T17:38:55.030388Z celld-1 /cell/h3-373 stored
2026-09-30T17:38:55.030446Z celld-1 /cell/h3-373 facet
2026-09-30T17:38:55.030500Z celld-1 /cell/h3-373 load
2026-09-30T17:38:55.038905Z celld-1 /cell/h3-373 loaded
2026-09-30T17:38:55.355815Z celld-1 /cell/h3-373 done
2026-09-30T17:38:58.391804Z celld-1 /cell/h3-383 start
2026-09-30T17:38:58.391999Z celld-1 /cell/h3-383 stored
2026-09-30T17:38:58.392045Z celld-1 /cell/h3-383 facet
2026-09-30T17:38:58.887316Z celld-1 /cell/h3-384 start
2026-09-30T17:38:58.887451Z celld-1 /cell/h3-384 stored
2026-09-30T17:38:58.887478Z celld-1 /cell/h3-384 facet
2026-09-30T17:38:59.151537Z celld-1 /cell/h3-383 done
2026-09-30T17:38:59.429961Z celld-1 /cell/h3-384 done
2026-09-30T17:39:00.324600Z celld-1 /cell/h3-388 start
2026-09-30T17:39:00.324858Z celld-1 /cell/h3-388 stored
2026-09-30T17:39:00.324910Z celld-1 /cell/h3-388 facet
2026-09-30T17:39:00.344273Z celld-1 /cell/h3-389 start
2026-09-30T17:39:00.344547Z celld-1 /cell/h3-389 stored
2026-09-30T17:39:00.344574Z celld-1 /cell/h3-389 facet
2026-09-30T17:39:00.652898Z celld-1 /cell/h3-392 start
2026-09-30T17:39:00.653061Z celld-1 /cell/h3-392 stored
2026-09-30T17:39:00.653094Z celld-1 /cell/h3-392 facet
2026-09-30T17:39:00.653613Z celld-1 /cell/h3-391 start
2026-09-30T17:39:00.653865Z celld-1 /cell/h3-391 stored
2026-09-30T17:39:00.653914Z celld-1 /cell/h3-391 facet
2026-09-30T17:39:01.145021Z celld-1 /cell/h3-388 done
2026-09-30T17:39:01.173793Z celld-1 /cell/h3-389 done
2026-09-30T17:39:01.559956Z celld-1 /cell/h3-392 done
2026-09-30T17:39:01.561294Z celld-1 /cell/h3-391 done
2026-09-30T17:39:02.048043Z celld-1 /cell/h3-399 start
2026-09-30T17:39:02.048191Z celld-1 /cell/h3-399 stored
2026-09-30T17:39:02.048220Z celld-1 /cell/h3-399 facet
2026-09-30T17:39:02.561008Z celld-1 /cell/h3-399 done
2026-09-30T17:39:03.916652Z celld-1 /cell/h3-405 start
2026-09-30T17:39:03.916827Z celld-1 /cell/h3-405 stored
2026-09-30T17:39:03.916886Z celld-1 /cell/h3-405 facet
2026-09-30T17:39:04.400667Z celld-1 /cell/h3-408 start
2026-09-30T17:39:04.400919Z celld-1 /cell/h3-408 stored
2026-09-30T17:39:04.400984Z celld-1 /cell/h3-408 facet
2026-09-30T17:39:04.647677Z celld-1 /cell/h3-405 done
2026-09-30T17:39:05.354349Z celld-1 /cell/h3-410 start
2026-09-30T17:39:05.354469Z celld-1 /cell/h3-410 stored
2026-09-30T17:39:05.354509Z celld-1 /cell/h3-410 facet
2026-09-30T17:39:05.439439Z celld-1 /cell/h3-408 done
2026-09-30T17:39:06.068153Z celld-1 /cell/h3-410 done
2026-09-30T17:39:06.348740Z celld-1 /cell/h3-414 start
2026-09-30T17:39:06.348877Z celld-1 /cell/h3-414 stored
2026-09-30T17:39:06.348916Z celld-1 /cell/h3-414 facet
2026-09-30T17:39:06.601877Z celld-1 /cell/h3-416 start
2026-09-30T17:39:06.602313Z celld-1 /cell/h3-416 stored
2026-09-30T17:39:06.602363Z celld-1 /cell/h3-416 facet
2026-09-30T17:39:06.725816Z celld-1 /cell/h3-415 start
2026-09-30T17:39:06.725976Z celld-1 /cell/h3-415 stored
2026-09-30T17:39:06.726015Z celld-1 /cell/h3-415 facet
2026-09-30T17:39:06.938552Z celld-1 /cell/h3-417 start
2026-09-30T17:39:06.938698Z celld-1 /cell/h3-417 stored
2026-09-30T17:39:06.938747Z celld-1 /cell/h3-417 facet
2026-09-30T17:39:07.268425Z celld-1 /cell/h3-418 start
2026-09-30T17:39:07.268712Z celld-1 /cell/h3-418 stored
2026-09-30T17:39:07.268739Z celld-1 /cell/h3-418 facet
2026-09-30T17:39:07.285535Z celld-1 /cell/h3-414 done
2026-09-30T17:39:07.721459Z celld-1 /cell/h3-419 start
2026-09-30T17:39:07.721597Z celld-1 /cell/h3-419 stored
2026-09-30T17:39:07.721621Z celld-1 /cell/h3-419 facet
2026-09-30T17:39:07.790572Z celld-1 /cell/h3-420 start
2026-09-30T17:39:07.790763Z celld-1 /cell/h3-420 stored
2026-09-30T17:39:07.790784Z celld-1 /cell/h3-420 facet
2026-09-30T17:39:07.915194Z celld-1 /cell/h3-416 done
2026-09-30T17:39:07.918004Z celld-1 /cell/h3-415 done
2026-09-30T17:39:08.145689Z celld-1 /cell/h3-417 done
2026-09-30T17:39:08.566980Z celld-1 /cell/h3-418 done
2026-09-30T17:39:08.709347Z celld-1 /cell/h3-419 done
2026-09-30T17:39:08.760936Z celld-1 /cell/h3-420 done
2026-09-30T17:39:09.131721Z celld-1 /cell/h3-426 start
2026-09-30T17:39:09.131845Z celld-1 /cell/h3-426 stored
2026-09-30T17:39:09.131867Z celld-1 /cell/h3-426 facet
2026-09-30T17:39:09.143794Z celld-1 /cell/h3-427 start
2026-09-30T17:39:09.143905Z celld-1 /cell/h3-427 stored
2026-09-30T17:39:09.143928Z celld-1 /cell/h3-427 facet
2026-09-30T17:39:09.236711Z celld-1 /cell/h3-428 start
2026-09-30T17:39:09.236827Z celld-1 /cell/h3-428 stored
2026-09-30T17:39:09.236843Z celld-1 /cell/h3-428 facet
2026-09-30T17:39:10.073093Z celld-1 /cell/h3-429 start
2026-09-30T17:39:10.073242Z celld-1 /cell/h3-429 stored
2026-09-30T17:39:10.073261Z celld-1 /cell/h3-429 facet
2026-09-30T17:39:10.202946Z celld-1 /cell/h3-426 done
2026-09-30T17:39:10.461391Z celld-1 /cell/h3-432 start
2026-09-30T17:39:10.461549Z celld-1 /cell/h3-432 stored
2026-09-30T17:39:10.461566Z celld-1 /cell/h3-432 facet
2026-09-30T17:39:10.562522Z celld-1 /cell/h3-427 done
2026-09-30T17:39:10.617259Z celld-1 /cell/h3-428 done
2026-09-30T17:39:11.308963Z celld-1 /cell/h3-429 done
2026-09-30T17:39:11.542622Z celld-1 /cell/h3-432 done
2026-09-30T17:39:11.556911Z celld-1 /cell/h3-435 start
2026-09-30T17:39:11.557044Z celld-1 /cell/h3-435 stored
2026-09-30T17:39:11.557086Z celld-1 /cell/h3-435 facet
2026-09-30T17:39:12.295037Z celld-1 /cell/h3-438 start
2026-09-30T17:39:12.295180Z celld-1 /cell/h3-438 stored
2026-09-30T17:39:12.295191Z celld-1 /cell/h3-438 facet
2026-09-30T17:39:12.805648Z celld-1 /cell/h3-441 start
2026-09-30T17:39:12.807176Z celld-1 /cell/h3-441 stored
2026-09-30T17:39:12.807204Z celld-1 /cell/h3-441 facet
2026-09-30T17:39:13.001996Z celld-1 /cell/h3-435 done
2026-09-30T17:39:13.097103Z celld-1 /cell/h3-443 start
2026-09-30T17:39:13.097214Z celld-1 /cell/h3-443 stored
2026-09-30T17:39:13.097225Z celld-1 /cell/h3-443 facet
2026-09-30T17:39:13.953295Z celld-1 /cell/h3-441 done
2026-09-30T17:39:13.989435Z celld-1 /cell/h3-445 start
2026-09-30T17:39:13.989543Z celld-1 /cell/h3-445 stored
2026-09-30T17:39:13.989559Z celld-1 /cell/h3-445 facet
2026-09-30T17:39:15.444125Z celld-1 /cell/h3-451 start
2026-09-30T17:39:15.444240Z celld-1 /cell/h3-451 stored
2026-09-30T17:39:15.444254Z celld-1 /cell/h3-451 facet
2026-09-30T17:39:15.777736Z celld-1 /cell/h3-452 start
2026-09-30T17:39:15.777883Z celld-1 /cell/h3-452 stored
2026-09-30T17:39:15.777914Z celld-1 /cell/h3-452 facet
2026-09-30T17:39:17.426753Z celld-1 /cell/h3-456 start
2026-09-30T17:39:17.426918Z celld-1 /cell/h3-456 stored
2026-09-30T17:39:17.426962Z celld-1 /cell/h3-456 facet
2026-09-30T17:39:18.655106Z celld-1 /cell/h3-457 start
2026-09-30T17:39:18.655320Z celld-1 /cell/h3-457 stored
2026-09-30T17:39:18.655360Z celld-1 /cell/h3-457 facet
2026-09-30T17:39:18.658809Z celld-1 /cell/h3-458 start
2026-09-30T17:39:18.658964Z celld-1 /cell/h3-458 stored
2026-09-30T17:39:18.658994Z celld-1 /cell/h3-458 facet
2026-09-30T17:39:21.321811Z celld-1 /cell/h3-462 start
2026-09-30T17:39:21.321964Z celld-1 /cell/h3-462 stored
2026-09-30T17:39:21.321997Z celld-1 /cell/h3-462 facet
2026-09-30T17:40:09.385033Z celld-1 /cell/h3-463 start
2026-09-30T17:40:09.385197Z celld-1 /cell/h3-463 stored
2026-09-30T17:40:09.385297Z celld-1 /cell/h3-463 facet
2026-09-30T17:40:10.542562Z celld-1 /cell/h3-464 start
2026-09-30T17:40:10.542719Z celld-1 /cell/h3-464 stored
2026-09-30T17:40:10.542746Z celld-1 /cell/h3-464 facet
2026-09-30T17:40:12.346402Z celld-1 /cell/h3-465 start
2026-09-30T17:40:12.346537Z celld-1 /cell/h3-465 stored
2026-09-30T17:40:12.346562Z celld-1 /cell/h3-465 facet
2026-09-30T17:40:16.557838Z celld-1 /cell/h3-467 start
2026-09-30T17:40:16.557996Z celld-1 /cell/h3-467 stored
2026-09-30T17:40:16.558039Z celld-1 /cell/h3-467 facet
2026-09-30T17:40:17.177522Z celld-1 /cell/h3-468 start
2026-09-30T17:40:17.177681Z celld-1 /cell/h3-468 stored
2026-09-30T17:40:17.177724Z celld-1 /cell/h3-468 facet
2026-09-30T17:40:19.775108Z celld-1 /cell/h3-471 start
2026-09-30T17:40:19.775259Z celld-1 /cell/h3-471 stored
2026-09-30T17:40:19.775275Z celld-1 /cell/h3-471 facet
2026-09-30T17:40:21.359843Z celld-1 /cell/h3-474 start
2026-09-30T17:40:21.360006Z celld-1 /cell/h3-474 stored
2026-09-30T17:40:21.360053Z celld-1 /cell/h3-474 facet
2026-09-30T17:40:23.795763Z celld-1 /cell/h3-477 start
2026-09-30T17:40:23.795879Z celld-1 /cell/h3-477 stored
2026-09-30T17:40:23.795895Z celld-1 /cell/h3-477 facet
2026-09-30T17:40:42.139799Z celld-1 /cell/h3-480 start
2026-09-30T17:40:42.139926Z celld-1 /cell/h3-480 stored
2026-09-30T17:40:42.139940Z celld-1 /cell/h3-480 facet
2026-09-30T17:40:44.499061Z celld-1 /cell/h3-481 start
2026-09-30T17:40:44.499226Z celld-1 /cell/h3-481 stored
2026-09-30T17:40:44.499250Z celld-1 /cell/h3-481 facet
2026-09-30T17:40:48.288166Z celld-1 /cell/h3-483 start
2026-09-30T17:40:48.288329Z celld-1 /cell/h3-483 stored
2026-09-30T17:40:48.288363Z celld-1 /cell/h3-483 facet
2026-09-30T17:40:48.469815Z celld-1 /cell/h3-484 start
2026-09-30T17:40:48.470064Z celld-1 /cell/h3-484 stored
2026-09-30T17:40:48.470089Z celld-1 /cell/h3-484 facet
2026-09-30T17:40:49.525251Z celld-1 /cell/h3-485 start
2026-09-30T17:40:49.525353Z celld-1 /cell/h3-485 stored
2026-09-30T17:40:49.525366Z celld-1 /cell/h3-485 facet
2026-09-30T17:40:55.927303Z celld-1 /cell/h3-491 start
2026-09-30T17:40:55.927426Z celld-1 /cell/h3-491 stored
2026-09-30T17:40:55.927447Z celld-1 /cell/h3-491 facet
2026-09-30T17:40:58.167337Z celld-1 /cell/h3-494 start
2026-09-30T17:40:58.167497Z celld-1 /cell/h3-494 stored
2026-09-30T17:40:58.167523Z celld-1 /cell/h3-494 facet
2026-09-30T17:41:12.355455Z celld-1 /cell/h3-497 start
2026-09-30T17:41:12.355597Z celld-1 /cell/h3-497 stored
2026-09-30T17:41:12.355616Z celld-1 /cell/h3-497 facet
2026-09-30T17:41:13.065660Z celld-1 /cell/h3-498 start
2026-09-30T17:41:13.065937Z celld-1 /cell/h3-498 stored
2026-09-30T17:41:13.065971Z celld-1 /cell/h3-498 facet
2026-09-30T17:41:13.066018Z celld-1 /cell/h3-498 load
2026-09-30T17:41:13.074472Z celld-1 /cell/h3-498 loaded
2026-09-30T17:41:13.473418Z celld-1 /cell/h3-499 start
2026-09-30T17:41:13.473593Z celld-1 /cell/h3-499 stored
2026-09-30T17:41:13.473666Z celld-1 /cell/h3-499 facet
2026-09-30T17:41:13.746192Z celld-1 /cell/h3-498 done
2026-09-30T17:41:14.012450Z celld-1 /cell/h3-499 done
2026-09-30T17:41:14.553808Z celld-1 /cell/h3-500 start
2026-09-30T17:41:14.553958Z celld-1 /cell/h3-500 stored
2026-09-30T17:41:14.553996Z celld-1 /cell/h3-500 facet
2026-09-30T17:41:15.052247Z celld-1 /cell/h3-501 start
2026-09-30T17:41:15.052434Z celld-1 /cell/h3-501 stored
2026-09-30T17:41:15.052487Z celld-1 /cell/h3-501 facet
2026-09-30T17:41:15.616535Z celld-1 /cell/h3-500 done
2026-09-30T17:41:16.233359Z celld-1 /cell/h3-501 done
2026-09-30T17:41:16.500924Z celld-1 /cell/h3-504 start
2026-09-30T17:41:16.501061Z celld-1 /cell/h3-504 stored
2026-09-30T17:41:16.501079Z celld-1 /cell/h3-504 facet
2026-09-30T17:41:18.771701Z celld-1 /cell/h3-509 start
2026-09-30T17:41:18.771924Z celld-1 /cell/h3-509 stored
2026-09-30T17:41:18.771952Z celld-1 /cell/h3-509 facet
2026-09-30T17:41:20.010337Z celld-1 /cell/h3-515 start
2026-09-30T17:41:20.010460Z celld-1 /cell/h3-515 stored
2026-09-30T17:41:20.010477Z celld-1 /cell/h3-515 facet
2026-09-30T17:41:20.916060Z celld-1 /cell/h3-518 start
2026-09-30T17:41:20.916284Z celld-1 /cell/h3-518 stored
2026-09-30T17:41:20.916329Z celld-1 /cell/h3-518 facet
2026-09-30T17:41:24.358285Z celld-1 /cell/h3-526 start
2026-09-30T17:41:24.358416Z celld-1 /cell/h3-526 stored
2026-09-30T17:41:24.358447Z celld-1 /cell/h3-526 facet
2026-09-30T17:41:27.096462Z celld-1 /cell/h3-532 start
2026-09-30T17:41:27.096654Z celld-1 /cell/h3-532 stored
2026-09-30T17:41:27.096674Z celld-1 /cell/h3-532 facet
2026-09-30T17:41:28.244325Z celld-1 /cell/h3-534 start
2026-09-30T17:41:28.244423Z celld-1 /cell/h3-534 stored
2026-09-30T17:41:28.244435Z celld-1 /cell/h3-534 facet
2026-09-30T17:41:30.834358Z celld-1 /cell/h3-537 start
2026-09-30T17:41:30.834521Z celld-1 /cell/h3-537 stored
2026-09-30T17:41:30.834546Z celld-1 /cell/h3-537 facet
2026-09-30T17:41:31.177980Z celld-1 /cell/h3-537 done
2026-09-30T17:41:34.794574Z celld-1 /cell/h3-541 start
2026-09-30T17:41:34.794714Z celld-1 /cell/h3-541 stored
2026-09-30T17:41:34.794739Z celld-1 /cell/h3-541 facet
2026-09-30T17:41:35.120169Z celld-1 /cell/h3-541 done
2026-09-30T17:41:35.670871Z celld-1 /cell/h3-542 start
2026-09-30T17:41:35.671010Z celld-1 /cell/h3-542 stored
2026-09-30T17:41:35.671040Z celld-1 /cell/h3-542 facet
2026-09-30T17:41:35.991335Z celld-1 /cell/h3-542 done
2026-09-30T17:41:38.558531Z celld-1 /cell/h3-545 start
2026-09-30T17:41:38.558670Z celld-1 /cell/h3-545 stored
2026-09-30T17:41:38.558697Z celld-1 /cell/h3-545 facet
2026-09-30T17:41:38.980006Z celld-1 /cell/h3-545 done
2026-09-30T17:41:42.551718Z celld-1 /cell/h3-549 start
2026-09-30T17:41:42.551834Z celld-1 /cell/h3-549 stored
2026-09-30T17:41:42.551850Z celld-1 /cell/h3-549 facet
2026-09-30T17:42:10.750904Z celld-1 /cell/h3-552 start
2026-09-30T17:42:10.751076Z celld-1 /cell/h3-552 stored
2026-09-30T17:42:10.751121Z celld-1 /cell/h3-552 facet
2026-09-30T17:42:13.558656Z celld-1 /cell/h3-557 start
2026-09-30T17:42:13.558822Z celld-1 /cell/h3-557 stored
2026-09-30T17:42:13.558853Z celld-1 /cell/h3-557 facet
2026-09-30T17:42:14.741294Z celld-1 /cell/h3-558 start
2026-09-30T17:42:14.741443Z celld-1 /cell/h3-558 stored
2026-09-30T17:42:14.741472Z celld-1 /cell/h3-558 facet
2026-09-30T17:42:18.118171Z celld-1 /cell/h3-562 start
2026-09-30T17:42:18.118320Z celld-1 /cell/h3-562 stored
2026-09-30T17:42:18.118331Z celld-1 /cell/h3-562 facet
2026-09-30T17:42:21.430899Z celld-1 /cell/h3-569 start
2026-09-30T17:42:21.431013Z celld-1 /cell/h3-569 stored
2026-09-30T17:42:21.431028Z celld-1 /cell/h3-569 facet
2026-09-30T17:42:23.813685Z celld-1 /cell/h3-573 start
2026-09-30T17:42:23.813788Z celld-1 /cell/h3-573 stored
2026-09-30T17:42:23.813806Z celld-1 /cell/h3-573 facet
2026-09-30T17:42:24.297777Z celld-1 /cell/h3-574 start
2026-09-30T17:42:24.297898Z celld-1 /cell/h3-574 stored
2026-09-30T17:42:24.297917Z celld-1 /cell/h3-574 facet
2026-09-30T17:42:28.779691Z celld-1 /cell/h3-580 start
2026-09-30T17:42:28.779818Z celld-1 /cell/h3-580 stored
2026-09-30T17:42:28.779847Z celld-1 /cell/h3-580 facet
2026-09-30T17:42:43.039900Z celld-1 /cell/h3-582 start
2026-09-30T17:42:43.040075Z celld-1 /cell/h3-582 stored
2026-09-30T17:42:43.040108Z celld-1 /cell/h3-582 facet
2026-09-30T17:42:47.614801Z celld-1 /cell/h3-586 start
2026-09-30T17:42:47.614911Z celld-1 /cell/h3-586 stored
2026-09-30T17:42:47.614931Z celld-1 /cell/h3-586 facet
2026-09-30T17:42:48.215715Z celld-1 /cell/h3-587 start
2026-09-30T17:42:48.215854Z celld-1 /cell/h3-587 stored
2026-09-30T17:42:48.215887Z celld-1 /cell/h3-587 facet
2026-09-30T17:42:50.750205Z celld-1 /cell/h3-591 start
2026-09-30T17:42:50.750384Z celld-1 /cell/h3-591 stored
2026-09-30T17:42:50.750411Z celld-1 /cell/h3-591 facet
2026-09-30T17:42:51.330833Z celld-1 /cell/h3-592 start
2026-09-30T17:42:51.331058Z celld-1 /cell/h3-592 stored
2026-09-30T17:42:51.331104Z celld-1 /cell/h3-592 facet
2026-09-30T17:42:58.694996Z celld-1 /cell/h3-597 start
2026-09-30T17:42:58.695182Z celld-1 /cell/h3-597 stored
2026-09-30T17:42:58.695218Z celld-1 /cell/h3-597 facet
2026-09-30T17:43:00.363942Z celld-1 /cell/h3-599 start
2026-09-30T17:43:00.364141Z celld-1 /cell/h3-599 stored
2026-09-30T17:43:00.364161Z celld-1 /cell/h3-599 facet
2026-09-30T17:43:14.020267Z celld-1 /cell/h3-602 start
2026-09-30T17:43:14.020398Z celld-1 /cell/h3-602 stored
2026-09-30T17:43:14.020414Z celld-1 /cell/h3-602 facet
2026-09-30T17:43:17.201485Z celld-1 /cell/h3-604 start
2026-09-30T17:43:17.201652Z celld-1 /cell/h3-604 stored
2026-09-30T17:43:17.201668Z celld-1 /cell/h3-604 facet
2026-09-30T17:43:20.286093Z celld-1 /cell/h3-607 start
2026-09-30T17:43:20.286223Z celld-1 /cell/h3-607 stored
2026-09-30T17:43:20.286234Z celld-1 /cell/h3-607 facet
2026-09-30T17:43:21.927774Z celld-1 /cell/h3-610 start
2026-09-30T17:43:21.927878Z celld-1 /cell/h3-610 stored
2026-09-30T17:43:21.927893Z celld-1 /cell/h3-610 facet
2026-09-30T17:43:24.110377Z celld-1 /cell/h3-613 start
2026-09-30T17:43:24.110553Z celld-1 /cell/h3-613 stored
2026-09-30T17:43:24.110594Z celld-1 /cell/h3-613 facet
2026-09-30T17:43:24.163133Z celld-1 /cell/h3-614 start
2026-09-30T17:43:24.163266Z celld-1 /cell/h3-614 stored
2026-09-30T17:43:24.163296Z celld-1 /cell/h3-614 facet
2026-09-30T17:43:26.951844Z celld-1 /cell/h3-615 start
2026-09-30T17:43:26.952365Z celld-1 /cell/h3-615 stored
2026-09-30T17:43:26.952397Z celld-1 /cell/h3-615 facet
2026-09-30T17:43:28.343479Z celld-1 /cell/h3-616 start
2026-09-30T17:43:28.343840Z celld-1 /cell/h3-616 stored
2026-09-30T17:43:28.343900Z celld-1 /cell/h3-616 facet
2026-09-30T17:43:28.343974Z celld-1 /cell/h3-616 load
2026-09-30T17:43:28.353058Z celld-1 /cell/h3-616 loaded
2026-09-30T17:43:29.029840Z celld-1 /cell/h3-616 done
2026-09-30T17:43:40.483412Z celld-1 /cell/h3-628 start
2026-09-30T17:43:40.483659Z celld-1 /cell/h3-628 stored
2026-09-30T17:43:40.483680Z celld-1 /cell/h3-628 facet
2026-09-30T17:43:42.892965Z celld-1 /cell/h3-629 start
2026-09-30T17:43:42.893105Z celld-1 /cell/h3-629 stored
2026-09-30T17:43:42.893138Z celld-1 /cell/h3-629 facet
2026-09-30T17:43:43.481851Z celld-1 /cell/h3-629 done
2026-09-30T17:43:46.280451Z celld-1 /cell/h3-632 start
2026-09-30T17:43:46.280594Z celld-1 /cell/h3-632 stored
2026-09-30T17:43:46.280609Z celld-1 /cell/h3-632 facet
2026-09-30T17:44:11.595672Z celld-1 /cell/h3-634 start
2026-09-30T17:44:11.595794Z celld-1 /cell/h3-634 stored
2026-09-30T17:44:11.595811Z celld-1 /cell/h3-634 facet
2026-09-30T17:44:14.692486Z celld-1 /cell/h3-637 start
2026-09-30T17:44:14.692610Z celld-1 /cell/h3-637 stored
2026-09-30T17:44:14.692638Z celld-1 /cell/h3-637 facet
2026-09-30T17:44:16.150366Z celld-1 /cell/h3-639 start
2026-09-30T17:44:16.150486Z celld-1 /cell/h3-639 stored
2026-09-30T17:44:16.150503Z celld-1 /cell/h3-639 facet
2026-09-30T17:44:19.013676Z celld-1 /cell/h3-641 start
2026-09-30T17:44:19.013785Z celld-1 /cell/h3-641 stored
2026-09-30T17:44:19.013801Z celld-1 /cell/h3-641 facet
2026-09-30T17:44:21.340395Z celld-1 /cell/h3-642 start
2026-09-30T17:44:21.340527Z celld-1 /cell/h3-642 stored
2026-09-30T17:44:21.340545Z celld-1 /cell/h3-642 facet
2026-09-30T17:44:23.886996Z celld-1 /cell/h3-643 start
2026-09-30T17:44:23.887157Z celld-1 /cell/h3-643 stored
2026-09-30T17:44:23.887207Z celld-1 /cell/h3-643 facet
2026-09-30T17:44:26.068431Z celld-1 /cell/h3-646 start
2026-09-30T17:44:26.068549Z celld-1 /cell/h3-646 stored
2026-09-30T17:44:26.068583Z celld-1 /cell/h3-646 facet
2026-09-30T17:44:30.730116Z celld-1 /cell/h3-649 start
2026-09-30T17:44:30.730265Z celld-1 /cell/h3-649 stored
2026-09-30T17:44:30.730279Z celld-1 /cell/h3-649 facet
2026-09-30T17:44:45.022325Z celld-1 /cell/h3-652 start
2026-09-30T17:44:45.022432Z celld-1 /cell/h3-652 stored
2026-09-30T17:44:45.022454Z celld-1 /cell/h3-652 facet
2026-09-30T17:44:47.245788Z celld-1 /cell/h3-653 start
2026-09-30T17:44:47.245970Z celld-1 /cell/h3-653 stored
2026-09-30T17:44:47.246006Z celld-1 /cell/h3-653 facet
2026-09-30T17:44:47.972650Z celld-1 /cell/h3-654 start
2026-09-30T17:44:47.972822Z celld-1 /cell/h3-654 stored
2026-09-30T17:44:47.972833Z celld-1 /cell/h3-654 facet
2026-09-30T17:44:50.458898Z celld-1 /cell/h3-655 start
2026-09-30T17:44:50.459039Z celld-1 /cell/h3-655 stored
2026-09-30T17:44:50.459069Z celld-1 /cell/h3-655 facet
2026-09-30T17:44:55.735765Z celld-1 /cell/h3-661 start
2026-09-30T17:44:55.735905Z celld-1 /cell/h3-661 stored
2026-09-30T17:44:55.735935Z celld-1 /cell/h3-661 facet
2026-09-30T17:44:58.841276Z celld-1 /cell/h3-662 start
2026-09-30T17:44:58.841386Z celld-1 /cell/h3-662 stored
2026-09-30T17:44:58.841432Z celld-1 /cell/h3-662 facet
2026-09-30T17:45:01.463053Z celld-1 /cell/h3-664 start
2026-09-30T17:45:01.463220Z celld-1 /cell/h3-664 stored
2026-09-30T17:45:01.463258Z celld-1 /cell/h3-664 facet
2026-09-30T17:45:14.017679Z celld-1 /cell/h3-665 start
2026-09-30T17:45:14.017802Z celld-1 /cell/h3-665 stored
2026-09-30T17:45:14.017827Z celld-1 /cell/h3-665 facet
2026-09-30T17:45:20.064127Z celld-1 /cell/h3-669 start
2026-09-30T17:45:20.064226Z celld-1 /cell/h3-669 stored
2026-09-30T17:45:20.064241Z celld-1 /cell/h3-669 facet
2026-09-30T17:45:22.502324Z celld-1 /cell/h3-673 start
2026-09-30T17:45:22.502434Z celld-1 /cell/h3-673 stored
2026-09-30T17:45:22.502451Z celld-1 /cell/h3-673 facet
2026-09-30T17:45:23.211731Z celld-1 /cell/h3-674 start
2026-09-30T17:45:23.211855Z celld-1 /cell/h3-674 stored
2026-09-30T17:45:23.211876Z celld-1 /cell/h3-674 facet
2026-09-30T17:45:23.981224Z celld-1 /cell/h3-676 start
2026-09-30T17:45:23.981331Z celld-1 /cell/h3-676 stored
2026-09-30T17:45:23.981348Z celld-1 /cell/h3-676 facet
2026-09-30T17:45:25.051168Z celld-1 /cell/h3-677 start
2026-09-30T17:45:25.051295Z celld-1 /cell/h3-677 stored
2026-09-30T17:45:25.051313Z celld-1 /cell/h3-677 facet
2026-09-30T17:45:27.825055Z celld-1 /cell/h3-679 start
2026-09-30T17:45:27.825366Z celld-1 /cell/h3-679 stored
2026-09-30T17:45:27.825410Z celld-1 /cell/h3-679 facet
2026-09-30T17:45:27.825450Z celld-1 /cell/h3-679 load
2026-09-30T17:45:27.834149Z celld-1 /cell/h3-679 loaded
2026-09-30T17:45:28.234078Z celld-1 /cell/h3-679 done
2026-09-30T17:45:29.254480Z celld-1 /cell/h3-680 start
2026-09-30T17:45:29.254654Z celld-1 /cell/h3-680 stored
2026-09-30T17:45:29.254701Z celld-1 /cell/h3-680 facet
2026-09-30T17:45:29.867505Z celld-1 /cell/h3-680 done
2026-09-30T17:45:31.120146Z celld-1 /cell/h3-682 start
2026-09-30T17:45:31.120279Z celld-1 /cell/h3-682 stored
2026-09-30T17:45:31.120296Z celld-1 /cell/h3-682 facet
2026-09-30T17:45:41.554174Z celld-1 /cell/h3-684 start
2026-09-30T17:45:41.554343Z celld-1 /cell/h3-684 stored
2026-09-30T17:45:41.554365Z celld-1 /cell/h3-684 facet
2026-09-30T17:45:46.292823Z celld-1 /cell/h3-685 start
2026-09-30T17:45:46.292990Z celld-1 /cell/h3-685 stored
2026-09-30T17:45:46.293019Z celld-1 /cell/h3-685 facet
2026-09-30T17:46:12.997248Z celld-1 /cell/h3-686 start
2026-09-30T17:46:12.997404Z celld-1 /cell/h3-686 stored
2026-09-30T17:46:12.997440Z celld-1 /cell/h3-686 facet
2026-09-30T17:46:16.936164Z celld-1 /cell/h3-688 start
2026-09-30T17:46:16.936400Z celld-1 /cell/h3-688 stored
2026-09-30T17:46:16.936427Z celld-1 /cell/h3-688 facet
2026-09-30T17:46:20.041797Z celld-1 /cell/h3-693 start
2026-09-30T17:46:20.041916Z celld-1 /cell/h3-693 stored
2026-09-30T17:46:20.041933Z celld-1 /cell/h3-693 facet
2026-09-30T17:46:23.540205Z celld-1 /cell/h3-699 start
2026-09-30T17:46:23.540346Z celld-1 /cell/h3-699 stored
2026-09-30T17:46:23.540371Z celld-1 /cell/h3-699 facet
2026-09-30T17:46:24.116047Z celld-1 /cell/h3-701 start
2026-09-30T17:46:24.116195Z celld-1 /cell/h3-701 stored
2026-09-30T17:46:24.116216Z celld-1 /cell/h3-701 facet
2026-09-30T17:46:25.893281Z celld-1 /cell/h3-703 start
2026-09-30T17:46:25.893394Z celld-1 /cell/h3-703 stored
2026-09-30T17:46:25.893411Z celld-1 /cell/h3-703 facet
2026-09-30T17:46:26.839146Z celld-1 /cell/h3-705 start
2026-09-30T17:46:26.839286Z celld-1 /cell/h3-705 stored
2026-09-30T17:46:26.839305Z celld-1 /cell/h3-705 facet
2026-09-30T17:46:32.569447Z celld-1 /cell/h3-708 start
2026-09-30T17:46:32.569648Z celld-1 /cell/h3-708 stored
2026-09-30T17:46:32.569680Z celld-1 /cell/h3-708 facet
2026-09-30T17:46:50.606045Z celld-1 /cell/h3-718 start
2026-09-30T17:46:50.606204Z celld-1 /cell/h3-718 stored
2026-09-30T17:46:50.606248Z celld-1 /cell/h3-718 facet
2026-09-30T17:46:52.681556Z celld-1 /cell/h3-721 start
2026-09-30T17:46:52.681680Z celld-1 /cell/h3-721 stored
2026-09-30T17:46:52.681708Z celld-1 /cell/h3-721 facet
2026-09-30T17:46:55.145737Z celld-1 /cell/h3-725 start
2026-09-30T17:46:55.145965Z celld-1 /cell/h3-725 stored
2026-09-30T17:46:55.145984Z celld-1 /cell/h3-725 facet
2026-09-30T17:46:56.156999Z celld-1 /cell/h3-726 start
2026-09-30T17:46:56.157162Z celld-1 /cell/h3-726 stored
2026-09-30T17:46:56.157193Z celld-1 /cell/h3-726 facet
2026-09-30T17:46:59.708962Z celld-1 /cell/h3-733 start
2026-09-30T17:46:59.709081Z celld-1 /cell/h3-733 stored
2026-09-30T17:46:59.709105Z celld-1 /cell/h3-733 facet
2026-09-30T17:47:01.968189Z celld-1 /cell/h3-736 start
2026-09-30T17:47:01.968333Z celld-1 /cell/h3-736 stored
2026-09-30T17:47:01.968355Z celld-1 /cell/h3-736 facet
2026-09-30T17:47:02.746355Z celld-1 /cell/h3-737 start
2026-09-30T17:47:02.746541Z celld-1 /cell/h3-737 stored
2026-09-30T17:47:02.746562Z celld-1 /cell/h3-737 facet
2026-09-30T17:47:16.047864Z celld-1 /cell/h3-740 start
2026-09-30T17:47:16.047994Z celld-1 /cell/h3-740 stored
2026-09-30T17:47:16.048020Z celld-1 /cell/h3-740 facet
2026-09-30T17:47:23.568834Z celld-1 /cell/h3-746 start
2026-09-30T17:47:23.568947Z celld-1 /cell/h3-746 stored
2026-09-30T17:47:23.568962Z celld-1 /cell/h3-746 facet
2026-09-30T17:47:23.887738Z celld-1 /cell/h3-747 start
2026-09-30T17:47:23.887895Z celld-1 /cell/h3-747 stored
2026-09-30T17:47:23.887912Z celld-1 /cell/h3-747 facet
2026-09-30T17:47:24.436998Z celld-1 /cell/h3-748 start
2026-09-30T17:47:24.437153Z celld-1 /cell/h3-748 stored
2026-09-30T17:47:24.437182Z celld-1 /cell/h3-748 facet
2026-09-30T17:47:25.703929Z celld-1 /cell/h3-751 start
2026-09-30T17:47:25.704048Z celld-1 /cell/h3-751 stored
2026-09-30T17:47:25.704071Z celld-1 /cell/h3-751 facet
2026-09-30T17:47:26.810513Z celld-1 /cell/h3-752 start
2026-09-30T17:47:26.810852Z celld-1 /cell/h3-752 stored
2026-09-30T17:47:26.810884Z celld-1 /cell/h3-752 facet
2026-09-30T17:47:26.810920Z celld-1 /cell/h3-752 load
2026-09-30T17:47:26.820690Z celld-1 /cell/h3-752 loaded
2026-09-30T17:47:27.476029Z celld-1 /cell/h3-752 done
2026-09-30T17:47:31.503905Z celld-1 /cell/h3-757 start
2026-09-30T17:47:31.504028Z celld-1 /cell/h3-757 stored
2026-09-30T17:47:31.504048Z celld-1 /cell/h3-757 facet
2026-09-30T17:47:36.068873Z celld-1 /cell/h3-762 start
2026-09-30T17:47:36.068999Z celld-1 /cell/h3-762 stored
2026-09-30T17:47:36.069031Z celld-1 /cell/h3-762 facet
2026-09-30T17:47:42.735662Z celld-1 /cell/h3-764 start
2026-09-30T17:47:42.735776Z celld-1 /cell/h3-764 stored
2026-09-30T17:47:42.735789Z celld-1 /cell/h3-764 facet
2026-09-30T17:47:46.145312Z celld-1 /cell/h3-765 start
2026-09-30T17:47:46.145485Z celld-1 /cell/h3-765 stored
2026-09-30T17:47:46.145510Z celld-1 /cell/h3-765 facet
2026-09-30T17:48:15.373251Z celld-1 /cell/h3-770 start
2026-09-30T17:48:15.373366Z celld-1 /cell/h3-770 stored
2026-09-30T17:48:15.373383Z celld-1 /cell/h3-770 facet
2026-09-30T17:48:16.290074Z celld-1 /cell/h3-771 start
2026-09-30T17:48:16.290241Z celld-1 /cell/h3-771 stored
2026-09-30T17:48:16.290273Z celld-1 /cell/h3-771 facet
2026-09-30T17:48:20.022573Z celld-1 /cell/h3-772 start
2026-09-30T17:48:20.022694Z celld-1 /cell/h3-772 stored
2026-09-30T17:48:20.022712Z celld-1 /cell/h3-772 facet
2026-09-30T17:48:24.736114Z celld-1 /cell/h3-775 start
2026-09-30T17:48:24.736282Z celld-1 /cell/h3-775 stored
2026-09-30T17:48:24.736326Z celld-1 /cell/h3-775 facet
2026-09-30T17:48:27.055029Z celld-1 /cell/h3-779 start
2026-09-30T17:48:27.055149Z celld-1 /cell/h3-779 stored
2026-09-30T17:48:27.055165Z celld-1 /cell/h3-779 facet
2026-09-30T17:48:27.356064Z celld-1 /cell/h3-780 start
2026-09-30T17:48:27.356207Z celld-1 /cell/h3-780 stored
2026-09-30T17:48:27.356226Z celld-1 /cell/h3-780 facet
2026-09-30T17:48:28.465474Z celld-1 /cell/h3-782 start
2026-09-30T17:48:28.465633Z celld-1 /cell/h3-782 stored
2026-09-30T17:48:28.465658Z celld-1 /cell/h3-782 facet
2026-09-30T17:48:33.851502Z celld-1 /cell/h3-784 start
2026-09-30T17:48:33.851648Z celld-1 /cell/h3-784 stored
2026-09-30T17:48:33.851666Z celld-1 /cell/h3-784 facet
2026-09-30T17:48:52.131278Z celld-1 /cell/h3-787 start
2026-09-30T17:48:52.131629Z celld-1 /cell/h3-787 stored
2026-09-30T17:48:52.131654Z celld-1 /cell/h3-787 facet
2026-09-30T17:48:53.248997Z celld-1 /cell/h3-789 start
2026-09-30T17:48:53.249158Z celld-1 /cell/h3-789 stored
2026-09-30T17:48:53.249183Z celld-1 /cell/h3-789 facet
2026-09-30T17:48:55.734268Z celld-1 /cell/h3-791 start
2026-09-30T17:48:55.734392Z celld-1 /cell/h3-791 stored
2026-09-30T17:48:55.734408Z celld-1 /cell/h3-791 facet
2026-09-30T17:48:56.590917Z celld-1 /cell/h3-792 start
2026-09-30T17:48:56.591096Z celld-1 /cell/h3-792 stored
2026-09-30T17:48:56.591116Z celld-1 /cell/h3-792 facet
2026-09-30T17:48:59.749011Z celld-1 /cell/h3-793 start
2026-09-30T17:48:59.749138Z celld-1 /cell/h3-793 stored
2026-09-30T17:48:59.749165Z celld-1 /cell/h3-793 facet
2026-09-30T17:49:04.984819Z celld-1 /cell/h3-800 start
2026-09-30T17:49:04.984932Z celld-1 /cell/h3-800 stored
2026-09-30T17:49:04.984949Z celld-1 /cell/h3-800 facet
2026-09-30T17:49:11.265136Z celld-1 /cell/h3-807 start
2026-09-30T17:49:11.265263Z celld-1 /cell/h3-807 stored
2026-09-30T17:49:11.265290Z celld-1 /cell/h3-807 facet
2026-09-30T17:49:16.145352Z celld-1 /cell/h3-808 start
2026-09-30T17:49:16.145502Z celld-1 /cell/h3-808 stored
2026-09-30T17:49:16.145525Z celld-1 /cell/h3-808 facet
2026-09-30T17:49:23.891027Z celld-1 /cell/h3-811 start
2026-09-30T17:49:23.891185Z celld-1 /cell/h3-811 stored
2026-09-30T17:49:23.891240Z celld-1 /cell/h3-811 facet
2026-09-30T17:49:26.529217Z celld-1 /cell/h3-816 start
2026-09-30T17:49:26.529402Z celld-1 /cell/h3-816 stored
2026-09-30T17:49:26.529441Z celld-1 /cell/h3-816 facet
2026-09-30T17:49:28.715065Z celld-1 /cell/h3-821 start
2026-09-30T17:49:28.715221Z celld-1 /cell/h3-821 stored
2026-09-30T17:49:28.715246Z celld-1 /cell/h3-821 facet
2026-09-30T17:49:32.253697Z celld-1 /cell/h3-826 start
2026-09-30T17:49:32.253845Z celld-1 /cell/h3-826 stored
2026-09-30T17:49:32.253898Z celld-1 /cell/h3-826 facet
2026-09-30T17:49:34.656097Z celld-1 /cell/h3-829 start
2026-09-30T17:49:34.656216Z celld-1 /cell/h3-829 stored
2026-09-30T17:49:34.656235Z celld-1 /cell/h3-829 facet
2026-09-30T17:49:38.712836Z celld-1 /cell/h3-833 start
2026-09-30T17:49:38.712961Z celld-1 /cell/h3-833 stored
2026-09-30T17:49:38.712980Z celld-1 /cell/h3-833 facet
2026-09-30T17:49:43.740038Z celld-1 /cell/h3-835 start
2026-09-30T17:49:43.740156Z celld-1 /cell/h3-835 stored
2026-09-30T17:49:43.740174Z celld-1 /cell/h3-835 facet
2026-09-30T17:49:47.285204Z celld-1 /cell/h3-837 start
2026-09-30T17:49:47.285334Z celld-1 /cell/h3-837 stored
2026-09-30T17:49:47.285353Z celld-1 /cell/h3-837 facet
2026-09-30T17:50:17.206892Z celld-1 /cell/h3-841 start
2026-09-30T17:50:17.207041Z celld-1 /cell/h3-841 stored
2026-09-30T17:50:17.207070Z celld-1 /cell/h3-841 facet
2026-09-30T17:50:21.466961Z celld-1 /cell/h3-847 start
2026-09-30T17:50:21.467150Z celld-1 /cell/h3-847 stored
2026-09-30T17:50:21.467190Z celld-1 /cell/h3-847 facet
2026-09-30T17:50:21.798551Z celld-1 /cell/h3-848 start
2026-09-30T17:50:21.798687Z celld-1 /cell/h3-848 stored
2026-09-30T17:50:21.798708Z celld-1 /cell/h3-848 facet
2026-09-30T17:50:26.876827Z celld-1 /cell/h3-852 start
2026-09-30T17:50:26.876972Z celld-1 /cell/h3-852 stored
2026-09-30T17:50:26.876987Z celld-1 /cell/h3-852 facet
2026-09-30T17:50:28.202066Z celld-1 /cell/h3-854 start
2026-09-30T17:50:28.202334Z celld-1 /cell/h3-854 stored
2026-09-30T17:50:28.202354Z celld-1 /cell/h3-854 facet
2026-09-30T17:50:28.739335Z celld-1 /cell/h3-856 start
2026-09-30T17:50:28.739455Z celld-1 /cell/h3-856 stored
2026-09-30T17:50:28.739474Z celld-1 /cell/h3-856 facet
2026-09-30T17:50:30.988238Z celld-1 /cell/h3-859 start
2026-09-30T17:50:30.988423Z celld-1 /cell/h3-859 stored
2026-09-30T17:50:30.988453Z celld-1 /cell/h3-859 facet
2026-09-30T17:50:34.853887Z celld-1 /cell/h3-861 start
2026-09-30T17:50:34.854013Z celld-1 /cell/h3-861 stored
2026-09-30T17:50:34.854035Z celld-1 /cell/h3-861 facet
2026-09-30T17:50:54.310344Z celld-1 /cell/h3-865 start
2026-09-30T17:50:54.310474Z celld-1 /cell/h3-865 stored
2026-09-30T17:50:54.310500Z celld-1 /cell/h3-865 facet
2026-09-30T17:50:54.675561Z celld-1 /cell/h3-866 start
2026-09-30T17:50:54.675720Z celld-1 /cell/h3-866 stored
2026-09-30T17:50:54.675747Z celld-1 /cell/h3-866 facet
2026-09-30T17:50:55.733511Z celld-1 /cell/h3-867 start
2026-09-30T17:50:55.733653Z celld-1 /cell/h3-867 stored
2026-09-30T17:50:55.733668Z celld-1 /cell/h3-867 facet
2026-09-30T17:50:57.717756Z celld-1 /cell/h3-869 start
2026-09-30T17:50:57.717902Z celld-1 /cell/h3-869 stored
2026-09-30T17:50:57.717933Z celld-1 /cell/h3-869 facet
2026-09-30T17:50:59.676718Z celld-1 /cell/h3-870 start
2026-09-30T17:50:59.676825Z celld-1 /cell/h3-870 stored
2026-09-30T17:50:59.676842Z celld-1 /cell/h3-870 facet
2026-09-30T17:51:05.069126Z celld-1 /cell/h3-871 start
2026-09-30T17:51:05.069255Z celld-1 /cell/h3-871 stored
2026-09-30T17:51:05.069271Z celld-1 /cell/h3-871 facet
2026-09-30T17:51:11.236984Z celld-1 /cell/h3-872 start
2026-09-30T17:51:11.237194Z celld-1 /cell/h3-872 stored
2026-09-30T17:51:11.237219Z celld-1 /cell/h3-872 facet
2026-09-30T17:51:23.095316Z celld-1 /cell/h3-880 start
2026-09-30T17:51:23.095416Z celld-1 /cell/h3-880 stored
2026-09-30T17:51:23.095431Z celld-1 /cell/h3-880 facet
2026-09-30T17:51:24.224358Z celld-1 /cell/h3-881 start
2026-09-30T17:51:24.224492Z celld-1 /cell/h3-881 stored
2026-09-30T17:51:24.224514Z celld-1 /cell/h3-881 facet
2026-09-30T17:51:28.710917Z celld-1 /cell/h3-885 start
2026-09-30T17:51:28.711099Z celld-1 /cell/h3-885 stored
2026-09-30T17:51:28.711135Z celld-1 /cell/h3-885 facet
2026-09-30T17:51:29.164714Z celld-1 /cell/h3-886 start
2026-09-30T17:51:29.164843Z celld-1 /cell/h3-886 stored
2026-09-30T17:51:29.164877Z celld-1 /cell/h3-886 facet
2026-09-30T17:51:32.488536Z celld-1 /cell/h3-887 start
2026-09-30T17:51:32.488674Z celld-1 /cell/h3-887 stored
2026-09-30T17:51:32.488724Z celld-1 /cell/h3-887 facet
2026-09-30T17:51:34.951935Z celld-1 /cell/h3-888 start
2026-09-30T17:51:34.952041Z celld-1 /cell/h3-888 stored
2026-09-30T17:51:34.952063Z celld-1 /cell/h3-888 facet
2026-09-30T17:51:38.635883Z celld-1 /cell/h3-889 start
2026-09-30T17:51:38.635990Z celld-1 /cell/h3-889 stored
2026-09-30T17:51:38.636003Z celld-1 /cell/h3-889 facet
2026-09-30T17:51:44.704835Z celld-1 /cell/h3-891 start
2026-09-30T17:51:44.704954Z celld-1 /cell/h3-891 stored
2026-09-30T17:51:44.704963Z celld-1 /cell/h3-891 facet
2026-09-30T17:51:54.156094Z celld-1 /cell/h3-898 start
2026-09-30T17:51:54.156249Z celld-1 /cell/h3-898 stored
2026-09-30T17:51:54.156274Z celld-1 /cell/h3-898 facet
2026-09-30T17:52:17.091181Z celld-1 /cell/h3-899 start
2026-09-30T17:52:17.091333Z celld-1 /cell/h3-899 stored
2026-09-30T17:52:17.091361Z celld-1 /cell/h3-899 facet
2026-09-30T17:34:06.783871Z celld-2 /cell/h3-21 start
2026-09-30T17:34:06.784113Z celld-2 /cell/h3-21 stored
2026-09-30T17:34:06.784137Z celld-2 /cell/h3-21 facet
2026-09-30T17:34:06.785433Z celld-2 /cell/h3-23 start
2026-09-30T17:34:06.785542Z celld-2 /cell/h3-23 stored
2026-09-30T17:34:06.785560Z celld-2 /cell/h3-23 facet
2026-09-30T17:34:06.787383Z celld-2 /cell/h3-5 start
2026-09-30T17:34:06.787486Z celld-2 /cell/h3-5 stored
2026-09-30T17:34:06.787506Z celld-2 /cell/h3-5 facet
2026-09-30T17:34:06.789212Z celld-2 /cell/h3-15 start
2026-09-30T17:34:06.789305Z celld-2 /cell/h3-15 stored
2026-09-30T17:34:06.789319Z celld-2 /cell/h3-15 facet
2026-09-30T17:34:06.790460Z celld-2 /cell/h3-19 start
2026-09-30T17:34:06.790556Z celld-2 /cell/h3-19 stored
2026-09-30T17:34:06.790565Z celld-2 /cell/h3-19 facet
2026-09-30T17:34:07.098619Z celld-2 /cell/h3-22 start
2026-09-30T17:34:07.098862Z celld-2 /cell/h3-22 stored
2026-09-30T17:34:07.098880Z celld-2 /cell/h3-22 facet
2026-09-30T17:34:07.102719Z celld-2 /cell/h3-2 start
2026-09-30T17:34:07.102933Z celld-2 /cell/h3-2 stored
2026-09-30T17:34:07.102962Z celld-2 /cell/h3-2 facet
2026-09-30T17:34:07.103820Z celld-2 /cell/h3-10 start
2026-09-30T17:34:07.104336Z celld-2 /cell/h3-10 stored
2026-09-30T17:34:07.104351Z celld-2 /cell/h3-10 facet
2026-09-30T17:34:07.111964Z celld-2 /cell/h3-17 start
2026-09-30T17:34:07.112107Z celld-2 /cell/h3-17 stored
2026-09-30T17:34:07.112132Z celld-2 /cell/h3-17 facet
2026-09-30T17:34:07.117198Z celld-2 /cell/h3-6 start
2026-09-30T17:34:07.117347Z celld-2 /cell/h3-6 stored
2026-09-30T17:34:07.117366Z celld-2 /cell/h3-6 facet
2026-09-30T17:34:07.117848Z celld-2 /cell/h3-20 start
2026-09-30T17:34:07.117966Z celld-2 /cell/h3-20 stored
2026-09-30T17:34:07.117984Z celld-2 /cell/h3-20 facet
2026-09-30T17:34:09.634346Z celld-2 /cell/h3-26 start
2026-09-30T17:34:09.634486Z celld-2 /cell/h3-26 stored
2026-09-30T17:34:09.634526Z celld-2 /cell/h3-26 facet
2026-09-30T17:34:09.764922Z celld-2 /cell/h3-29 start
2026-09-30T17:34:09.765078Z celld-2 /cell/h3-29 stored
2026-09-30T17:34:09.765107Z celld-2 /cell/h3-29 facet
2026-09-30T17:34:10.382372Z celld-2 /cell/h3-21 done
2026-09-30T17:34:10.654537Z celld-2 /cell/h3-5 done
2026-09-30T17:34:10.654907Z celld-2 /cell/h3-23 done
2026-09-30T17:34:10.655322Z celld-2 /cell/h3-15 done
2026-09-30T17:34:10.655626Z celld-2 /cell/h3-19 done
2026-09-30T17:34:10.679390Z celld-2 /cell/h3-6 done
2026-09-30T17:34:10.679468Z celld-2 /cell/h3-10 done
2026-09-30T17:34:10.679752Z celld-2 /cell/h3-2 done
2026-09-30T17:34:10.680747Z celld-2 /cell/h3-22 done
2026-09-30T17:34:10.680862Z celld-2 /cell/h3-17 done
2026-09-30T17:34:10.680974Z celld-2 /cell/h3-20 done
2026-09-30T17:34:11.869503Z celld-2 /cell/h3-40 start
2026-09-30T17:34:11.869634Z celld-2 /cell/h3-40 stored
2026-09-30T17:34:11.869654Z celld-2 /cell/h3-40 facet
2026-09-30T17:34:12.179223Z celld-2 /cell/h3-29 done
2026-09-30T17:34:12.179541Z celld-2 /cell/h3-26 done
2026-09-30T17:34:12.306449Z celld-2 /cell/h3-41 start
2026-09-30T17:34:12.306580Z celld-2 /cell/h3-41 stored
2026-09-30T17:34:12.306613Z celld-2 /cell/h3-41 facet
2026-09-30T17:34:13.390979Z celld-2 /cell/h3-44 start
2026-09-30T17:34:13.391149Z celld-2 /cell/h3-44 stored
2026-09-30T17:34:13.391173Z celld-2 /cell/h3-44 facet
2026-09-30T17:34:13.633010Z celld-2 /cell/h3-51 start
2026-09-30T17:34:13.633174Z celld-2 /cell/h3-51 stored
2026-09-30T17:34:13.633275Z celld-2 /cell/h3-51 facet
2026-09-30T17:34:13.656688Z celld-2 /cell/h3-47 start
2026-09-30T17:34:13.656855Z celld-2 /cell/h3-47 stored
2026-09-30T17:34:13.656888Z celld-2 /cell/h3-47 facet
2026-09-30T17:34:13.673034Z celld-2 /cell/h3-52 start
2026-09-30T17:34:13.673220Z celld-2 /cell/h3-52 stored
2026-09-30T17:34:13.673256Z celld-2 /cell/h3-52 facet
2026-09-30T17:34:14.577637Z celld-2 /cell/h3-40 done
2026-09-30T17:34:14.578516Z celld-2 /cell/h3-41 done
2026-09-30T17:34:15.098741Z celld-2 /cell/h3-57 start
2026-09-30T17:34:15.098895Z celld-2 /cell/h3-57 stored
2026-09-30T17:34:15.098927Z celld-2 /cell/h3-57 facet
2026-09-30T17:34:15.797447Z celld-2 /cell/h3-44 done
2026-09-30T17:34:15.797681Z celld-2 /cell/h3-51 done
2026-09-30T17:34:16.334080Z celld-2 /cell/h3-47 done
2026-09-30T17:34:16.334609Z celld-2 /cell/h3-52 done
2026-09-30T17:34:16.444578Z celld-2 /cell/h3-62 start
2026-09-30T17:34:16.444753Z celld-2 /cell/h3-62 stored
2026-09-30T17:34:16.444807Z celld-2 /cell/h3-62 facet
2026-09-30T17:34:16.537454Z celld-2 /cell/h3-66 start
2026-09-30T17:34:16.537651Z celld-2 /cell/h3-66 stored
2026-09-30T17:34:16.537687Z celld-2 /cell/h3-66 facet
2026-09-30T17:34:17.682015Z celld-2 /cell/h3-57 done
2026-09-30T17:34:18.645696Z celld-2 /cell/h3-75 start
2026-09-30T17:34:18.645852Z celld-2 /cell/h3-75 stored
2026-09-30T17:34:18.645882Z celld-2 /cell/h3-75 facet
2026-09-30T17:34:18.766304Z celld-2 /cell/h3-66 done
2026-09-30T17:34:18.938685Z celld-2 /cell/h3-62 done
2026-09-30T17:34:19.973841Z celld-2 /cell/h3-78 start
2026-09-30T17:34:19.973995Z celld-2 /cell/h3-78 stored
2026-09-30T17:34:19.974038Z celld-2 /cell/h3-78 facet
2026-09-30T17:34:20.506842Z celld-2 /cell/h3-80 start
2026-09-30T17:34:20.506982Z celld-2 /cell/h3-80 stored
2026-09-30T17:34:20.507003Z celld-2 /cell/h3-80 facet
2026-09-30T17:34:20.583547Z celld-2 /cell/h3-75 done
2026-09-30T17:34:21.047195Z celld-2 /cell/h3-82 start
2026-09-30T17:34:21.047337Z celld-2 /cell/h3-82 stored
2026-09-30T17:34:21.047365Z celld-2 /cell/h3-82 facet
2026-09-30T17:34:21.330072Z celld-2 /cell/h3-84 start
2026-09-30T17:34:21.330360Z celld-2 /cell/h3-84 stored
2026-09-30T17:34:21.330402Z celld-2 /cell/h3-84 facet
2026-09-30T17:34:22.537056Z celld-2 /cell/h3-86 start
2026-09-30T17:34:22.537209Z celld-2 /cell/h3-86 stored
2026-09-30T17:34:22.537239Z celld-2 /cell/h3-86 facet
2026-09-30T17:34:22.763448Z celld-2 /cell/h3-78 done
2026-09-30T17:34:22.763727Z celld-2 /cell/h3-80 done
2026-09-30T17:34:23.454148Z celld-2 /cell/h3-82 done
2026-09-30T17:34:23.454373Z celld-2 /cell/h3-84 done
2026-09-30T17:34:24.067730Z celld-2 /cell/h3-90 start
2026-09-30T17:34:24.067851Z celld-2 /cell/h3-90 stored
2026-09-30T17:34:24.067871Z celld-2 /cell/h3-90 facet
2026-09-30T17:34:24.150252Z celld-2 /cell/h3-86 done
2026-09-30T17:34:24.957749Z celld-2 /cell/h3-91 start
2026-09-30T17:34:24.957894Z celld-2 /cell/h3-91 stored
2026-09-30T17:34:24.957917Z celld-2 /cell/h3-91 facet
2026-09-30T17:34:24.965164Z celld-2 /cell/h3-90 done
2026-09-30T17:34:26.770724Z celld-2 /cell/h3-91 done
2026-09-30T17:34:36.674676Z celld-2 /cell/h3-108 start
2026-09-30T17:34:36.674819Z celld-2 /cell/h3-108 stored
2026-09-30T17:34:36.674847Z celld-2 /cell/h3-108 facet
2026-09-30T17:34:38.161137Z celld-2 /cell/h3-108 done
2026-09-30T17:34:39.382830Z celld-2 /cell/h3-109 start
2026-09-30T17:34:39.383054Z celld-2 /cell/h3-109 stored
2026-09-30T17:34:39.383089Z celld-2 /cell/h3-109 facet
2026-09-30T17:34:40.607722Z celld-2 /cell/h3-109 done
2026-09-30T17:36:09.391763Z celld-2 /cell/h3-111 start
2026-09-30T17:36:09.392134Z celld-2 /cell/h3-111 stored
2026-09-30T17:36:09.392185Z celld-2 /cell/h3-111 facet
2026-09-30T17:36:09.392229Z celld-2 /cell/h3-111 load
2026-09-30T17:36:09.407785Z celld-2 /cell/h3-111 loaded
2026-09-30T17:36:09.543685Z celld-2 /cell/h3-112 start
2026-09-30T17:36:09.543853Z celld-2 /cell/h3-112 stored
2026-09-30T17:36:09.543881Z celld-2 /cell/h3-112 facet
2026-09-30T17:36:10.419865Z celld-2 /cell/h3-111 done
2026-09-30T17:36:10.420182Z celld-2 /cell/h3-112 done
2026-09-30T17:36:12.234181Z celld-2 /cell/h3-118 start
2026-09-30T17:36:12.234339Z celld-2 /cell/h3-118 stored
2026-09-30T17:36:12.234390Z celld-2 /cell/h3-118 facet
2026-09-30T17:36:12.753263Z celld-2 /cell/h3-121 start
2026-09-30T17:36:12.753485Z celld-2 /cell/h3-121 stored
2026-09-30T17:36:12.753524Z celld-2 /cell/h3-121 facet
2026-09-30T17:36:13.170473Z celld-2 /cell/h3-118 done
2026-09-30T17:36:13.670832Z celld-2 /cell/h3-121 done
2026-09-30T17:36:14.433378Z celld-2 /cell/h3-127 start
2026-09-30T17:36:14.433626Z celld-2 /cell/h3-127 stored
2026-09-30T17:36:14.433670Z celld-2 /cell/h3-127 facet
2026-09-30T17:36:14.937544Z celld-2 /cell/h3-127 done
2026-09-30T17:36:15.994908Z celld-2 /cell/h3-132 start
2026-09-30T17:36:15.995144Z celld-2 /cell/h3-132 stored
2026-09-30T17:36:15.995195Z celld-2 /cell/h3-132 facet
2026-09-30T17:36:16.682196Z celld-2 /cell/h3-132 done
2026-09-30T17:36:16.876971Z celld-2 /cell/h3-136 start
2026-09-30T17:36:16.877135Z celld-2 /cell/h3-136 stored
2026-09-30T17:36:16.877169Z celld-2 /cell/h3-136 facet
2026-09-30T17:36:17.512587Z celld-2 /cell/h3-138 start
2026-09-30T17:36:17.512785Z celld-2 /cell/h3-138 stored
2026-09-30T17:36:17.512853Z celld-2 /cell/h3-138 facet
2026-09-30T17:36:17.633673Z celld-2 /cell/h3-136 done
2026-09-30T17:36:18.011243Z celld-2 /cell/h3-139 start
2026-09-30T17:36:18.011560Z celld-2 /cell/h3-139 stored
2026-09-30T17:36:18.011612Z celld-2 /cell/h3-139 facet
2026-09-30T17:36:18.346301Z celld-2 /cell/h3-138 done
2026-09-30T17:36:18.769398Z celld-2 /cell/h3-139 done
2026-09-30T17:36:19.183299Z celld-2 /cell/h3-144 start
2026-09-30T17:36:19.183698Z celld-2 /cell/h3-144 stored
2026-09-30T17:36:19.183757Z celld-2 /cell/h3-144 facet
2026-09-30T17:36:19.693239Z celld-2 /cell/h3-144 done
2026-09-30T17:36:19.857481Z celld-2 /cell/h3-148 start
2026-09-30T17:36:19.857605Z celld-2 /cell/h3-148 stored
2026-09-30T17:36:19.857627Z celld-2 /cell/h3-148 facet
2026-09-30T17:36:20.161518Z celld-2 /cell/h3-148 done
2026-09-30T17:36:20.989834Z celld-2 /cell/h3-154 start
2026-09-30T17:36:20.989970Z celld-2 /cell/h3-154 stored
2026-09-30T17:36:20.989995Z celld-2 /cell/h3-154 facet
2026-09-30T17:36:21.052093Z celld-2 /cell/h3-153 start
2026-09-30T17:36:21.052233Z celld-2 /cell/h3-153 stored
2026-09-30T17:36:21.052285Z celld-2 /cell/h3-153 facet
2026-09-30T17:36:21.687833Z celld-2 /cell/h3-155 start
2026-09-30T17:36:21.688081Z celld-2 /cell/h3-155 stored
2026-09-30T17:36:21.688106Z celld-2 /cell/h3-155 facet
2026-09-30T17:36:22.306444Z celld-2 /cell/h3-154 done
2026-09-30T17:36:22.592534Z celld-2 /cell/h3-153 done
2026-09-30T17:36:22.764808Z celld-2 /cell/h3-155 done
2026-09-30T17:36:24.060326Z celld-2 /cell/h3-167 start
2026-09-30T17:36:24.060467Z celld-2 /cell/h3-167 stored
2026-09-30T17:36:24.060490Z celld-2 /cell/h3-167 facet
2026-09-30T17:36:24.614405Z celld-2 /cell/h3-170 start
2026-09-30T17:36:24.614569Z celld-2 /cell/h3-170 stored
2026-09-30T17:36:24.614603Z celld-2 /cell/h3-170 facet
2026-09-30T17:36:24.809818Z celld-2 /cell/h3-171 start
2026-09-30T17:36:24.809974Z celld-2 /cell/h3-171 stored
2026-09-30T17:36:24.809998Z celld-2 /cell/h3-171 facet
2026-09-30T17:36:25.406161Z celld-2 /cell/h3-167 done
2026-09-30T17:36:26.014107Z celld-2 /cell/h3-170 done
2026-09-30T17:36:26.424892Z celld-2 /cell/h3-176 start
2026-09-30T17:36:26.425032Z celld-2 /cell/h3-176 stored
2026-09-30T17:36:26.425059Z celld-2 /cell/h3-176 facet
2026-09-30T17:36:26.501075Z celld-2 /cell/h3-171 done
2026-09-30T17:36:26.841339Z celld-2 /cell/h3-178 start
2026-09-30T17:36:26.841535Z celld-2 /cell/h3-178 stored
2026-09-30T17:36:26.841563Z celld-2 /cell/h3-178 facet
2026-09-30T17:36:27.243417Z celld-2 /cell/h3-179 start
2026-09-30T17:36:27.243571Z celld-2 /cell/h3-179 stored
2026-09-30T17:36:27.243602Z celld-2 /cell/h3-179 facet
2026-09-30T17:36:27.696817Z celld-2 /cell/h3-176 done
2026-09-30T17:36:27.813448Z celld-2 /cell/h3-182 start
2026-09-30T17:36:27.813632Z celld-2 /cell/h3-182 stored
2026-09-30T17:36:27.813676Z celld-2 /cell/h3-182 facet
2026-09-30T17:36:28.252168Z celld-2 /cell/h3-188 start
2026-09-30T17:36:28.252323Z celld-2 /cell/h3-188 stored
2026-09-30T17:36:28.252373Z celld-2 /cell/h3-188 facet
2026-09-30T17:36:28.425126Z celld-2 /cell/h3-178 done
2026-09-30T17:36:28.425608Z celld-2 /cell/h3-179 done
2026-09-30T17:36:28.899668Z celld-2 /cell/h3-189 start
2026-09-30T17:36:28.899822Z celld-2 /cell/h3-189 stored
2026-09-30T17:36:28.899862Z celld-2 /cell/h3-189 facet
2026-09-30T17:36:29.229770Z celld-2 /cell/h3-182 done
2026-09-30T17:36:29.254106Z celld-2 /cell/h3-190 start
2026-09-30T17:36:29.254331Z celld-2 /cell/h3-190 stored
2026-09-30T17:36:29.254358Z celld-2 /cell/h3-190 facet
2026-09-30T17:36:29.417897Z celld-2 /cell/h3-191 start
2026-09-30T17:36:29.418048Z celld-2 /cell/h3-191 stored
2026-09-30T17:36:29.418081Z celld-2 /cell/h3-191 facet
2026-09-30T17:36:29.752602Z celld-2 /cell/h3-188 done
2026-09-30T17:36:30.347307Z celld-2 /cell/h3-189 done
2026-09-30T17:36:30.386558Z celld-2 /cell/h3-197 start
2026-09-30T17:36:30.386685Z celld-2 /cell/h3-197 stored
2026-09-30T17:36:30.386715Z celld-2 /cell/h3-197 facet
2026-09-30T17:36:30.525333Z celld-2 /cell/h3-198 start
2026-09-30T17:36:30.525448Z celld-2 /cell/h3-198 stored
2026-09-30T17:36:30.525475Z celld-2 /cell/h3-198 facet
2026-09-30T17:36:30.652029Z celld-2 /cell/h3-199 start
2026-09-30T17:36:30.652148Z celld-2 /cell/h3-199 stored
2026-09-30T17:36:30.652168Z celld-2 /cell/h3-199 facet
2026-09-30T17:36:31.329687Z celld-2 /cell/h3-201 start
2026-09-30T17:36:31.329816Z celld-2 /cell/h3-201 stored
2026-09-30T17:36:31.329851Z celld-2 /cell/h3-201 facet
2026-09-30T17:36:31.386310Z celld-2 /cell/h3-202 start
2026-09-30T17:36:31.386458Z celld-2 /cell/h3-202 stored
2026-09-30T17:36:31.386482Z celld-2 /cell/h3-202 facet
2026-09-30T17:36:31.392826Z celld-2 /cell/h3-191 done
2026-09-30T17:36:31.393019Z celld-2 /cell/h3-190 done
2026-09-30T17:36:31.790361Z celld-2 /cell/h3-206 start
2026-09-30T17:36:31.790502Z celld-2 /cell/h3-206 stored
2026-09-30T17:36:31.790525Z celld-2 /cell/h3-206 facet
2026-09-30T17:36:31.848983Z celld-2 /cell/h3-205 start
2026-09-30T17:36:31.849107Z celld-2 /cell/h3-205 stored
2026-09-30T17:36:31.849129Z celld-2 /cell/h3-205 facet
2026-09-30T17:36:31.873299Z celld-2 /cell/h3-204 start
2026-09-30T17:36:31.873548Z celld-2 /cell/h3-204 stored
2026-09-30T17:36:31.873583Z celld-2 /cell/h3-204 facet
2026-09-30T17:36:31.873633Z celld-2 /cell/h3-204 load
2026-09-30T17:36:31.882523Z celld-2 /cell/h3-204 loaded
2026-09-30T17:36:32.550396Z celld-2 /cell/h3-197 done
2026-09-30T17:36:32.719184Z celld-2 /cell/h3-199 done
2026-09-30T17:36:32.719349Z celld-2 /cell/h3-198 done
2026-09-30T17:36:32.901085Z celld-2 /cell/h3-210 start
2026-09-30T17:36:32.901221Z celld-2 /cell/h3-210 stored
2026-09-30T17:36:32.901276Z celld-2 /cell/h3-210 facet
2026-09-30T17:36:33.168684Z celld-2 /cell/h3-201 done
2026-09-30T17:36:33.449257Z celld-2 /cell/h3-202 done
2026-09-30T17:36:33.449406Z celld-2 /cell/h3-204 done
2026-09-30T17:36:33.650231Z celld-2 /cell/h3-206 done
2026-09-30T17:36:33.650462Z celld-2 /cell/h3-205 done
2026-09-30T17:36:33.895060Z celld-2 /cell/h3-215 start
2026-09-30T17:36:33.895216Z celld-2 /cell/h3-215 stored
2026-09-30T17:36:33.895249Z celld-2 /cell/h3-215 facet
2026-09-30T17:36:33.902515Z celld-2 /cell/h3-210 done
2026-09-30T17:36:34.834643Z celld-2 /cell/h3-215 done
2026-09-30T17:36:34.994584Z celld-2 /cell/h3-223 start
2026-09-30T17:36:34.994736Z celld-2 /cell/h3-223 stored
2026-09-30T17:36:34.994780Z celld-2 /cell/h3-223 facet
2026-09-30T17:36:35.154497Z celld-2 /cell/h3-226 start
2026-09-30T17:36:35.154709Z celld-2 /cell/h3-226 stored
2026-09-30T17:36:35.154745Z celld-2 /cell/h3-226 facet
2026-09-30T17:36:36.596082Z celld-2 /cell/h3-229 start
2026-09-30T17:36:36.596230Z celld-2 /cell/h3-229 stored
2026-09-30T17:36:36.596267Z celld-2 /cell/h3-229 facet
2026-09-30T17:36:36.918597Z celld-2 /cell/h3-223 done
2026-09-30T17:36:36.918903Z celld-2 /cell/h3-226 done
2026-09-30T17:36:36.957751Z celld-2 /cell/h3-230 start
2026-09-30T17:36:36.958004Z celld-2 /cell/h3-230 stored
2026-09-30T17:36:36.958034Z celld-2 /cell/h3-230 facet
2026-09-30T17:36:37.402584Z celld-2 /cell/h3-234 start
2026-09-30T17:36:37.402734Z celld-2 /cell/h3-234 stored
2026-09-30T17:36:37.402798Z celld-2 /cell/h3-234 facet
2026-09-30T17:36:38.143964Z celld-2 /cell/h3-240 start
2026-09-30T17:36:38.144098Z celld-2 /cell/h3-240 stored
2026-09-30T17:36:38.144130Z celld-2 /cell/h3-240 facet
2026-09-30T17:36:38.234177Z celld-2 /cell/h3-229 done
2026-09-30T17:36:38.234514Z celld-2 /cell/h3-230 done
2026-09-30T17:36:38.584481Z celld-2 /cell/h3-241 start
2026-09-30T17:36:38.584751Z celld-2 /cell/h3-241 stored
2026-09-30T17:36:38.584810Z celld-2 /cell/h3-241 facet
2026-09-30T17:36:38.796703Z celld-2 /cell/h3-234 done
2026-09-30T17:36:39.608803Z celld-2 /cell/h3-246 start
2026-09-30T17:36:39.608961Z celld-2 /cell/h3-246 stored
2026-09-30T17:36:39.609048Z celld-2 /cell/h3-246 facet
2026-09-30T17:36:39.679171Z celld-2 /cell/h3-249 start
2026-09-30T17:36:39.679309Z celld-2 /cell/h3-249 stored
2026-09-30T17:36:39.679363Z celld-2 /cell/h3-249 facet
2026-09-30T17:36:39.774709Z celld-2 /cell/h3-240 done
2026-09-30T17:36:39.775133Z celld-2 /cell/h3-241 done
2026-09-30T17:36:40.167897Z celld-2 /cell/h3-250 start
2026-09-30T17:36:40.168051Z celld-2 /cell/h3-250 stored
2026-09-30T17:36:40.168074Z celld-2 /cell/h3-250 facet
2026-09-30T17:36:40.606206Z celld-2 /cell/h3-253 start
2026-09-30T17:36:40.606374Z celld-2 /cell/h3-253 stored
2026-09-30T17:36:40.606401Z celld-2 /cell/h3-253 facet
2026-09-30T17:36:41.149371Z celld-2 /cell/h3-246 done
2026-09-30T17:36:41.943091Z celld-2 /cell/h3-250 done
2026-09-30T17:36:42.078358Z celld-2 /cell/h3-261 start
2026-09-30T17:36:42.078475Z celld-2 /cell/h3-261 stored
2026-09-30T17:36:42.078493Z celld-2 /cell/h3-261 facet
2026-09-30T17:36:42.346678Z celld-2 /cell/h3-249 done
2026-09-30T17:36:42.588423Z celld-2 /cell/h3-253 done
2026-09-30T17:36:43.023293Z celld-2 /cell/h3-264 start
2026-09-30T17:36:43.023442Z celld-2 /cell/h3-264 stored
2026-09-30T17:36:43.023470Z celld-2 /cell/h3-264 facet
2026-09-30T17:36:43.313507Z celld-2 /cell/h3-261 done
2026-09-30T17:36:43.955579Z celld-2 /cell/h3-267 start
2026-09-30T17:36:43.955858Z celld-2 /cell/h3-267 stored
2026-09-30T17:36:43.955903Z celld-2 /cell/h3-267 facet
2026-09-30T17:36:44.311921Z celld-2 /cell/h3-270 start
2026-09-30T17:36:44.312146Z celld-2 /cell/h3-270 stored
2026-09-30T17:36:44.312188Z celld-2 /cell/h3-270 facet
2026-09-30T17:36:44.312846Z celld-2 /cell/h3-269 start
2026-09-30T17:36:44.313132Z celld-2 /cell/h3-269 stored
2026-09-30T17:36:44.313227Z celld-2 /cell/h3-269 facet
2026-09-30T17:36:44.368213Z celld-2 /cell/h3-264 done
2026-09-30T17:36:44.551784Z celld-2 /cell/h3-271 start
2026-09-30T17:36:44.551990Z celld-2 /cell/h3-271 stored
2026-09-30T17:36:44.552036Z celld-2 /cell/h3-271 facet
2026-09-30T17:36:45.242862Z celld-2 /cell/h3-267 done
2026-09-30T17:36:45.303092Z celld-2 /cell/h3-273 start
2026-09-30T17:36:45.303242Z celld-2 /cell/h3-273 stored
2026-09-30T17:36:45.303281Z celld-2 /cell/h3-273 facet
2026-09-30T17:36:46.067382Z celld-2 /cell/h3-275 start
2026-09-30T17:36:46.067770Z celld-2 /cell/h3-275 stored
2026-09-30T17:36:46.067805Z celld-2 /cell/h3-275 facet
2026-09-30T17:36:46.070005Z celld-2 /cell/h3-276 start
2026-09-30T17:36:46.070181Z celld-2 /cell/h3-276 stored
2026-09-30T17:36:46.070207Z celld-2 /cell/h3-276 facet
2026-09-30T17:36:46.228068Z celld-2 /cell/h3-269 done
2026-09-30T17:36:46.756171Z celld-2 /cell/h3-270 done
2026-09-30T17:36:47.026276Z celld-2 /cell/h3-271 done
2026-09-30T17:36:47.026586Z celld-2 /cell/h3-273 done
2026-09-30T17:36:47.111628Z celld-2 /cell/h3-279 start
2026-09-30T17:36:47.111846Z celld-2 /cell/h3-279 stored
2026-09-30T17:36:47.111866Z celld-2 /cell/h3-279 facet
2026-09-30T17:36:48.069794Z celld-2 /cell/h3-281 start
2026-09-30T17:36:48.069910Z celld-2 /cell/h3-281 stored
2026-09-30T17:36:48.069938Z celld-2 /cell/h3-281 facet
2026-09-30T17:36:48.280112Z celld-2 /cell/h3-275 done
2026-09-30T17:36:48.280112Z celld-2 /cell/h3-276 done
2026-09-30T17:36:48.280957Z celld-2 /cell/h3-279 done
2026-09-30T17:36:49.110144Z celld-2 /cell/h3-284 start
2026-09-30T17:36:49.110356Z celld-2 /cell/h3-284 stored
2026-09-30T17:36:49.110404Z celld-2 /cell/h3-284 facet
2026-09-30T17:36:49.507071Z celld-2 /cell/h3-281 done
2026-09-30T17:36:50.174996Z celld-2 /cell/h3-284 done
2026-09-30T17:36:50.595544Z celld-2 /cell/h3-289 start
2026-09-30T17:36:50.595775Z celld-2 /cell/h3-289 stored
2026-09-30T17:36:50.595819Z celld-2 /cell/h3-289 facet
2026-09-30T17:36:51.766918Z celld-2 /cell/h3-290 start
2026-09-30T17:36:51.767099Z celld-2 /cell/h3-290 stored
2026-09-30T17:36:51.767129Z celld-2 /cell/h3-290 facet
2026-09-30T17:36:51.846515Z celld-2 /cell/h3-289 done
2026-09-30T17:36:52.510054Z celld-2 /cell/h3-290 done
2026-09-30T17:36:52.763081Z celld-2 /cell/h3-295 start
2026-09-30T17:36:52.763195Z celld-2 /cell/h3-295 stored
2026-09-30T17:36:52.763220Z celld-2 /cell/h3-295 facet
2026-09-30T17:36:53.249419Z celld-2 /cell/h3-295 done
2026-09-30T17:36:57.112981Z celld-2 /cell/h3-307 start
2026-09-30T17:36:57.113214Z celld-2 /cell/h3-307 stored
2026-09-30T17:36:57.113254Z celld-2 /cell/h3-307 facet
2026-09-30T17:36:57.760121Z celld-2 /cell/h3-307 done
2026-09-30T17:36:58.980287Z celld-2 /cell/h3-313 start
2026-09-30T17:36:58.980437Z celld-2 /cell/h3-313 stored
2026-09-30T17:36:58.980460Z celld-2 /cell/h3-313 facet
2026-09-30T17:36:59.375576Z celld-2 /cell/h3-313 done
2026-09-30T17:37:00.172813Z celld-2 /cell/h3-315 start
2026-09-30T17:37:00.172927Z celld-2 /cell/h3-315 stored
2026-09-30T17:37:00.172962Z celld-2 /cell/h3-315 facet
2026-09-30T17:37:00.714825Z celld-2 /cell/h3-315 done
2026-09-30T17:38:11.528891Z celld-2 /cell/h3-320 start
2026-09-30T17:38:11.529147Z celld-2 /cell/h3-320 stored
2026-09-30T17:38:11.529188Z celld-2 /cell/h3-320 facet
2026-09-30T17:38:11.529222Z celld-2 /cell/h3-320 load
2026-09-30T17:38:11.540901Z celld-2 /cell/h3-320 loaded
2026-09-30T17:38:11.760609Z celld-2 /cell/h3-320 done
2026-09-30T17:38:15.358514Z celld-2 /cell/h3-322 start
2026-09-30T17:38:15.358661Z celld-2 /cell/h3-322 stored
2026-09-30T17:38:15.358699Z celld-2 /cell/h3-322 facet
2026-09-30T17:38:15.706339Z celld-2 /cell/h3-322 done
2026-09-30T17:38:16.389862Z celld-2 /cell/h3-327 start
2026-09-30T17:38:16.390007Z celld-2 /cell/h3-327 stored
2026-09-30T17:38:16.390035Z celld-2 /cell/h3-327 facet
2026-09-30T17:38:16.746325Z celld-2 /cell/h3-327 done
2026-09-30T17:38:17.549665Z celld-2 /cell/h3-328 start
2026-09-30T17:38:17.549849Z celld-2 /cell/h3-328 stored
2026-09-30T17:38:17.549877Z celld-2 /cell/h3-328 facet
2026-09-30T17:38:17.592264Z celld-2 /cell/h3-329 start
2026-09-30T17:38:17.592425Z celld-2 /cell/h3-329 stored
2026-09-30T17:38:17.592449Z celld-2 /cell/h3-329 facet
2026-09-30T17:38:18.206646Z celld-2 /cell/h3-328 done
2026-09-30T17:38:18.207121Z celld-2 /cell/h3-329 done
2026-09-30T17:38:18.741845Z celld-2 /cell/h3-331 start
2026-09-30T17:38:18.742007Z celld-2 /cell/h3-331 stored
2026-09-30T17:38:18.742050Z celld-2 /cell/h3-331 facet
2026-09-30T17:38:19.201367Z celld-2 /cell/h3-331 done
2026-09-30T17:38:41.329310Z celld-2 /cell/h3-337 start
2026-09-30T17:38:41.329422Z celld-2 /cell/h3-337 stored
2026-09-30T17:38:41.329463Z celld-2 /cell/h3-337 facet
2026-09-30T17:38:41.797421Z celld-2 /cell/h3-337 done
2026-09-30T17:38:42.015315Z celld-2 /cell/h3-338 start
2026-09-30T17:38:42.015420Z celld-2 /cell/h3-338 stored
2026-09-30T17:38:42.015437Z celld-2 /cell/h3-338 facet
2026-09-30T17:38:42.524766Z celld-2 /cell/h3-338 done
2026-09-30T17:38:42.558379Z celld-2 /cell/h3-339 start
2026-09-30T17:38:42.558576Z celld-2 /cell/h3-339 stored
2026-09-30T17:38:42.558638Z celld-2 /cell/h3-339 facet
2026-09-30T17:38:43.396520Z celld-2 /cell/h3-339 done
2026-09-30T17:38:45.642555Z celld-2 /cell/h3-349 start
2026-09-30T17:38:45.642745Z celld-2 /cell/h3-349 stored
2026-09-30T17:38:45.642794Z celld-2 /cell/h3-349 facet
2026-09-30T17:38:46.286899Z celld-2 /cell/h3-349 done
2026-09-30T17:38:47.217063Z celld-2 /cell/h3-350 start
2026-09-30T17:38:47.217208Z celld-2 /cell/h3-350 stored
2026-09-30T17:38:47.217228Z celld-2 /cell/h3-350 facet
2026-09-30T17:38:47.236333Z celld-2 /cell/h3-351 start
2026-09-30T17:38:47.236514Z celld-2 /cell/h3-351 stored
2026-09-30T17:38:47.236537Z celld-2 /cell/h3-351 facet
2026-09-30T17:38:47.461445Z celld-2 /cell/h3-353 start
2026-09-30T17:38:47.461597Z celld-2 /cell/h3-353 stored
2026-09-30T17:38:47.461615Z celld-2 /cell/h3-353 facet
2026-09-30T17:38:48.328155Z celld-2 /cell/h3-355 start
2026-09-30T17:38:48.328343Z celld-2 /cell/h3-355 stored
2026-09-30T17:38:48.328376Z celld-2 /cell/h3-355 facet
2026-09-30T17:38:48.460326Z celld-2 /cell/h3-350 done
2026-09-30T17:38:48.662484Z celld-2 /cell/h3-351 done
2026-09-30T17:38:48.811456Z celld-2 /cell/h3-353 done
2026-09-30T17:38:49.074181Z celld-2 /cell/h3-358 start
2026-09-30T17:38:49.074321Z celld-2 /cell/h3-358 stored
2026-09-30T17:38:49.074344Z celld-2 /cell/h3-358 facet
2026-09-30T17:38:49.394399Z celld-2 /cell/h3-355 done
2026-09-30T17:38:50.379437Z celld-2 /cell/h3-358 done
2026-09-30T17:38:50.380984Z celld-2 /cell/h3-361 start
2026-09-30T17:38:50.381163Z celld-2 /cell/h3-361 stored
2026-09-30T17:38:50.381188Z celld-2 /cell/h3-361 facet
2026-09-30T17:38:51.034697Z celld-2 /cell/h3-361 done
2026-09-30T17:38:51.856796Z celld-2 /cell/h3-367 start
2026-09-30T17:38:51.856957Z celld-2 /cell/h3-367 stored
2026-09-30T17:38:51.857000Z celld-2 /cell/h3-367 facet
2026-09-30T17:38:52.424291Z celld-2 /cell/h3-367 done
2026-09-30T17:38:55.340886Z celld-2 /cell/h3-375 start
2026-09-30T17:38:55.341018Z celld-2 /cell/h3-375 stored
2026-09-30T17:38:55.341041Z celld-2 /cell/h3-375 facet
2026-09-30T17:38:55.753354Z celld-2 /cell/h3-375 done
2026-09-30T17:38:57.135620Z celld-2 /cell/h3-379 start
2026-09-30T17:38:57.135798Z celld-2 /cell/h3-379 stored
2026-09-30T17:38:57.135833Z celld-2 /cell/h3-379 facet
2026-09-30T17:38:57.903927Z celld-2 /cell/h3-380 start
2026-09-30T17:38:57.904066Z celld-2 /cell/h3-380 stored
2026-09-30T17:38:57.904091Z celld-2 /cell/h3-380 facet
2026-09-30T17:38:57.944958Z celld-2 /cell/h3-379 done
2026-09-30T17:38:58.472393Z celld-2 /cell/h3-380 done
2026-09-30T17:38:59.176202Z celld-2 /cell/h3-386 start
2026-09-30T17:38:59.176327Z celld-2 /cell/h3-386 stored
2026-09-30T17:38:59.176343Z celld-2 /cell/h3-386 facet
2026-09-30T17:39:00.103703Z celld-2 /cell/h3-387 start
2026-09-30T17:39:00.103835Z celld-2 /cell/h3-387 stored
2026-09-30T17:39:00.103858Z celld-2 /cell/h3-387 facet
2026-09-30T17:39:00.396421Z celld-2 /cell/h3-386 done
2026-09-30T17:39:00.430451Z celld-2 /cell/h3-390 start
2026-09-30T17:39:00.430600Z celld-2 /cell/h3-390 stored
2026-09-30T17:39:00.430625Z celld-2 /cell/h3-390 facet
2026-09-30T17:39:01.175057Z celld-2 /cell/h3-394 start
2026-09-30T17:39:01.175193Z celld-2 /cell/h3-394 stored
2026-09-30T17:39:01.175220Z celld-2 /cell/h3-394 facet
2026-09-30T17:39:01.284604Z celld-2 /cell/h3-387 done
2026-09-30T17:39:01.284807Z celld-2 /cell/h3-390 done
2026-09-30T17:39:01.881833Z celld-2 /cell/h3-395 start
2026-09-30T17:39:01.881973Z celld-2 /cell/h3-395 stored
2026-09-30T17:39:01.881998Z celld-2 /cell/h3-395 facet
2026-09-30T17:39:02.233772Z celld-2 /cell/h3-394 done
2026-09-30T17:39:02.546679Z celld-2 /cell/h3-400 start
2026-09-30T17:39:02.546878Z celld-2 /cell/h3-400 stored
2026-09-30T17:39:02.546915Z celld-2 /cell/h3-400 facet
2026-09-30T17:39:02.597209Z celld-2 /cell/h3-402 start
2026-09-30T17:39:02.597370Z celld-2 /cell/h3-402 stored
2026-09-30T17:39:02.597396Z celld-2 /cell/h3-402 facet
2026-09-30T17:39:02.823234Z celld-2 /cell/h3-395 done
2026-09-30T17:39:03.669004Z celld-2 /cell/h3-404 start
2026-09-30T17:39:03.669144Z celld-2 /cell/h3-404 stored
2026-09-30T17:39:03.669163Z celld-2 /cell/h3-404 facet
2026-09-30T17:39:03.693848Z celld-2 /cell/h3-400 done
2026-09-30T17:39:03.694097Z celld-2 /cell/h3-402 done
2026-09-30T17:39:04.351307Z celld-2 /cell/h3-407 start
2026-09-30T17:39:04.351525Z celld-2 /cell/h3-407 stored
2026-09-30T17:39:04.351545Z celld-2 /cell/h3-407 facet
2026-09-30T17:39:05.134928Z celld-2 /cell/h3-409 start
2026-09-30T17:39:05.135060Z celld-2 /cell/h3-409 stored
2026-09-30T17:39:05.135078Z celld-2 /cell/h3-409 facet
2026-09-30T17:39:05.431363Z celld-2 /cell/h3-404 done
2026-09-30T17:39:05.530792Z celld-2 /cell/h3-407 done
2026-09-30T17:39:06.044386Z celld-2 /cell/h3-409 done
2026-09-30T17:39:07.251543Z celld-2 /cell/h3-421 start
2026-09-30T17:39:07.251694Z celld-2 /cell/h3-421 stored
2026-09-30T17:39:07.251725Z celld-2 /cell/h3-421 facet
2026-09-30T17:39:07.921504Z celld-2 /cell/h3-421 done
2026-09-30T17:39:09.357564Z celld-2 /cell/h3-431 start
2026-09-30T17:39:09.357726Z celld-2 /cell/h3-431 stored
2026-09-30T17:39:09.357758Z celld-2 /cell/h3-431 facet
2026-09-30T17:39:10.294354Z celld-2 /cell/h3-431 done
2026-09-30T17:39:10.558810Z celld-2 /cell/h3-434 start
2026-09-30T17:39:10.558921Z celld-2 /cell/h3-434 stored
2026-09-30T17:39:10.558937Z celld-2 /cell/h3-434 facet
2026-09-30T17:39:10.985708Z celld-2 /cell/h3-434 done
2026-09-30T17:39:11.330794Z celld-2 /cell/h3-436 start
2026-09-30T17:39:11.330932Z celld-2 /cell/h3-436 stored
2026-09-30T17:39:11.330973Z celld-2 /cell/h3-436 facet
2026-09-30T17:39:12.004604Z celld-2 /cell/h3-436 done
2026-09-30T17:39:12.226763Z celld-2 /cell/h3-442 start
2026-09-30T17:39:12.226895Z celld-2 /cell/h3-442 stored
2026-09-30T17:39:12.226916Z celld-2 /cell/h3-442 facet
2026-09-30T17:39:12.846932Z celld-2 /cell/h3-442 done
2026-09-30T17:39:13.744781Z celld-2 /cell/h3-447 start
2026-09-30T17:39:13.744897Z celld-2 /cell/h3-447 stored
2026-09-30T17:39:13.744921Z celld-2 /cell/h3-447 facet
2026-09-30T17:39:14.040525Z celld-2 /cell/h3-448 start
2026-09-30T17:39:14.040693Z celld-2 /cell/h3-448 stored
2026-09-30T17:39:14.040728Z celld-2 /cell/h3-448 facet
2026-09-30T17:39:14.317049Z celld-2 /cell/h3-449 start
2026-09-30T17:39:14.317194Z celld-2 /cell/h3-449 stored
2026-09-30T17:39:14.317212Z celld-2 /cell/h3-449 facet
2026-09-30T17:39:14.998096Z celld-2 /cell/h3-447 done
2026-09-30T17:39:15.666727Z celld-2 /cell/h3-448 done
2026-09-30T17:39:16.062388Z celld-2 /cell/h3-449 done
2026-09-30T17:39:16.539806Z celld-2 /cell/h3-455 start
2026-09-30T17:39:16.539962Z celld-2 /cell/h3-455 stored
2026-09-30T17:39:16.539986Z celld-2 /cell/h3-455 facet
2026-09-30T17:39:17.427498Z celld-2 /cell/h3-455 done
2026-09-30T17:39:19.209500Z celld-2 /cell/h3-460 start
2026-09-30T17:39:19.209630Z celld-2 /cell/h3-460 stored
2026-09-30T17:39:19.209657Z celld-2 /cell/h3-460 facet
2026-09-30T17:39:19.510135Z celld-2 /cell/h3-460 done
2026-09-30T17:39:20.585756Z celld-2 /cell/h3-461 start
2026-09-30T17:39:20.585887Z celld-2 /cell/h3-461 stored
2026-09-30T17:39:20.585913Z celld-2 /cell/h3-461 facet
2026-09-30T17:39:20.820608Z celld-2 /cell/h3-461 done
2026-09-30T17:40:15.954033Z celld-2 /cell/h3-466 start
2026-09-30T17:40:15.954300Z celld-2 /cell/h3-466 stored
2026-09-30T17:40:15.954330Z celld-2 /cell/h3-466 facet
2026-09-30T17:40:15.954364Z celld-2 /cell/h3-466 load
2026-09-30T17:40:15.965060Z celld-2 /cell/h3-466 loaded
2026-09-30T17:40:16.639976Z celld-2 /cell/h3-466 done
2026-09-30T17:40:20.083388Z celld-2 /cell/h3-472 start
2026-09-30T17:40:20.083655Z celld-2 /cell/h3-472 stored
2026-09-30T17:40:20.083741Z celld-2 /cell/h3-472 facet
2026-09-30T17:40:20.508967Z celld-2 /cell/h3-472 done
2026-09-30T17:40:20.701679Z celld-2 /cell/h3-473 start
2026-09-30T17:40:20.701884Z celld-2 /cell/h3-473 stored
2026-09-30T17:40:20.701930Z celld-2 /cell/h3-473 facet
2026-09-30T17:40:21.059590Z celld-2 /cell/h3-473 done
2026-09-30T17:40:21.883172Z celld-2 /cell/h3-475 start
2026-09-30T17:40:21.883431Z celld-2 /cell/h3-475 stored
2026-09-30T17:40:21.883467Z celld-2 /cell/h3-475 facet
2026-09-30T17:40:22.322718Z celld-2 /cell/h3-475 done
2026-09-30T17:40:22.885884Z celld-2 /cell/h3-476 start
2026-09-30T17:40:22.886154Z celld-2 /cell/h3-476 stored
2026-09-30T17:40:22.886204Z celld-2 /cell/h3-476 facet
2026-09-30T17:40:23.291223Z celld-2 /cell/h3-476 done
2026-09-30T17:40:40.847556Z celld-2 /cell/h3-479 start
2026-09-30T17:40:40.847681Z celld-2 /cell/h3-479 stored
2026-09-30T17:40:40.847708Z celld-2 /cell/h3-479 facet
2026-09-30T17:40:41.323116Z celld-2 /cell/h3-479 done
2026-09-30T17:40:52.345793Z celld-2 /cell/h3-487 start
2026-09-30T17:40:52.345991Z celld-2 /cell/h3-487 stored
2026-09-30T17:40:52.346047Z celld-2 /cell/h3-487 facet
2026-09-30T17:40:52.755767Z celld-2 /cell/h3-487 done
2026-09-30T17:40:54.428822Z celld-2 /cell/h3-489 start
2026-09-30T17:40:54.428957Z celld-2 /cell/h3-489 stored
2026-09-30T17:40:54.428996Z celld-2 /cell/h3-489 facet
2026-09-30T17:40:54.754812Z celld-2 /cell/h3-490 start
2026-09-30T17:40:54.754993Z celld-2 /cell/h3-490 stored
2026-09-30T17:40:54.755053Z celld-2 /cell/h3-490 facet
2026-09-30T17:40:55.246923Z celld-2 /cell/h3-489 done
2026-09-30T17:40:55.440217Z celld-2 /cell/h3-490 done
2026-09-30T17:41:14.841989Z celld-2 /cell/h3-502 start
2026-09-30T17:41:14.842266Z celld-2 /cell/h3-502 stored
2026-09-30T17:41:14.842302Z celld-2 /cell/h3-502 facet
2026-09-30T17:41:15.056549Z celld-2 /cell/h3-503 start
2026-09-30T17:41:15.056700Z celld-2 /cell/h3-503 stored
2026-09-30T17:41:15.056753Z celld-2 /cell/h3-503 facet
2026-09-30T17:41:15.689896Z celld-2 /cell/h3-502 done
2026-09-30T17:41:16.035090Z celld-2 /cell/h3-503 done
2026-09-30T17:41:16.542402Z celld-2 /cell/h3-505 start
2026-09-30T17:41:16.542522Z celld-2 /cell/h3-505 stored
2026-09-30T17:41:16.542540Z celld-2 /cell/h3-505 facet
2026-09-30T17:41:17.135448Z celld-2 /cell/h3-507 start
2026-09-30T17:41:17.135551Z celld-2 /cell/h3-507 stored
2026-09-30T17:41:17.135583Z celld-2 /cell/h3-507 facet
2026-09-30T17:41:17.314527Z celld-2 /cell/h3-505 done
2026-09-30T17:41:18.332831Z celld-2 /cell/h3-507 done
2026-09-30T17:41:18.471308Z celld-2 /cell/h3-511 start
2026-09-30T17:41:18.471423Z celld-2 /cell/h3-511 stored
2026-09-30T17:41:18.471443Z celld-2 /cell/h3-511 facet
2026-09-30T17:41:19.076230Z celld-2 /cell/h3-511 done
2026-09-30T17:41:20.374815Z celld-2 /cell/h3-516 start
2026-09-30T17:41:20.375143Z celld-2 /cell/h3-516 stored
2026-09-30T17:41:20.375183Z celld-2 /cell/h3-516 facet
2026-09-30T17:41:20.916775Z celld-2 /cell/h3-516 done
2026-09-30T17:41:21.756375Z celld-2 /cell/h3-520 start
2026-09-30T17:41:21.756517Z celld-2 /cell/h3-520 stored
2026-09-30T17:41:21.756534Z celld-2 /cell/h3-520 facet
2026-09-30T17:41:22.118907Z celld-2 /cell/h3-522 start
2026-09-30T17:41:22.119045Z celld-2 /cell/h3-522 stored
2026-09-30T17:41:22.119067Z celld-2 /cell/h3-522 facet
2026-09-30T17:41:23.056343Z celld-2 /cell/h3-520 done
2026-09-30T17:41:23.056728Z celld-2 /cell/h3-522 done
2026-09-30T17:41:23.452235Z celld-2 /cell/h3-524 start
2026-09-30T17:41:23.452386Z celld-2 /cell/h3-524 stored
2026-09-30T17:41:23.452417Z celld-2 /cell/h3-524 facet
2026-09-30T17:41:24.259428Z celld-2 /cell/h3-525 start
2026-09-30T17:41:24.259542Z celld-2 /cell/h3-525 stored
2026-09-30T17:41:24.259560Z celld-2 /cell/h3-525 facet
2026-09-30T17:41:24.488368Z celld-2 /cell/h3-524 done
2026-09-30T17:41:24.925212Z celld-2 /cell/h3-525 done
2026-09-30T17:41:25.346269Z celld-2 /cell/h3-528 start
2026-09-30T17:41:25.346421Z celld-2 /cell/h3-528 stored
2026-09-30T17:41:25.346446Z celld-2 /cell/h3-528 facet
2026-09-30T17:41:25.985339Z celld-2 /cell/h3-529 start
2026-09-30T17:41:25.985470Z celld-2 /cell/h3-529 stored
2026-09-30T17:41:25.985493Z celld-2 /cell/h3-529 facet
2026-09-30T17:41:26.177796Z celld-2 /cell/h3-528 done
2026-09-30T17:41:26.882091Z celld-2 /cell/h3-529 done
2026-09-30T17:41:27.075677Z celld-2 /cell/h3-531 start
2026-09-30T17:41:27.075847Z celld-2 /cell/h3-531 stored
2026-09-30T17:41:27.075870Z celld-2 /cell/h3-531 facet
2026-09-30T17:41:27.624979Z celld-2 /cell/h3-531 done
2026-09-30T17:41:28.000181Z celld-2 /cell/h3-533 start
2026-09-30T17:41:28.000377Z celld-2 /cell/h3-533 stored
2026-09-30T17:41:28.000420Z celld-2 /cell/h3-533 facet
2026-09-30T17:41:28.345630Z celld-2 /cell/h3-533 done
2026-09-30T17:41:29.767718Z celld-2 /cell/h3-536 start
2026-09-30T17:41:29.767863Z celld-2 /cell/h3-536 stored
2026-09-30T17:41:29.767898Z celld-2 /cell/h3-536 facet
2026-09-30T17:41:30.203322Z celld-2 /cell/h3-536 done
2026-09-30T17:41:33.935034Z celld-2 /cell/h3-540 start
2026-09-30T17:41:33.935183Z celld-2 /cell/h3-540 stored
2026-09-30T17:41:33.935210Z celld-2 /cell/h3-540 facet
2026-09-30T17:41:34.239194Z celld-2 /cell/h3-540 done
2026-09-30T17:41:37.561820Z celld-2 /cell/h3-544 start
2026-09-30T17:41:37.561952Z celld-2 /cell/h3-544 stored
2026-09-30T17:41:37.561977Z celld-2 /cell/h3-544 facet
2026-09-30T17:41:37.953291Z celld-2 /cell/h3-544 done
2026-09-30T17:41:39.600336Z celld-2 /cell/h3-546 start
2026-09-30T17:41:39.600455Z celld-2 /cell/h3-546 stored
2026-09-30T17:41:39.600472Z celld-2 /cell/h3-546 facet
2026-09-30T17:41:39.972575Z celld-2 /cell/h3-546 done
2026-09-30T17:41:40.598289Z celld-2 /cell/h3-547 start
2026-09-30T17:41:40.598469Z celld-2 /cell/h3-547 stored
2026-09-30T17:41:40.598524Z celld-2 /cell/h3-547 facet
2026-09-30T17:41:41.004993Z celld-2 /cell/h3-547 done
2026-09-30T17:42:09.490792Z celld-2 /cell/h3-550 start
2026-09-30T17:42:09.491026Z celld-2 /cell/h3-550 stored
2026-09-30T17:42:09.491048Z celld-2 /cell/h3-550 facet
2026-09-30T17:42:09.934003Z celld-2 /cell/h3-550 done
2026-09-30T17:42:12.526512Z celld-2 /cell/h3-555 start
2026-09-30T17:42:12.526656Z celld-2 /cell/h3-555 stored
2026-09-30T17:42:12.526675Z celld-2 /cell/h3-555 facet
2026-09-30T17:42:12.882508Z celld-2 /cell/h3-555 done
2026-09-30T17:42:13.615884Z celld-2 /cell/h3-556 start
2026-09-30T17:42:13.616498Z celld-2 /cell/h3-556 stored
2026-09-30T17:42:13.616523Z celld-2 /cell/h3-556 facet
2026-09-30T17:42:14.107977Z celld-2 /cell/h3-556 done
2026-09-30T17:42:16.336174Z celld-2 /cell/h3-559 start
2026-09-30T17:42:16.336284Z celld-2 /cell/h3-559 stored
2026-09-30T17:42:16.336304Z celld-2 /cell/h3-559 facet
2026-09-30T17:42:16.755082Z celld-2 /cell/h3-559 done
2026-09-30T17:42:17.357187Z celld-2 /cell/h3-561 start
2026-09-30T17:42:17.357318Z celld-2 /cell/h3-561 stored
2026-09-30T17:42:17.357338Z celld-2 /cell/h3-561 facet
2026-09-30T17:42:17.593387Z celld-2 /cell/h3-561 done
2026-09-30T17:42:18.118920Z celld-2 /cell/h3-563 start
2026-09-30T17:42:18.119052Z celld-2 /cell/h3-563 stored
2026-09-30T17:42:18.119070Z celld-2 /cell/h3-563 facet
2026-09-30T17:42:18.521391Z celld-2 /cell/h3-563 done
2026-09-30T17:42:19.884154Z celld-2 /cell/h3-565 start
2026-09-30T17:42:19.884287Z celld-2 /cell/h3-565 stored
2026-09-30T17:42:19.884299Z celld-2 /cell/h3-565 facet
2026-09-30T17:42:20.279249Z celld-2 /cell/h3-565 done
2026-09-30T17:42:20.990190Z celld-2 /cell/h3-567 start
2026-09-30T17:42:20.990300Z celld-2 /cell/h3-567 stored
2026-09-30T17:42:20.990317Z celld-2 /cell/h3-567 facet
2026-09-30T17:42:21.575238Z celld-2 /cell/h3-568 start
2026-09-30T17:42:21.575354Z celld-2 /cell/h3-568 stored
2026-09-30T17:42:21.575377Z celld-2 /cell/h3-568 facet
2026-09-30T17:42:21.702499Z celld-2 /cell/h3-567 done
2026-09-30T17:42:22.036392Z celld-2 /cell/h3-568 done
2026-09-30T17:42:25.480534Z celld-2 /cell/h3-576 start
2026-09-30T17:42:25.480725Z celld-2 /cell/h3-576 stored
2026-09-30T17:42:25.480746Z celld-2 /cell/h3-576 facet
2026-09-30T17:42:25.757733Z celld-2 /cell/h3-576 done
2026-09-30T17:42:45.594577Z celld-2 /cell/h3-584 start
2026-09-30T17:42:45.594679Z celld-2 /cell/h3-584 stored
2026-09-30T17:42:45.594696Z celld-2 /cell/h3-584 facet
2026-09-30T17:42:45.854377Z celld-2 /cell/h3-584 done
2026-09-30T17:42:46.339689Z celld-2 /cell/h3-585 start
2026-09-30T17:42:46.339813Z celld-2 /cell/h3-585 stored
2026-09-30T17:42:46.339833Z celld-2 /cell/h3-585 facet
2026-09-30T17:42:46.617298Z celld-2 /cell/h3-585 done
2026-09-30T17:42:48.287208Z celld-2 /cell/h3-588 start
2026-09-30T17:42:48.287334Z celld-2 /cell/h3-588 stored
2026-09-30T17:42:48.287355Z celld-2 /cell/h3-588 facet
2026-09-30T17:42:48.654563Z celld-2 /cell/h3-588 done
2026-09-30T17:43:16.240171Z celld-2 /cell/h3-603 start
2026-09-30T17:43:16.240299Z celld-2 /cell/h3-603 stored
2026-09-30T17:43:16.240319Z celld-2 /cell/h3-603 facet
2026-09-30T17:43:16.567087Z celld-2 /cell/h3-603 done
2026-09-30T17:43:18.026009Z celld-2 /cell/h3-605 start
2026-09-30T17:43:18.026183Z celld-2 /cell/h3-605 stored
2026-09-30T17:43:18.026217Z celld-2 /cell/h3-605 facet
2026-09-30T17:43:18.466577Z celld-2 /cell/h3-605 done
2026-09-30T17:43:19.189607Z celld-2 /cell/h3-606 start
2026-09-30T17:43:19.189738Z celld-2 /cell/h3-606 stored
2026-09-30T17:43:19.189763Z celld-2 /cell/h3-606 facet
2026-09-30T17:43:19.696022Z celld-2 /cell/h3-606 done
2026-09-30T17:43:20.609927Z celld-2 /cell/h3-608 start
2026-09-30T17:43:20.610161Z celld-2 /cell/h3-608 stored
2026-09-30T17:43:20.610192Z celld-2 /cell/h3-608 facet
2026-09-30T17:43:21.152022Z celld-2 /cell/h3-608 done
2026-09-30T17:43:23.064893Z celld-2 /cell/h3-612 start
2026-09-30T17:43:23.065138Z celld-2 /cell/h3-612 stored
2026-09-30T17:43:23.065162Z celld-2 /cell/h3-612 facet
2026-09-30T17:43:23.306538Z celld-2 /cell/h3-612 done
2026-09-30T17:43:29.670998Z celld-2 /cell/h3-617 start
2026-09-30T17:43:29.671149Z celld-2 /cell/h3-617 stored
2026-09-30T17:43:29.671187Z celld-2 /cell/h3-617 facet
2026-09-30T17:43:29.971821Z celld-2 /cell/h3-617 done
2026-09-30T17:43:34.998574Z celld-2 /cell/h3-622 start
2026-09-30T17:43:34.998684Z celld-2 /cell/h3-622 stored
2026-09-30T17:43:34.998701Z celld-2 /cell/h3-622 facet
2026-09-30T17:43:35.294207Z celld-2 /cell/h3-622 done
2026-09-30T17:43:35.930288Z celld-2 /cell/h3-623 start
2026-09-30T17:43:35.930414Z celld-2 /cell/h3-623 stored
2026-09-30T17:43:35.930431Z celld-2 /cell/h3-623 facet
2026-09-30T17:43:36.421005Z celld-2 /cell/h3-623 done
2026-09-30T17:43:36.954925Z celld-2 /cell/h3-624 start
2026-09-30T17:43:36.955046Z celld-2 /cell/h3-624 stored
2026-09-30T17:43:36.955065Z celld-2 /cell/h3-624 facet
2026-09-30T17:43:37.306456Z celld-2 /cell/h3-624 done
2026-09-30T17:43:37.807542Z celld-2 /cell/h3-625 start
2026-09-30T17:43:37.807659Z celld-2 /cell/h3-625 stored
2026-09-30T17:43:37.807682Z celld-2 /cell/h3-625 facet
2026-09-30T17:43:38.149225Z celld-2 /cell/h3-625 done
2026-09-30T17:43:44.110752Z celld-2 /cell/h3-630 start
2026-09-30T17:43:44.110885Z celld-2 /cell/h3-630 stored
2026-09-30T17:43:44.110904Z celld-2 /cell/h3-630 facet
2026-09-30T17:43:44.469331Z celld-2 /cell/h3-630 done
2026-09-30T17:44:10.645743Z celld-2 /cell/h3-633 start
2026-09-30T17:44:10.645869Z celld-2 /cell/h3-633 stored
2026-09-30T17:44:10.645886Z celld-2 /cell/h3-633 facet
2026-09-30T17:44:10.998527Z celld-2 /cell/h3-633 done
2026-09-30T17:44:13.536895Z celld-2 /cell/h3-635 start
2026-09-30T17:44:13.537035Z celld-2 /cell/h3-635 stored
2026-09-30T17:44:13.537053Z celld-2 /cell/h3-635 facet
2026-09-30T17:44:13.932782Z celld-2 /cell/h3-635 done
2026-09-30T17:44:15.300201Z celld-2 /cell/h3-638 start
2026-09-30T17:44:15.300337Z celld-2 /cell/h3-638 stored
2026-09-30T17:44:15.300354Z celld-2 /cell/h3-638 facet
2026-09-30T17:44:15.592876Z celld-2 /cell/h3-638 done
2026-09-30T17:44:24.097023Z celld-2 /cell/h3-644 start
2026-09-30T17:44:24.097149Z celld-2 /cell/h3-644 stored
2026-09-30T17:44:24.097170Z celld-2 /cell/h3-644 facet
2026-09-30T17:44:24.458095Z celld-2 /cell/h3-644 done
2026-09-30T17:44:25.115908Z celld-2 /cell/h3-645 start
2026-09-30T17:44:25.116076Z celld-2 /cell/h3-645 stored
2026-09-30T17:44:25.116107Z celld-2 /cell/h3-645 facet
2026-09-30T17:44:25.499699Z celld-2 /cell/h3-645 done
2026-09-30T17:44:28.836373Z celld-2 /cell/h3-647 start
2026-09-30T17:44:28.836475Z celld-2 /cell/h3-647 stored
2026-09-30T17:44:28.836491Z celld-2 /cell/h3-647 facet
2026-09-30T17:44:29.205364Z celld-2 /cell/h3-647 done
2026-09-30T17:44:29.790425Z celld-2 /cell/h3-648 start
2026-09-30T17:44:29.790544Z celld-2 /cell/h3-648 stored
2026-09-30T17:44:29.790562Z celld-2 /cell/h3-648 facet
2026-09-30T17:44:30.145720Z celld-2 /cell/h3-648 done
2026-09-30T17:44:42.956249Z celld-2 /cell/h3-650 start
2026-09-30T17:44:42.956395Z celld-2 /cell/h3-650 stored
2026-09-30T17:44:42.956423Z celld-2 /cell/h3-650 facet
2026-09-30T17:44:43.205543Z celld-2 /cell/h3-650 done
2026-09-30T17:44:43.831892Z celld-2 /cell/h3-651 start
2026-09-30T17:44:43.832100Z celld-2 /cell/h3-651 stored
2026-09-30T17:44:43.832138Z celld-2 /cell/h3-651 facet
2026-09-30T17:44:44.157015Z celld-2 /cell/h3-651 done
2026-09-30T17:44:51.010372Z celld-2 /cell/h3-656 start
2026-09-30T17:44:51.010528Z celld-2 /cell/h3-656 stored
2026-09-30T17:44:51.010568Z celld-2 /cell/h3-656 facet
2026-09-30T17:44:51.250052Z celld-2 /cell/h3-656 done
2026-09-30T17:44:51.767234Z celld-2 /cell/h3-657 start
2026-09-30T17:44:51.767429Z celld-2 /cell/h3-657 stored
2026-09-30T17:44:51.767464Z celld-2 /cell/h3-657 facet
2026-09-30T17:44:52.016289Z celld-2 /cell/h3-657 done
2026-09-30T17:44:54.626725Z celld-2 /cell/h3-660 start
2026-09-30T17:44:54.626908Z celld-2 /cell/h3-660 stored
2026-09-30T17:44:54.626958Z celld-2 /cell/h3-660 facet
2026-09-30T17:44:55.061915Z celld-2 /cell/h3-660 done
2026-09-30T17:45:00.460447Z celld-2 /cell/h3-663 start
2026-09-30T17:45:00.460719Z celld-2 /cell/h3-663 stored
2026-09-30T17:45:00.460759Z celld-2 /cell/h3-663 facet
2026-09-30T17:45:00.860214Z celld-2 /cell/h3-663 done
2026-09-30T17:45:18.134929Z celld-2 /cell/h3-667 start
2026-09-30T17:45:18.135092Z celld-2 /cell/h3-667 stored
2026-09-30T17:45:18.135115Z celld-2 /cell/h3-667 facet
2026-09-30T17:45:18.561853Z celld-2 /cell/h3-667 done
2026-09-30T17:45:19.184800Z celld-2 /cell/h3-668 start
2026-09-30T17:45:19.184989Z celld-2 /cell/h3-668 stored
2026-09-30T17:45:19.185037Z celld-2 /cell/h3-668 facet
2026-09-30T17:45:19.571020Z celld-2 /cell/h3-668 done
2026-09-30T17:45:21.934597Z celld-2 /cell/h3-672 start
2026-09-30T17:45:21.934748Z celld-2 /cell/h3-672 stored
2026-09-30T17:45:21.934781Z celld-2 /cell/h3-672 facet
2026-09-30T17:45:22.639280Z celld-2 /cell/h3-672 done
2026-09-30T17:45:24.024341Z celld-2 /cell/h3-675 start
2026-09-30T17:45:24.024515Z celld-2 /cell/h3-675 stored
2026-09-30T17:45:24.024547Z celld-2 /cell/h3-675 facet
2026-09-30T17:45:24.467899Z celld-2 /cell/h3-675 done
2026-09-30T17:45:26.891644Z celld-2 /cell/h3-678 start
2026-09-30T17:45:26.891754Z celld-2 /cell/h3-678 stored
2026-09-30T17:45:26.891771Z celld-2 /cell/h3-678 facet
2026-09-30T17:45:27.289902Z celld-2 /cell/h3-678 done
2026-09-30T17:45:30.362864Z celld-2 /cell/h3-681 start
2026-09-30T17:45:30.363024Z celld-2 /cell/h3-681 stored
2026-09-30T17:45:30.363054Z celld-2 /cell/h3-681 facet
2026-09-30T17:45:30.597583Z celld-2 /cell/h3-681 done
2026-09-30T17:45:40.544054Z celld-2 /cell/h3-683 start
2026-09-30T17:45:40.544170Z celld-2 /cell/h3-683 stored
2026-09-30T17:45:40.544186Z celld-2 /cell/h3-683 facet
2026-09-30T17:45:40.979742Z celld-2 /cell/h3-683 done
2026-09-30T17:46:18.013499Z celld-2 /cell/h3-689 start
2026-09-30T17:46:18.013639Z celld-2 /cell/h3-689 stored
2026-09-30T17:46:18.013667Z celld-2 /cell/h3-689 facet
2026-09-30T17:46:18.465498Z celld-2 /cell/h3-689 done
2026-09-30T17:46:18.960876Z celld-2 /cell/h3-691 start
2026-09-30T17:46:18.961029Z celld-2 /cell/h3-691 stored
2026-09-30T17:46:18.961063Z celld-2 /cell/h3-691 facet
2026-09-30T17:46:19.415013Z celld-2 /cell/h3-691 done
2026-09-30T17:46:20.041796Z celld-2 /cell/h3-692 start
2026-09-30T17:46:20.041992Z celld-2 /cell/h3-692 stored
2026-09-30T17:46:20.042032Z celld-2 /cell/h3-692 facet
2026-09-30T17:46:20.475569Z celld-2 /cell/h3-692 done
2026-09-30T17:46:21.075426Z celld-2 /cell/h3-694 start
2026-09-30T17:46:21.075538Z celld-2 /cell/h3-694 stored
2026-09-30T17:46:21.075550Z celld-2 /cell/h3-694 facet
2026-09-30T17:46:21.596618Z celld-2 /cell/h3-694 done
2026-09-30T17:46:22.552439Z celld-2 /cell/h3-697 start
2026-09-30T17:46:22.552610Z celld-2 /cell/h3-697 stored
2026-09-30T17:46:22.552649Z celld-2 /cell/h3-697 facet
2026-09-30T17:46:22.890825Z celld-2 /cell/h3-697 done
2026-09-30T17:46:24.730409Z celld-2 /cell/h3-702 start
2026-09-30T17:46:24.730595Z celld-2 /cell/h3-702 stored
2026-09-30T17:46:24.730632Z celld-2 /cell/h3-702 facet
2026-09-30T17:46:25.286509Z celld-2 /cell/h3-702 done
2026-09-30T17:46:25.998820Z celld-2 /cell/h3-704 start
2026-09-30T17:46:25.998957Z celld-2 /cell/h3-704 stored
2026-09-30T17:46:25.998976Z celld-2 /cell/h3-704 facet
2026-09-30T17:46:26.267293Z celld-2 /cell/h3-704 done
2026-09-30T17:46:30.739438Z celld-2 /cell/h3-706 start
2026-09-30T17:46:30.739563Z celld-2 /cell/h3-706 stored
2026-09-30T17:46:30.739576Z celld-2 /cell/h3-706 facet
2026-09-30T17:46:31.039497Z celld-2 /cell/h3-706 done
2026-09-30T17:46:31.707150Z celld-2 /cell/h3-707 start
2026-09-30T17:46:31.707258Z celld-2 /cell/h3-707 stored
2026-09-30T17:46:31.707278Z celld-2 /cell/h3-707 facet
2026-09-30T17:46:32.067436Z celld-2 /cell/h3-707 done
2026-09-30T17:46:44.698893Z celld-2 /cell/h3-709 start
2026-09-30T17:46:44.699030Z celld-2 /cell/h3-709 stored
2026-09-30T17:46:44.699050Z celld-2 /cell/h3-709 facet
2026-09-30T17:46:45.056666Z celld-2 /cell/h3-709 done
2026-09-30T17:46:45.680058Z celld-2 /cell/h3-710 start
2026-09-30T17:46:45.680187Z celld-2 /cell/h3-710 stored
2026-09-30T17:46:45.680208Z celld-2 /cell/h3-710 facet
2026-09-30T17:46:46.103375Z celld-2 /cell/h3-710 done
2026-09-30T17:46:47.553398Z celld-2 /cell/h3-713 start
2026-09-30T17:46:47.553513Z celld-2 /cell/h3-713 stored
2026-09-30T17:46:47.553530Z celld-2 /cell/h3-713 facet
2026-09-30T17:46:47.971215Z celld-2 /cell/h3-713 done
2026-09-30T17:46:48.756666Z celld-2 /cell/h3-715 start
2026-09-30T17:46:48.756789Z celld-2 /cell/h3-715 stored
2026-09-30T17:46:48.756810Z celld-2 /cell/h3-715 facet
2026-09-30T17:46:49.353129Z celld-2 /cell/h3-715 done
2026-09-30T17:46:50.475820Z celld-2 /cell/h3-717 start
2026-09-30T17:46:50.475975Z celld-2 /cell/h3-717 stored
2026-09-30T17:46:50.475998Z celld-2 /cell/h3-717 facet
2026-09-30T17:46:51.409408Z celld-2 /cell/h3-719 start
2026-09-30T17:46:51.409618Z celld-2 /cell/h3-719 stored
2026-09-30T17:46:51.409643Z celld-2 /cell/h3-719 facet
2026-09-30T17:46:51.654828Z celld-2 /cell/h3-717 done
2026-09-30T17:46:52.263160Z celld-2 /cell/h3-720 start
2026-09-30T17:46:52.263306Z celld-2 /cell/h3-720 stored
2026-09-30T17:46:52.263350Z celld-2 /cell/h3-720 facet
2026-09-30T17:46:52.456271Z celld-2 /cell/h3-719 done
2026-09-30T17:46:53.045197Z celld-2 /cell/h3-720 done
2026-09-30T17:46:56.973467Z celld-2 /cell/h3-728 start
2026-09-30T17:46:56.973669Z celld-2 /cell/h3-728 stored
2026-09-30T17:46:56.973758Z celld-2 /cell/h3-728 facet
2026-09-30T17:46:57.258009Z celld-2 /cell/h3-728 done
2026-09-30T17:46:58.815975Z celld-2 /cell/h3-731 start
2026-09-30T17:46:58.816111Z celld-2 /cell/h3-731 stored
2026-09-30T17:46:58.816124Z celld-2 /cell/h3-731 facet
2026-09-30T17:46:59.175734Z celld-2 /cell/h3-731 done
2026-09-30T17:47:14.041368Z celld-2 /cell/h3-738 start
2026-09-30T17:47:14.041495Z celld-2 /cell/h3-738 stored
2026-09-30T17:47:14.041512Z celld-2 /cell/h3-738 facet
2026-09-30T17:47:14.410734Z celld-2 /cell/h3-738 done
2026-09-30T17:47:15.044262Z celld-2 /cell/h3-739 start
2026-09-30T17:47:15.044388Z celld-2 /cell/h3-739 stored
2026-09-30T17:47:15.044406Z celld-2 /cell/h3-739 facet
2026-09-30T17:47:15.482409Z celld-2 /cell/h3-739 done
2026-09-30T17:47:22.523247Z celld-2 /cell/h3-744 start
2026-09-30T17:47:22.523358Z celld-2 /cell/h3-744 stored
2026-09-30T17:47:22.523378Z celld-2 /cell/h3-744 facet
2026-09-30T17:47:22.808020Z celld-2 /cell/h3-744 done
2026-09-30T17:47:24.246375Z celld-2 /cell/h3-749 start
2026-09-30T17:47:24.246555Z celld-2 /cell/h3-749 stored
2026-09-30T17:47:24.246589Z celld-2 /cell/h3-749 facet
2026-09-30T17:47:24.824709Z celld-2 /cell/h3-749 done
2026-09-30T17:47:25.202355Z celld-2 /cell/h3-750 start
2026-09-30T17:47:25.202559Z celld-2 /cell/h3-750 stored
2026-09-30T17:47:25.202599Z celld-2 /cell/h3-750 facet
2026-09-30T17:47:25.702362Z celld-2 /cell/h3-750 done
2026-09-30T17:47:30.469780Z celld-2 /cell/h3-755 start
2026-09-30T17:47:30.469916Z celld-2 /cell/h3-755 stored
2026-09-30T17:47:30.469940Z celld-2 /cell/h3-755 facet
2026-09-30T17:47:30.777266Z celld-2 /cell/h3-755 done
2026-09-30T17:47:31.097184Z celld-2 /cell/h3-756 start
2026-09-30T17:47:31.097318Z celld-2 /cell/h3-756 stored
2026-09-30T17:47:31.097335Z celld-2 /cell/h3-756 facet
2026-09-30T17:47:31.661760Z celld-2 /cell/h3-756 done
2026-09-30T17:47:34.035983Z celld-2 /cell/h3-760 start
2026-09-30T17:47:34.036167Z celld-2 /cell/h3-760 stored
2026-09-30T17:47:34.036204Z celld-2 /cell/h3-760 facet
2026-09-30T17:47:34.475087Z celld-2 /cell/h3-760 done
2026-09-30T17:48:11.510081Z celld-2 /cell/h3-766 start
2026-09-30T17:48:11.510193Z celld-2 /cell/h3-766 stored
2026-09-30T17:48:11.510207Z celld-2 /cell/h3-766 facet
2026-09-30T17:48:11.752205Z celld-2 /cell/h3-766 done
2026-09-30T17:48:12.675761Z celld-2 /cell/h3-767 start
2026-09-30T17:48:12.675901Z celld-2 /cell/h3-767 stored
2026-09-30T17:48:12.675928Z celld-2 /cell/h3-767 facet
2026-09-30T17:48:13.061788Z celld-2 /cell/h3-767 done
2026-09-30T17:48:14.462493Z celld-2 /cell/h3-769 start
2026-09-30T17:48:14.462624Z celld-2 /cell/h3-769 stored
2026-09-30T17:48:14.462641Z celld-2 /cell/h3-769 facet
2026-09-30T17:48:14.826349Z celld-2 /cell/h3-769 done
2026-09-30T17:48:24.196901Z celld-2 /cell/h3-774 start
2026-09-30T17:48:24.197046Z celld-2 /cell/h3-774 stored
2026-09-30T17:48:24.197081Z celld-2 /cell/h3-774 facet
2026-09-30T17:48:24.476263Z celld-2 /cell/h3-774 done
2026-09-30T17:48:25.122625Z celld-2 /cell/h3-776 start
2026-09-30T17:48:25.122808Z celld-2 /cell/h3-776 stored
2026-09-30T17:48:25.122849Z celld-2 /cell/h3-776 facet
2026-09-30T17:48:25.483798Z celld-2 /cell/h3-776 done
2026-09-30T17:48:27.200142Z celld-2 /cell/h3-781 start
2026-09-30T17:48:27.200329Z celld-2 /cell/h3-781 stored
2026-09-30T17:48:27.200369Z celld-2 /cell/h3-781 facet
2026-09-30T17:48:27.629802Z celld-2 /cell/h3-781 done
2026-09-30T17:48:32.716784Z celld-2 /cell/h3-783 start
2026-09-30T17:48:32.716913Z celld-2 /cell/h3-783 stored
2026-09-30T17:48:32.716957Z celld-2 /cell/h3-783 facet
2026-09-30T17:48:33.274958Z celld-2 /cell/h3-783 done
2026-09-30T17:48:51.281431Z celld-2 /cell/h3-786 start
2026-09-30T17:48:51.281544Z celld-2 /cell/h3-786 stored
2026-09-30T17:48:51.281564Z celld-2 /cell/h3-786 facet
2026-09-30T17:48:51.578894Z celld-2 /cell/h3-786 done
2026-09-30T17:48:52.325540Z celld-2 /cell/h3-788 start
2026-09-30T17:48:52.325671Z celld-2 /cell/h3-788 stored
2026-09-30T17:48:52.325696Z celld-2 /cell/h3-788 facet
2026-09-30T17:48:52.651502Z celld-2 /cell/h3-788 done
2026-09-30T17:49:01.573673Z celld-2 /cell/h3-794 start
2026-09-30T17:49:01.573787Z celld-2 /cell/h3-794 stored
2026-09-30T17:49:01.573805Z celld-2 /cell/h3-794 facet
2026-09-30T17:49:01.917192Z celld-2 /cell/h3-794 done
2026-09-30T17:49:02.493932Z celld-2 /cell/h3-795 start
2026-09-30T17:49:02.494140Z celld-2 /cell/h3-795 stored
2026-09-30T17:49:02.494234Z celld-2 /cell/h3-795 facet
2026-09-30T17:49:02.941571Z celld-2 /cell/h3-795 done
2026-09-30T17:49:03.935679Z celld-2 /cell/h3-797 start
2026-09-30T17:49:03.935824Z celld-2 /cell/h3-797 stored
2026-09-30T17:49:03.935867Z celld-2 /cell/h3-797 facet
2026-09-30T17:49:04.245235Z celld-2 /cell/h3-797 done
2026-09-30T17:49:04.786621Z celld-2 /cell/h3-799 start
2026-09-30T17:49:04.786785Z celld-2 /cell/h3-799 stored
2026-09-30T17:49:04.786811Z celld-2 /cell/h3-799 facet
2026-09-30T17:49:05.122818Z celld-2 /cell/h3-799 done
2026-09-30T17:49:05.908946Z celld-2 /cell/h3-801 start
2026-09-30T17:49:05.909056Z celld-2 /cell/h3-801 stored
2026-09-30T17:49:05.909070Z celld-2 /cell/h3-801 facet
2026-09-30T17:49:06.170397Z celld-2 /cell/h3-801 done
2026-09-30T17:49:06.776878Z celld-2 /cell/h3-802 start
2026-09-30T17:49:06.777043Z celld-2 /cell/h3-802 stored
2026-09-30T17:49:06.777089Z celld-2 /cell/h3-802 facet
2026-09-30T17:49:07.264380Z celld-2 /cell/h3-802 done
2026-09-30T17:49:09.652055Z celld-2 /cell/h3-805 start
2026-09-30T17:49:09.652696Z celld-2 /cell/h3-805 stored
2026-09-30T17:49:09.652723Z celld-2 /cell/h3-805 facet
2026-09-30T17:49:09.944940Z celld-2 /cell/h3-805 done
2026-09-30T17:49:25.602863Z celld-2 /cell/h3-815 start
2026-09-30T17:49:25.603021Z celld-2 /cell/h3-815 stored
2026-09-30T17:49:25.603076Z celld-2 /cell/h3-815 facet
2026-09-30T17:49:25.987885Z celld-2 /cell/h3-815 done
2026-09-30T17:49:26.599451Z celld-2 /cell/h3-817 start
2026-09-30T17:49:26.599571Z celld-2 /cell/h3-817 stored
2026-09-30T17:49:26.599589Z celld-2 /cell/h3-817 facet
2026-09-30T17:49:26.865695Z celld-2 /cell/h3-817 done
2026-09-30T17:49:27.111929Z celld-2 /cell/h3-818 start
2026-09-30T17:49:27.112101Z celld-2 /cell/h3-818 stored
2026-09-30T17:49:27.112140Z celld-2 /cell/h3-818 facet
2026-09-30T17:49:27.568415Z celld-2 /cell/h3-818 done
2026-09-30T17:49:27.785595Z celld-2 /cell/h3-819 start
2026-09-30T17:49:27.785743Z celld-2 /cell/h3-819 stored
2026-09-30T17:49:27.785780Z celld-2 /cell/h3-819 facet
2026-09-30T17:49:28.111595Z celld-2 /cell/h3-819 done
2026-09-30T17:49:29.078761Z celld-2 /cell/h3-822 start
2026-09-30T17:49:29.078923Z celld-2 /cell/h3-822 stored
2026-09-30T17:49:29.078986Z celld-2 /cell/h3-822 facet
2026-09-30T17:49:29.658233Z celld-2 /cell/h3-822 done
2026-09-30T17:49:30.257617Z celld-2 /cell/h3-823 start
2026-09-30T17:49:30.257769Z celld-2 /cell/h3-823 stored
2026-09-30T17:49:30.257799Z celld-2 /cell/h3-823 facet
2026-09-30T17:49:30.519902Z celld-2 /cell/h3-823 done
2026-09-30T17:49:32.715880Z celld-2 /cell/h3-827 start
2026-09-30T17:49:32.716018Z celld-2 /cell/h3-827 stored
2026-09-30T17:49:32.716047Z celld-2 /cell/h3-827 facet
2026-09-30T17:49:33.272251Z celld-2 /cell/h3-827 done
2026-09-30T17:49:33.884291Z celld-2 /cell/h3-828 start
2026-09-30T17:49:33.884397Z celld-2 /cell/h3-828 stored
2026-09-30T17:49:33.884411Z celld-2 /cell/h3-828 facet
2026-09-30T17:49:34.069380Z celld-2 /cell/h3-828 done
2026-09-30T17:49:37.819850Z celld-2 /cell/h3-832 start
2026-09-30T17:49:37.819965Z celld-2 /cell/h3-832 stored
2026-09-30T17:49:37.819980Z celld-2 /cell/h3-832 facet
2026-09-30T17:49:38.041524Z celld-2 /cell/h3-832 done
2026-09-30T17:49:42.769083Z celld-2 /cell/h3-834 start
2026-09-30T17:49:42.769236Z celld-2 /cell/h3-834 stored
2026-09-30T17:49:42.769263Z celld-2 /cell/h3-834 facet
2026-09-30T17:49:43.108163Z celld-2 /cell/h3-834 done
2026-09-30T17:50:16.682611Z celld-2 /cell/h3-840 start
2026-09-30T17:50:16.682751Z celld-2 /cell/h3-840 stored
2026-09-30T17:50:16.682773Z celld-2 /cell/h3-840 facet
2026-09-30T17:50:16.976120Z celld-2 /cell/h3-840 done
2026-09-30T17:50:17.612134Z celld-2 /cell/h3-842 start
2026-09-30T17:50:17.612296Z celld-2 /cell/h3-842 stored
2026-09-30T17:50:17.612328Z celld-2 /cell/h3-842 facet
2026-09-30T17:50:18.011361Z celld-2 /cell/h3-842 done
2026-09-30T17:50:20.914925Z celld-2 /cell/h3-846 start
2026-09-30T17:50:20.915054Z celld-2 /cell/h3-846 stored
2026-09-30T17:50:20.915067Z celld-2 /cell/h3-846 facet
2026-09-30T17:50:21.224124Z celld-2 /cell/h3-846 done
2026-09-30T17:50:25.702076Z celld-2 /cell/h3-850 start
2026-09-30T17:50:25.702422Z celld-2 /cell/h3-850 stored
2026-09-30T17:50:25.702457Z celld-2 /cell/h3-850 facet
2026-09-30T17:50:26.067400Z celld-2 /cell/h3-850 done
2026-09-30T17:50:26.760764Z celld-2 /cell/h3-851 start
2026-09-30T17:50:26.760911Z celld-2 /cell/h3-851 stored
2026-09-30T17:50:26.760927Z celld-2 /cell/h3-851 facet
2026-09-30T17:50:27.362247Z celld-2 /cell/h3-853 start
2026-09-30T17:50:27.362428Z celld-2 /cell/h3-853 stored
2026-09-30T17:50:27.362455Z celld-2 /cell/h3-853 facet
2026-09-30T17:50:27.581672Z celld-2 /cell/h3-851 done
2026-09-30T17:50:27.921774Z celld-2 /cell/h3-853 done
2026-09-30T17:50:29.137828Z celld-2 /cell/h3-857 start
2026-09-30T17:50:29.138018Z celld-2 /cell/h3-857 stored
2026-09-30T17:50:29.138066Z celld-2 /cell/h3-857 facet
2026-09-30T17:50:29.530084Z celld-2 /cell/h3-857 done
2026-09-30T17:50:30.113482Z celld-2 /cell/h3-858 start
2026-09-30T17:50:30.113617Z celld-2 /cell/h3-858 stored
2026-09-30T17:50:30.113650Z celld-2 /cell/h3-858 facet
2026-09-30T17:50:30.389825Z celld-2 /cell/h3-858 done
2026-09-30T17:50:53.357481Z celld-2 /cell/h3-863 start
2026-09-30T17:50:53.357616Z celld-2 /cell/h3-863 stored
2026-09-30T17:50:53.357638Z celld-2 /cell/h3-863 facet
2026-09-30T17:50:53.577315Z celld-2 /cell/h3-864 start
2026-09-30T17:50:53.577455Z celld-2 /cell/h3-864 stored
2026-09-30T17:50:53.577477Z celld-2 /cell/h3-864 facet
2026-09-30T17:50:53.825562Z celld-2 /cell/h3-863 done
2026-09-30T17:50:54.034581Z celld-2 /cell/h3-864 done
2026-09-30T17:50:56.447412Z celld-2 /cell/h3-868 start
2026-09-30T17:50:56.447573Z celld-2 /cell/h3-868 stored
2026-09-30T17:50:56.447607Z celld-2 /cell/h3-868 facet
2026-09-30T17:50:57.004183Z celld-2 /cell/h3-868 done
2026-09-30T17:51:16.057753Z celld-2 /cell/h3-873 start
2026-09-30T17:51:16.057894Z celld-2 /cell/h3-873 stored
2026-09-30T17:51:16.057936Z celld-2 /cell/h3-873 facet
2026-09-30T17:51:16.483932Z celld-2 /cell/h3-873 done
2026-09-30T17:51:19.994873Z celld-2 /cell/h3-877 start
2026-09-30T17:51:19.995062Z celld-2 /cell/h3-877 stored
2026-09-30T17:51:19.995115Z celld-2 /cell/h3-877 facet
2026-09-30T17:51:20.383404Z celld-2 /cell/h3-877 done
2026-09-30T17:51:21.900974Z celld-2 /cell/h3-879 start
2026-09-30T17:51:21.901121Z celld-2 /cell/h3-879 stored
2026-09-30T17:51:21.901154Z celld-2 /cell/h3-879 facet
2026-09-30T17:51:22.403154Z celld-2 /cell/h3-879 done
2026-09-30T17:51:26.302791Z celld-2 /cell/h3-882 start
2026-09-30T17:51:26.302928Z celld-2 /cell/h3-882 stored
2026-09-30T17:51:26.302966Z celld-2 /cell/h3-882 facet
2026-09-30T17:51:26.747807Z celld-2 /cell/h3-882 done
2026-09-30T17:51:27.337636Z celld-2 /cell/h3-883 start
2026-09-30T17:51:27.337743Z celld-2 /cell/h3-883 stored
2026-09-30T17:51:27.337763Z celld-2 /cell/h3-883 facet
2026-09-30T17:51:27.557052Z celld-2 /cell/h3-883 done
2026-09-30T17:51:50.937489Z celld-2 /cell/h3-895 start
2026-09-30T17:51:50.937593Z celld-2 /cell/h3-895 stored
2026-09-30T17:51:50.937607Z celld-2 /cell/h3-895 facet
2026-09-30T17:51:51.404250Z celld-2 /cell/h3-895 done
2026-09-30T17:51:52.022427Z celld-2 /cell/h3-896 start
2026-09-30T17:51:52.022560Z celld-2 /cell/h3-896 stored
2026-09-30T17:51:52.022571Z celld-2 /cell/h3-896 facet
2026-09-30T17:51:52.273487Z celld-2 /cell/h3-896 done
2026-09-30T17:51:52.841926Z celld-2 /cell/h3-897 start
2026-09-30T17:51:52.842101Z celld-2 /cell/h3-897 stored
2026-09-30T17:51:52.842132Z celld-2 /cell/h3-897 facet
2026-09-30T17:51:53.229026Z celld-2 /cell/h3-897 done
